[{"imdb_id": "nm0474876", "name": "Sanjeev Kumar"}, {"imdb_id": "nm0004429", "name": "Dharmendra"}, {"imdb_id": "nm0000821", "name": "Amitabh Bachchan"}, {"imdb_id": "nm0451166", "name": "Amjad Khan"}, {"imdb_id": "nm0004564", "name": "Hema Malini"}, {"imdb_id": "nm0080149", "name": "Jaya Bachchan"}, {"imdb_id": "nm0359845", "name": "A.K. Hangal"}, {"imdb_id": "nm1566068", "name": "Satyendra Kapoor"}, {"imdb_id": "nm0407002", "name": "Iftekhar"}, {"imdb_id": "nm0592789", "name": "Leela Mishra"}, {"imdb_id": "nm0595909", "name": "Mac Mohan"}, {"imdb_id": "nm0755113", "name": "Sachin"}, {"imdb_id": "nm2147526", "name": "Asrani"}, {"imdb_id": "nm0451864", "name": "Viju Khote"}, {"imdb_id": "nm0025619", "name": "Major Anand"}, {"imdb_id": "nm0081971", "name": "Bihari"}, {"imdb_id": "nm0430786", "name": "Alankar Joshi"}, {"imdb_id": "nm0611537", "name": "Keshto Mukherjee"}, {"imdb_id": "nm0025630", "name": "Vikas Anand"}, {"imdb_id": "nm1311365", "name": "Bhagwan Sinha"}, {"imdb_id": "nm0430787", "name": "Arvind Joshi"}, {"imdb_id": "nm0080227", "name": "Baby Bhanumati"}, {"imdb_id": "nm0580345", "name": "Mushtaq Merchant"}, {"imdb_id": "nm0543715", "name": "Mansaram"}, {"imdb_id": "nm0540990", "name": "Mamaji"}, {"imdb_id": "nm0422070", "name": "Jerry"}, {"imdb_id": "nm0083238", "name": "Birbal"}, {"imdb_id": "nm0457261", "name": "Raj Kishore"}, {"imdb_id": "nm0352256", "name": "Habib"}, {"imdb_id": "nm0438495", "name": "Rajan Kapoor"}, {"imdb_id": "nm0201708", "name": "Darshan"}, {"imdb_id": "nm0560885", "name": "Maula"}, {"imdb_id": "nm0113983", "name": "Kedar Brown"}, {"imdb_id": "nm0756483", "name": "Saigal"}, {"imdb_id": "nm0433390", "name": "D. Jyothi"}, {"imdb_id": "nm0707405", "name": "Rajeshwari"}, {"imdb_id": "nm1094279", "name": "Krishna"}, {"imdb_id": "nm0899026", "name": "Vinni"}, {"imdb_id": "nm0320882", "name": "Girija"}, {"imdb_id": "nm9785193", "name": "Surender"}, {"imdb_id": "nm0707402", "name": "Rajesh"}, {"imdb_id": "nm0796496", "name": "Gita Siddharth"}, {"imdb_id": "nm0374974", "name": "Helen"}, {"imdb_id": "nm0415851", "name": "Paidi Jairaj"}, {"imdb_id": "nm0415556", "name": "Jagdeep"}, {"imdb_id": "nm0013026", "name": "Jalal Agha"}, {"imdb_id": "nm0794511", "name": "Om Shivpuri"}, {"imdb_id": "nm0474886", "name": "Sharad Kumar"}, {"imdb_id": "nm0201711", "name": "Harbans Darshan M. Arora"}, {"imdb_id": "nm1341372", "name": "Jullian"}, {"imdb_id": "nm1416287", "name": "Maqsood"}, {"imdb_id": "nm9036653", "name": "Surendra Rahi"}, {"imdb_id": "nm7859068", "name": "Kedarnath Saigal"}]