[{"imdb_id": "nm0451396", "name": "Vinod Khanna"}, {"imdb_id": "nm0438501", "name": "Rishi Kapoor"}, {"imdb_id": "nm0000821", "name": "Amitabh Bachchan"}, {"imdb_id": "nm0000818", "name": "Shabana Azmi"}, {"imdb_id": "nm0802183", "name": "Neetu Singh"}, {"imdb_id": "nm0044916", "name": "Parveen Babi"}, {"imdb_id": "nm0747131", "name": "Nirupa Roy"}, {"imdb_id": "nm0695199", "name": "Pran"}, {"imdb_id": "nm0420092", "name": "Jeevan"}, {"imdb_id": "nm1536774", "name": "Yusuf Khan"}, {"imdb_id": "nm0611617", "name": "Mukri"}, {"imdb_id": "nm0403827", "name": "Nasir Hussain"}, {"imdb_id": "nm0438477", "name": "Kamal Kapoor"}, {"imdb_id": "nm0378760", "name": "Hercules"}, {"imdb_id": "nm0794513", "name": "Shivraj"}, {"imdb_id": "nm0222473", "name": "Pratima Devi"}, {"imdb_id": "nm1425570", "name": "Moolchand"}, {"imdb_id": "nm1125305", "name": "Master Bittoo"}, {"imdb_id": "nm0883926", "name": "Master Ravi"}, {"imdb_id": "nm8872668", "name": "Baby Sabina"}, {"imdb_id": "nm1161126", "name": "Master Tito"}, {"imdb_id": "nm0374974", "name": "Helen"}, {"imdb_id": "nm0618918", "name": "Nadira"}, {"imdb_id": "nm1031046", "name": "Madhumati"}, {"imdb_id": "nm0710211", "name": "Ranjeet"}, {"imdb_id": "nm2992373", "name": "Gulshan"}, {"imdb_id": "nm1341372", "name": "Jullian"}, {"imdb_id": "nm1416287", "name": "Maqsood"}, {"imdb_id": "nm9036653", "name": "Surendra Rahi"}, {"imdb_id": "nm1677787", "name": "Rana"}, {"imdb_id": "nm7859068", "name": "Kedarnath Saigal"}]