[{"imdb_id": "nm0352032", "name": "Kamal Haasan"}, {"imdb_id": "nm0764853", "name": "Saranya Ponvannan"}, {"imdb_id": "nm0304265", "name": "Delhi Ganesh"}, {"imdb_id": "nm0417301", "name": "Janagaraj"}, {"imdb_id": "nm0440232", "name": "Karthika"}, {"imdb_id": "nm0621937", "name": "Nassar"}, {"imdb_id": "nm0025627", "name": "Tinnu Anand"}, {"imdb_id": "nm0712437", "name": "Nizhalgal Ravi"}, {"imdb_id": "nm1115041", "name": "M.V. Vasudeva Rao"}, {"imdb_id": "nm0787696", "name": "Pradeep Shakti"}]