[{"imdb_id": "nm0004435", "name": "Rajesh Khanna"}, {"imdb_id": "nm0000821", "name": "Amitabh Bachchan"}, {"imdb_id": "nm0764407", "name": "Sumita Sanyal"}, {"imdb_id": "nm0219946", "name": "Ramesh Deo"}, {"imdb_id": "nm0219947", "name": "Seema Deo"}, {"imdb_id": "nm0783996", "name": "Asit Kumar Sen"}, {"imdb_id": "nm0222743", "name": "Dev Kishan"}, {"imdb_id": "nm0695155", "name": "Atam Prakash"}, {"imdb_id": "nm0474931", "name": "Lalita Kumari"}, {"imdb_id": "nm1783998", "name": "Savita"}, {"imdb_id": "nm0080231", "name": "Brahm Bhardwaj"}, {"imdb_id": "nm0348664", "name": "Gurnam Singh"}, {"imdb_id": "nm0667985", "name": "Lalita Pawar"}, {"imdb_id": "nm0451862", "name": "Durga Khote"}, {"imdb_id": "nm0802107", "name": "Dara Singh"}, {"imdb_id": "nm0907888", "name": "Johnny Walker"}, {"imdb_id": "nm1942733", "name": "Hafeez Kardar"}, {"imdb_id": "nm1425570", "name": "Moolchand"}, {"imdb_id": "nm1236788", "name": "Parvez"}, {"imdb_id": "nm0899638", "name": "Vishnu"}]