[{"imdb_id": "nm0004429", "name": "Dharmendra"}, {"imdb_id": "nm0846616", "name": "Sharmila Tagore"}, {"imdb_id": "nm0000821", "name": "Amitabh Bachchan"}, {"imdb_id": "nm0080149", "name": "Jaya Bachchan"}, {"imdb_id": "nm0008932", "name": "David Abraham"}, {"imdb_id": "nm0456096", "name": "Usha Kiran"}, {"imdb_id": "nm0149846", "name": "Lily Chakravarty"}, {"imdb_id": "nm0611537", "name": "Keshto Mukherjee"}, {"imdb_id": "nm0222743", "name": "Dev Kishan"}, {"imdb_id": "nm0695170", "name": "Om Prakash"}, {"imdb_id": "nm0474931", "name": "Lalita Kumari"}, {"imdb_id": "nm1094960", "name": "Naina Apte"}, {"imdb_id": "nm1617534", "name": "Chaitali"}, {"imdb_id": "nm0992862", "name": "Aarti"}, {"imdb_id": "nm1059411", "name": "Amol Sen"}, {"imdb_id": "nm1442040", "name": "Harish Magon"}, {"imdb_id": "nm1125305", "name": "Master Bittoo"}, {"imdb_id": "nm1238325", "name": "Masterji"}, {"imdb_id": "nm2147526", "name": "Asrani"}]