[{"imdb_id": "nm0657505", "name": "Amol Palekar"}, {"imdb_id": "nm0331727", "name": "Bindiya Goswami"}, {"imdb_id": "nm0894340", "name": "Deven Verma"}, {"imdb_id": "nm0451863", "name": "Shubha Khote"}, {"imdb_id": "nm1542933", "name": "Manju Singh"}, {"imdb_id": "nm0665544", "name": "Dina Pathak"}, {"imdb_id": "nm0701106", "name": "Pushpa"}, {"imdb_id": "nm0008932", "name": "David Abraham"}, {"imdb_id": "nm0664109", "name": "Yunus Parvez"}, {"imdb_id": "nm0244884", "name": "Utpal Dutt"}, {"imdb_id": "nm1538133", "name": "Ashwani"}, {"imdb_id": "nm1442040", "name": "Harish Magon"}, {"imdb_id": "nm0080410", "name": "Bhola"}, {"imdb_id": "nm1059411", "name": "Amol Sen"}, {"imdb_id": "nm1193461", "name": "Siddharth"}, {"imdb_id": "nm1536769", "name": "Joshi"}, {"imdb_id": "nm0151526", "name": "Chandramohan"}, {"imdb_id": "nm0820283", "name": "Anjan Srivastav"}, {"imdb_id": "nm1541042", "name": "Renu"}, {"imdb_id": "nm0025603", "name": "Anand"}, {"imdb_id": "nm0000821", "name": "Amitabh Bachchan"}, {"imdb_id": "nm0695170", "name": "Om Prakash"}, {"imdb_id": "nm0004334", "name": "Rekha"}, {"imdb_id": "nm0611537", "name": "Keshto Mukherjee"}, {"imdb_id": "nm0045119", "name": "Aruna Irani"}, {"imdb_id": "nm0023868", "name": "Zeenat Aman"}, {"imdb_id": "nm0004564", "name": "Hema Malini"}, {"imdb_id": "nm1425570", "name": "Moolchand"}, {"imdb_id": "nm0946614", "name": "Yasmin"}]