[{"imdb_id": "nm0052333", "name": "Kanu Bannerjee"}, {"imdb_id": "nm0052334", "name": "Karuna Bannerjee"}, {"imdb_id": "nm0222447", "name": "Chunibala Devi"}, {"imdb_id": "nm0201871", "name": "Uma Das Gupta"}, {"imdb_id": "nm0052343", "name": "Subir Banerjee"}, {"imdb_id": "nm0051846", "name": "Runki Banerjee"}, {"imdb_id": "nm0222480", "name": "Reba Devi"}, {"imdb_id": "nm0222436", "name": "Aparna Devi"}, {"imdb_id": "nm0149831", "name": "Tulsi Chakraborty"}, {"imdb_id": "nm0051836", "name": "Haren Banerjee"}, {"imdb_id": "nm5580026", "name": "Rampada Das"}, {"imdb_id": "nm0222467", "name": "Nibhanani Devi"}, {"imdb_id": "nm0304346", "name": "Rama Gangopadhaya"}, {"imdb_id": "nm0304351", "name": "Roma Ganguli"}, {"imdb_id": "nm0611518", "name": "Binoy Mukherjee"}, {"imdb_id": "nm5570266", "name": "Haridhan Nag"}, {"imdb_id": "nm0619049", "name": "Harimohan Nag"}, {"imdb_id": "nm0747091", "name": "Kshirod Roy"}, {"imdb_id": "nm5583219", "name": "Suren Roy"}]