[{"imdb_id": "nm0007147", "name": "Dev Anand"}, {"imdb_id": "nm0716851", "name": "Waheeda Rehman"}, {"imdb_id": "nm0158332", "name": "Leela Chitnis"}, {"imdb_id": "nm0403952", "name": "Anwar Hussain"}, {"imdb_id": "nm0880419", "name": "Ulhas"}, {"imdb_id": "nm0415612", "name": "Gajanan Jagirdar"}, {"imdb_id": "nm0451296", "name": "Rashid Khan"}, {"imdb_id": "nm0756393", "name": "Kishore Sahu"}, {"imdb_id": "nm0666951", "name": "Praveen Paul"}, {"imdb_id": "nm0610687", "name": "Mridula Rani"}, {"imdb_id": "nm0691010", "name": "Purnima"}, {"imdb_id": "nm1537542", "name": "Sheela R."}, {"imdb_id": "nm0223524", "name": "Krishan Dhawan"}, {"imdb_id": "nm0755996", "name": "Prem Sagar"}, {"imdb_id": "nm0788166", "name": "Narbada Shankar"}, {"imdb_id": "nm0007469", "name": "Levy Aaron"}, {"imdb_id": "nm1941082", "name": "Mohan Jerry"}, {"imdb_id": "nm0244868", "name": "Dilip Dutt"}, {"imdb_id": "nm0043368", "name": "Ram Avtar"}, {"imdb_id": "nm0329710", "name": "V. Gopal"}, {"imdb_id": "nm0121395", "name": "Sheila Burghart"}, {"imdb_id": "nm0424105", "name": "Yash Johar"}, {"imdb_id": "nm0903903", "name": "John Voyantiz"}]