[{"imdb_id": "nm0004291", "name": "Nargis"}, {"imdb_id": "nm0004570", "name": "Sunil Dutt"}, {"imdb_id": "nm0006348", "name": "Rajendra Kumar"}, {"imdb_id": "nm0474855", "name": "Raaj Kumar"}, {"imdb_id": "nm0437688", "name": "Kanhaiyalal Chaturvedi"}, {"imdb_id": "nm1402789", "name": "Jilloo Maa"}, {"imdb_id": "nm0474975", "name": "Kumkum"}, {"imdb_id": "nm0151266", "name": "Chanchal"}, {"imdb_id": "nm0619690", "name": "Sheela Naik"}, {"imdb_id": "nm0611617", "name": "Mukri"}, {"imdb_id": "nm1403502", "name": "Siddiqui"}, {"imdb_id": "nm1403477", "name": "Ram Shastri"}, {"imdb_id": "nm1487567", "name": "Fakir Mohammad"}, {"imdb_id": "nm0311676", "name": "Geeta"}, {"imdb_id": "nm1398026", "name": "Hameeda"}, {"imdb_id": "nm1403605", "name": "Master Surendra"}, {"imdb_id": "nm1402859", "name": "Mastan"}, {"imdb_id": "nm1402556", "name": "Nawab Khan"}, {"imdb_id": "nm1403966", "name": "Master Alec"}, {"imdb_id": "nm0222493", "name": "Sitara Devi"}, {"imdb_id": "nm0044416", "name": "Azra"}, {"imdb_id": "nm0451309", "name": "Sajid Khan"}]