[{"imdb_id": "nm0438463", "name": "Anil Kapoor"}, {"imdb_id": "nm0004437", "name": "Sridevi"}, {"imdb_id": "nm0700869", "name": "Amrish Puri"}, {"imdb_id": "nm0442479", "name": "Satish Kaushik"}, {"imdb_id": "nm0438465", "name": "Annu Kapoor"}, {"imdb_id": "nm0882892", "name": "Ajit Vachani"}, {"imdb_id": "nm0768296", "name": "Sharat Saxena"}, {"imdb_id": "nm0006369", "name": "Ashok Kumar"}, {"imdb_id": "nm0160463", "name": "Bob Christo"}, {"imdb_id": "nm0219946", "name": "Ramesh Deo"}, {"imdb_id": "nm0992664", "name": "Karann Nathh"}, {"imdb_id": "nm0664109", "name": "Yunus Parvez"}, {"imdb_id": "nm0665370", "name": "Harish Patel"}, {"imdb_id": "nm0700233", "name": "Venus Pujari"}, {"imdb_id": "nm0787485", "name": "Tapan Shah"}, {"imdb_id": "nm0012778", "name": "Aftab Shivdasani"}, {"imdb_id": "nm1023906", "name": "Gurbachan Singh"}, {"imdb_id": "nm0820283", "name": "Anjan Srivastav"}, {"imdb_id": "nm1384402", "name": "Uday Chandra"}, {"imdb_id": "nm0223560", "name": "Deep Dhillon"}, {"imdb_id": "nm9463310", "name": "Avtar Singh Gullu"}, {"imdb_id": "nm0973330", "name": "Siddharth Kak"}, {"imdb_id": "nm0451155", "name": "Ahmed Khan"}, {"imdb_id": "nm1030497", "name": "Huma Khan"}, {"imdb_id": "nm9036653", "name": "Surendra Rahi"}, {"imdb_id": "nm0969505", "name": "Kunickaa Sadanand"}]