[{"imdb_id": "nm0451148", "name": "Aamir Khan"}, {"imdb_id": "nm0004487", "name": "Juhi Chawla"}, {"imdb_id": "nm0438474", "name": "Goga Kapoor"}, {"imdb_id": "nm0846681", "name": "Dalip Tahil"}, {"imdb_id": "nm1090174", "name": "Ravindra Kapoor"}, {"imdb_id": "nm0788861", "name": "Asha Sharma"}, {"imdb_id": "nm0622186", "name": "Alok Nath"}, {"imdb_id": "nm0958861", "name": "Raj Zutshi"}, {"imdb_id": "nm1617755", "name": "Shehnaz Kudia"}, {"imdb_id": "nm1401801", "name": "Charushila"}, {"imdb_id": "nm0066455", "name": "Beena Banerjee"}, {"imdb_id": "nm0481363", "name": "Reema Lagoo"}, {"imdb_id": "nm0856900", "name": "Nandita Thakur"}, {"imdb_id": "nm0451156", "name": "Ahmed Khan"}, {"imdb_id": "nm1019296", "name": "Arjun"}, {"imdb_id": "nm0882892", "name": "Ajit Vachani"}, {"imdb_id": "nm0664109", "name": "Yunus Parvez"}, {"imdb_id": "nm0451864", "name": "Viju Khote"}, {"imdb_id": "nm2136994", "name": "Babbanlal Yadav"}, {"imdb_id": "nm1217219", "name": "Arun Mathur"}, {"imdb_id": "nm1403762", "name": "Seema Vaz"}, {"imdb_id": "nm0611480", "name": "Mukesh"}, {"imdb_id": "nm1185344", "name": "Shehzad Khan"}, {"imdb_id": "nm0221218", "name": "Makrand Deshpande"}, {"imdb_id": "nm1244971", "name": "Yatin Karyekar"}, {"imdb_id": "nm1064300", "name": "Shiva Rindani"}, {"imdb_id": "nm0329702", "name": "Brij Gopal"}, {"imdb_id": "nm0882288", "name": "Usha"}, {"imdb_id": "nm1522170", "name": "Afzal"}, {"imdb_id": "nm0451207", "name": "Faisal Khan"}, {"imdb_id": "nm1493754", "name": "Noora"}, {"imdb_id": "nm0951149", "name": "Yusuf"}, {"imdb_id": "nm1405359", "name": "Imran Khan"}, {"imdb_id": "nm2776297", "name": "Charusheela Sabale"}, {"imdb_id": "nm1548528", "name": "Chhaya"}]