[{"imdb_id": "nm0011967", "name": "Kamala Adhikari"}, {"imdb_id": "nm0051837", "name": "Lalchand Banerjee"}, {"imdb_id": "nm0052332", "name": "Kali Bannerjee"}, {"imdb_id": "nm0052333", "name": "Kanu Bannerjee"}, {"imdb_id": "nm0052334", "name": "Karuna Bannerjee"}, {"imdb_id": "nm1434574", "name": "Panchanan Bhattacharya"}, {"imdb_id": "nm5581917", "name": "Debabrata Chakraborty"}, {"imdb_id": "nm0149839", "name": "Harendrakumar Chakravarti"}, {"imdb_id": "nm0154130", "name": "Hemanta Chatterjee"}, {"imdb_id": "nm0222461", "name": "Meenakshi Devi"}, {"imdb_id": "nm0304354", "name": "Subodh Ganguli"}, {"imdb_id": "nm0315871", "name": "Smaran Ghosal"}, {"imdb_id": "nm0315882", "name": "Charuprakash Ghosh"}, {"imdb_id": "nm0348496", "name": "Santi Gupta"}, {"imdb_id": "nm0593940", "name": "Ajay Mitra"}, {"imdb_id": "nm0611506", "name": "Anil Mukherjee"}, {"imdb_id": "nm5581805", "name": "Shibnarayan Nag"}, {"imdb_id": "nm0658890", "name": "Bhaganu Palwan"}, {"imdb_id": "nm0659237", "name": "K.S. Pandey"}, {"imdb_id": "nm5581649", "name": "Saraswati Pandey"}, {"imdb_id": "nm0049302", "name": "Ranibala"}, {"imdb_id": "nm0747082", "name": "Kalicharan Roy"}, {"imdb_id": "nm0747195", "name": "Sudipta Roy"}, {"imdb_id": "nm5583250", "name": "Keya Sengupta"}, {"imdb_id": "nm0348483", "name": "Pinaki Sengupta"}, {"imdb_id": "nm0784291", "name": "Ramani Sengupta"}, {"imdb_id": "nm0820248", "name": "Mani Srimani"}, {"imdb_id": "nm5582083", "name": "Udayshankar Tiwari"}]