[{"imdb_id": "nm0154164", "name": "Soumitra Chatterjee"}, {"imdb_id": "nm0846616", "name": "Sharmila Tagore"}, {"imdb_id": "nm0149845", "name": "Alok Chakravarty"}, {"imdb_id": "nm0611575", "name": "Swapan Mukherjee"}, {"imdb_id": "nm5576481", "name": "Tushar Bandyopadhyay"}, {"imdb_id": "nm4897797", "name": "Gupi Banerjee"}, {"imdb_id": "nm1434574", "name": "Panchanan Bhattacharya"}, {"imdb_id": "nm0080370", "name": "Shanti Bhattacherjee"}, {"imdb_id": "nm5576471", "name": "Jiten Bhons"}, {"imdb_id": "nm0154107", "name": "Abhijit Chatterjee"}, {"imdb_id": "nm0154132", "name": "Jogesh Chatterjee"}, {"imdb_id": "nm0222439", "name": "Asha Devi"}, {"imdb_id": "nm0067570", "name": "Belarani Devi"}, {"imdb_id": "nm0222490", "name": "Sefalika Devi"}, {"imdb_id": "nm5576537", "name": "Biren Ghosh"}, {"imdb_id": "nm0315888", "name": "Dhiren Ghosh"}, {"imdb_id": "nm5576520", "name": "Biresh Majumdar"}, {"imdb_id": "nm0538291", "name": "Dhiresh Majumdar"}, {"imdb_id": "nm0802261", "name": "Bechu Singha"}]