[{"imdb_id": "nm0000821", "name": "Amitabh Bachchan"}, {"imdb_id": "nm0149822", "name": "Mithun Chakraborty"}, {"imdb_id": "nm0534863", "name": "Madhavi"}, {"imdb_id": "nm0624174", "name": "Neelam Kothari"}, {"imdb_id": "nm0219939", "name": "Danny Denzongpa"}, {"imdb_id": "nm0622186", "name": "Alok Nath"}, {"imdb_id": "nm0368990", "name": "Rohini Hattangadi"}, {"imdb_id": "nm0025627", "name": "Tinnu Anand"}, {"imdb_id": "nm0324845", "name": "Vikram Gokhale"}, {"imdb_id": "nm0700687", "name": "Archana Puran Singh"}, {"imdb_id": "nm0542503", "name": "Master Manjunath"}, {"imdb_id": "nm0768296", "name": "Sharat Saxena"}, {"imdb_id": "nm0438474", "name": "Goga Kapoor"}, {"imdb_id": "nm1166460", "name": "Monty Sharma"}, {"imdb_id": "nm0318622", "name": "Avtar Gill"}, {"imdb_id": "nm1032187", "name": "Arvind Rathod"}, {"imdb_id": "nm1004887", "name": "Pradeep Singh Rawat"}, {"imdb_id": "nm0787889", "name": "Shammi"}, {"imdb_id": "nm0820283", "name": "Anjan Srivastav"}, {"imdb_id": "nm0045141", "name": "Tabassum"}, {"imdb_id": "nm0946614", "name": "Yasmin"}, {"imdb_id": "nm0160463", "name": "Bob Christo"}, {"imdb_id": "nm2286023", "name": "Baby Ayesha"}, {"imdb_id": "nm1420231", "name": "Vijay Gavlee"}, {"imdb_id": "nm1420848", "name": "Tony Lewise"}, {"imdb_id": "nm0802199", "name": "Raj Singh"}, {"imdb_id": "nm0788872", "name": "Deepak Sharma"}, {"imdb_id": "nm1422781", "name": "Harsh Tripathi"}, {"imdb_id": "nm1025262", "name": "Deepak Shirke"}, {"imdb_id": "nm0007106", "name": "Shakti Kapoor"}, {"imdb_id": "nm0755091", "name": "Asha Sachdev"}, {"imdb_id": "nm1017494", "name": "Ganesh Acharya"}, {"imdb_id": "nm1416287", "name": "Maqsood"}, {"imdb_id": "nm1550928", "name": "Monty Nath"}]