[{"imdb_id": "nm0004432", "name": "Prithviraj Kapoor"}, {"imdb_id": "nm0534870", "name": "Madhubala"}, {"imdb_id": "nm0474801", "name": "Dilip Kumar"}, {"imdb_id": "nm0451862", "name": "Durga Khote"}, {"imdb_id": "nm0631416", "name": "Nigar Sultana"}, {"imdb_id": "nm0015000", "name": "Ajit"}, {"imdb_id": "nm0474828", "name": "M. Kumar"}, {"imdb_id": "nm0613407", "name": "Murad"}, {"imdb_id": "nm1402789", "name": "Jilloo Maa"}, {"imdb_id": "nm1171301", "name": "Vijayalaxmi"}, {"imdb_id": "nm0623428", "name": "S. Nazir"}, {"imdb_id": "nm0216592", "name": "Sheela Delaya"}, {"imdb_id": "nm0839586", "name": "Surendra"}, {"imdb_id": "nm0907888", "name": "Johnny Walker"}, {"imdb_id": "nm0013026", "name": "Jalal Agha"}, {"imdb_id": "nm0045141", "name": "Tabassum"}, {"imdb_id": "nm0471438", "name": "Gopi Krishna"}, {"imdb_id": "nm8303202", "name": "Sheila Dalaya"}, {"imdb_id": "nm1189751", "name": "Jago"}, {"imdb_id": "nm1517720", "name": "Khurshid Khan"}, {"imdb_id": "nm1694044", "name": "Khanna"}, {"imdb_id": "nm0754775", "name": "Khwaja Sabir"}, {"imdb_id": "nm0788899", "name": "Paul Sharma"}]