[{"imdb_id": "nm0004570", "name": "Sunil Dutt"}, {"imdb_id": "nm0052570", "name": "Saira Banu"}, {"imdb_id": "nm0576454", "name": "Mehmood"}, {"imdb_id": "nm0474822", "name": "Kishore Kumar"}, {"imdb_id": "nm0695170", "name": "Om Prakash"}, {"imdb_id": "nm0013023", "name": "Agha"}, {"imdb_id": "nm0611617", "name": "Mukri"}, {"imdb_id": "nm0839129", "name": "Sunder"}, {"imdb_id": "nm0304303", "name": "Ganga"}, {"imdb_id": "nm0666951", "name": "Praveen Paul"}, {"imdb_id": "nm0611537", "name": "Keshto Mukherjee"}, {"imdb_id": "nm0457261", "name": "Raj Kishore"}, {"imdb_id": "nm0241291", "name": "Dulari"}, {"imdb_id": "nm0711830", "name": "Ratna"}, {"imdb_id": "nm1425570", "name": "Moolchand"}, {"imdb_id": "nm0417714", "name": "Jankidas"}, {"imdb_id": "nm0864609", "name": "Niranjan Tiwari"}]