[{"imdb_id": "nm0787462", "name": "Naseeruddin Shah"}, {"imdb_id": "nm0060629", "name": "Ravi Baswani"}, {"imdb_id": "nm0080268", "name": "Bhakti Barve"}, {"imdb_id": "nm0787474", "name": "Satish Shah"}, {"imdb_id": "nm0700875", "name": "Om Puri"}, {"imdb_id": "nm0438488", "name": "Pankaj Kapur"}, {"imdb_id": "nm0442479", "name": "Satish Kaushik"}, {"imdb_id": "nm0348481", "name": "Neena Gupta"}, {"imdb_id": "nm0702606", "name": "Deepak Qazir"}, {"imdb_id": "nm0700876", "name": "Rajesh Puri"}, {"imdb_id": "nm0762798", "name": "Zafar Sanjari"}, {"imdb_id": "nm0052532", "name": "Ashok Banthia"}, {"imdb_id": "nm1384402", "name": "Uday Chandra"}, {"imdb_id": "nm1616626", "name": "Harshad Gandhi"}, {"imdb_id": "nm1176505", "name": "Jaspal Sandhu"}, {"imdb_id": "nm0154269", "name": "Anil Chaudhary"}, {"imdb_id": "nm1387906", "name": "Ajay Wadhavkar"}, {"imdb_id": "nm1694043", "name": "Arun Khanna"}, {"imdb_id": "nm1173071", "name": "Adil Rana"}, {"imdb_id": "nm0952011", "name": "Haneef Zahoor"}, {"imdb_id": "nm1058241", "name": "Pramod A. Dubey"}, {"imdb_id": "nm1199163", "name": "Kenneth Desai"}, {"imdb_id": "nm1616323", "name": "Alok Aima"}, {"imdb_id": "nm0031684", "name": "Anwar"}, {"imdb_id": "nm1616417", "name": "Kiran Bokhri"}, {"imdb_id": "nm1616352", "name": "Anil Apte"}, {"imdb_id": "nm1175197", "name": "Rahul Chowdhary"}, {"imdb_id": "nm1616815", "name": "Bharat Karia"}, {"imdb_id": "nm1617318", "name": "Amit Tyagi"}, {"imdb_id": "nm0006765", "name": "Vidhu Vinod Chopra"}, {"imdb_id": "nm1326262", "name": "Somesh Agarwal"}, {"imdb_id": "nm0451600", "name": "Anupam Kher"}, {"imdb_id": "nm0592803", "name": "Sudhir Mishra"}]