[{"imdb_id": "nm0000821", "name": "Amitabh Bachchan"}, {"imdb_id": "nm0023868", "name": "Zeenat Aman"}, {"imdb_id": "nm0695199", "name": "Pran"}, {"imdb_id": "nm0407002", "name": "Iftekhar"}, {"imdb_id": "nm0794511", "name": "Om Shivpuri"}, {"imdb_id": "nm1566068", "name": "Satyendra Kapoor"}, {"imdb_id": "nm0415851", "name": "Paidi Jairaj"}, {"imdb_id": "nm0438477", "name": "Kamal Kapoor"}, {"imdb_id": "nm1374767", "name": "Arpana Choudhary"}, {"imdb_id": "nm0374974", "name": "Helen"}, {"imdb_id": "nm0792901", "name": "M.B. Shetty"}, {"imdb_id": "nm0595909", "name": "Mac Mohan"}, {"imdb_id": "nm0044079", "name": "Azaad Irani"}, {"imdb_id": "nm1417421", "name": "Yashraj"}, {"imdb_id": "nm1117900", "name": "Devaraj"}, {"imdb_id": "nm0707271", "name": "Jagdish Raj"}, {"imdb_id": "nm0023935", "name": "Amar"}, {"imdb_id": "nm0438489", "name": "Pinchoo Kapoor"}, {"imdb_id": "nm1081557", "name": "Keshav Rana"}, {"imdb_id": "nm1586089", "name": "Maruti"}, {"imdb_id": "nm1526189", "name": "Ranvir Raj"}, {"imdb_id": "nm2471670", "name": "Shakeel"}, {"imdb_id": "nm1592220", "name": "Leena"}, {"imdb_id": "nm1689400", "name": "Baby Bilkish"}, {"imdb_id": "nm0430786", "name": "Alankar Joshi"}, {"imdb_id": "nm0490175", "name": "M.A. Latif"}, {"imdb_id": "nm1694041", "name": "S.U. Khan"}, {"imdb_id": "nm1425570", "name": "Moolchand"}, {"imdb_id": "nm1082348", "name": "Abhimanyu Sharma"}, {"imdb_id": "nm1917953", "name": "Mama"}, {"imdb_id": "nm0013029", "name": "Shah Agha"}, {"imdb_id": "nm1551153", "name": "H.L. Pardesi"}, {"imdb_id": "nm0081971", "name": "Bihari"}, {"imdb_id": "nm1688813", "name": "Ramesh Shrimali"}, {"imdb_id": "nm1688623", "name": "Vinay Randhawa"}, {"imdb_id": "nm1689077", "name": "Gurjinder Virk"}, {"imdb_id": "nm1693984", "name": "Kalwa"}, {"imdb_id": "nm1646667", "name": "Mohiuddin"}, {"imdb_id": "nm1629271", "name": "P.K. Chander"}, {"imdb_id": "nm0474886", "name": "Sharad Kumar"}, {"imdb_id": "nm7760187", "name": "Saul George"}, {"imdb_id": "nm6290587", "name": "Hakeem Solomon"}, {"imdb_id": "nm1164077", "name": "Leena Das"}, {"imdb_id": "nm2992373", "name": "Gulshan"}, {"imdb_id": "nm0354647", "name": "Rajan Haksar"}, {"imdb_id": "nm1058578", "name": "Manik Irani"}, {"imdb_id": "nm0416077", "name": "Farida Jalal"}, {"imdb_id": "nm1536774", "name": "Yusuf Khan"}, {"imdb_id": "nm0540990", "name": "Mamaji"}, {"imdb_id": "nm1416287", "name": "Maqsood"}, {"imdb_id": "nm1786395", "name": "Tina Misquitta"}, {"imdb_id": "nm0755996", "name": "Prem Sagar"}, {"imdb_id": "nm7859068", "name": "Kedarnath Saigal"}]