[{"imdb_id": "nm0000821", "name": "Amitabh Bachchan"}, {"imdb_id": "nm0004434", "name": "Shashi Kapoor"}, {"imdb_id": "nm0747131", "name": "Nirupa Roy"}, {"imdb_id": "nm0044916", "name": "Parveen Babi"}, {"imdb_id": "nm0802183", "name": "Neetu Singh"}, {"imdb_id": "nm0471443", "name": "Manmohan Krishna"}, {"imdb_id": "nm0534501", "name": "Madan Puri"}, {"imdb_id": "nm0407002", "name": "Iftekhar"}, {"imdb_id": "nm1566068", "name": "Satyendra Kapoor"}, {"imdb_id": "nm0837199", "name": "Sudhir"}, {"imdb_id": "nm0707469", "name": "Rajpal"}, {"imdb_id": "nm0707271", "name": "Jagdish Raj"}, {"imdb_id": "nm0802158", "name": "Kuljit Singh"}, {"imdb_id": "nm0457261", "name": "Raj Kishore"}, {"imdb_id": "nm0664109", "name": "Yunus Parvez"}, {"imdb_id": "nm1649927", "name": "Sarveshwar"}, {"imdb_id": "nm0595923", "name": "Mohan Sherry"}, {"imdb_id": "nm0430786", "name": "Alankar Joshi"}, {"imdb_id": "nm0557625", "name": "Raju Shrestha"}, {"imdb_id": "nm2471670", "name": "Shakeel"}, {"imdb_id": "nm0474861", "name": "Raman Kumar"}, {"imdb_id": "nm1127826", "name": "Rajan Verma"}, {"imdb_id": "nm0025630", "name": "Vikas Anand"}, {"imdb_id": "nm1198615", "name": "Radheshyam"}, {"imdb_id": "nm1551153", "name": "H.L. Pardesi"}, {"imdb_id": "nm1649656", "name": "Chandu Allahabadi"}, {"imdb_id": "nm0359845", "name": "A.K. Hangal"}, {"imdb_id": "nm0241291", "name": "Dulari"}, {"imdb_id": "nm1927212", "name": "D.K. Sapru"}, {"imdb_id": "nm0438477", "name": "Kamal Kapoor"}, {"imdb_id": "nm1349318", "name": "Sajid Khan"}, {"imdb_id": "nm0239270", "name": "Satyadev Dubey"}, {"imdb_id": "nm0045119", "name": "Aruna Irani"}, {"imdb_id": "nm0474598", "name": "Kuljeet"}, {"imdb_id": "nm1416287", "name": "Maqsood"}, {"imdb_id": "nm7859068", "name": "Kedarnath Saigal"}, {"imdb_id": "nm0894340", "name": "Deven Verma"}]