[{"imdb_id": "nm0352032", "name": "Kamal Haasan"}, {"imdb_id": "nm0837700", "name": "Sukanya"}, {"imdb_id": "nm0463539", "name": "Manisha Koirala"}, {"imdb_id": "nm0007107", "name": "Urmila Matondkar"}, {"imdb_id": "nm0893449", "name": "Nedumudi Venu"}, {"imdb_id": "nm1129966", "name": "Goundamani"}, {"imdb_id": "nm0441030", "name": "Kasturi"}, {"imdb_id": "nm0045119", "name": "Aruna Irani"}, {"imdb_id": "nm1190372", "name": "Crazy Mohan"}, {"imdb_id": "nm7390393", "name": "Aachi Manorama"}, {"imdb_id": "nm0784521", "name": "Senthil"}, {"imdb_id": "nm1559782", "name": "Ajay Ratnam"}, {"imdb_id": "nm0712437", "name": "Nizhalgal Ravi"}, {"imdb_id": "nm1563842", "name": "Bala Singh"}, {"imdb_id": "nm0505323", "name": "Johnny Lever"}, {"imdb_id": "nm0837189", "name": "Sudha"}]