[{"imdb_id": "nm0451321", "name": "Shah Rukh Khan"}, {"imdb_id": "nm0004418", "name": "Kajol"}, {"imdb_id": "nm0611552", "name": "Rani Mukerji"}, {"imdb_id": "nm0755705", "name": "Sana Saeed"}, {"imdb_id": "nm0481363", "name": "Reema Lagoo"}, {"imdb_id": "nm0416077", "name": "Farida Jalal"}, {"imdb_id": "nm0700687", "name": "Archana Puran Singh"}, {"imdb_id": "nm0794510", "name": "Himani Shivpuri"}, {"imdb_id": "nm0505323", "name": "Johnny Lever"}, {"imdb_id": "nm0451600", "name": "Anupam Kher"}, {"imdb_id": "nm0202119", "name": "Parzaan Dastur"}, {"imdb_id": "nm0006795", "name": "Salman Khan"}, {"imdb_id": "nm0438473", "name": "Geeta Kapoor"}, {"imdb_id": "nm0007134", "name": "Farah Khan"}, {"imdb_id": "nm0012541", "name": "Nikkhil Advani"}, {"imdb_id": "nm0624174", "name": "Neelam Kothari"}, {"imdb_id": "nm1069886", "name": "Chettan Motiwalla"}]