[{"imdb_id": "nm0149835", "name": "J.D. Chakravarthi"}, {"imdb_id": "nm0048075", "name": "Manoj Bajpayee"}, {"imdb_id": "nm0007107", "name": "Urmila Matondkar"}, {"imdb_id": "nm0712546", "name": "Paresh Rawal"}, {"imdb_id": "nm0795661", "name": "Saurabh Shukla"}, {"imdb_id": "nm0620636", "name": "Govind Namdeo"}, {"imdb_id": "nm0221218", "name": "Makrand Deshpande"}, {"imdb_id": "nm0156858", "name": "Shefali Shah"}, {"imdb_id": "nm0561360", "name": "Raju Mavani"}, {"imdb_id": "nm0820282", "name": "Aditya Srivastava"}, {"imdb_id": "nm0903423", "name": "Neeraj Vora"}, {"imdb_id": "nm0430812", "name": "Rajesh Joshi"}, {"imdb_id": "nm1745436", "name": "Saabir"}, {"imdb_id": "nm0196400", "name": "Snehal Dabi"}, {"imdb_id": "nm0420091", "name": "Jeeva"}, {"imdb_id": "nm1742097", "name": "Bener Jee"}, {"imdb_id": "nm1742922", "name": "Jyotsna Karekar"}, {"imdb_id": "nm1742241", "name": "Utkarsh Mazumdar"}, {"imdb_id": "nm0592799", "name": "Sanjay Mishra"}, {"imdb_id": "nm1671187", "name": "Jyoti Dogra"}, {"imdb_id": "nm1217262", "name": "Rajeev Mehta"}, {"imdb_id": "nm0802119", "name": "G.P. Singh"}, {"imdb_id": "nm0839820", "name": "Sushant Singh"}, {"imdb_id": "nm0656644", "name": "Manoj Pahwa"}, {"imdb_id": "nm0796107", "name": "Anupam Shyam"}, {"imdb_id": "nm1590357", "name": "Akshay Mankad"}, {"imdb_id": "nm0154218", "name": "Mithilesh Chaturvedi"}, {"imdb_id": "nm1632038", "name": "Ajit Mehra"}, {"imdb_id": "nm0050187", "name": "Arun Bali"}, {"imdb_id": "nm1238337", "name": "Vijay Maurya"}, {"imdb_id": "nm1392137", "name": "Manoj Verma"}, {"imdb_id": "nm1207750", "name": "Umesh Ghadge"}, {"imdb_id": "nm1745462", "name": "Sumeet Sinha"}, {"imdb_id": "nm2226771", "name": "Srivas Naidu"}, {"imdb_id": "nm0737512", "name": "Ajai Rohilla"}, {"imdb_id": "nm1745386", "name": "Pravin Patel"}, {"imdb_id": "nm1741367", "name": "Rocky"}]