[{"imdb_id": "nm0707425", "name": "Rajinikanth"}, {"imdb_id": "nm0619324", "name": "Nagma"}, {"imdb_id": "nm0706499", "name": "Raghuvaran"}, {"imdb_id": "nm0897206", "name": "Vijayakumar"}, {"imdb_id": "nm0417301", "name": "Janagaraj"}, {"imdb_id": "nm0222181", "name": "Devan"}, {"imdb_id": "nm1686962", "name": "Anandraj"}, {"imdb_id": "nm3161240", "name": "Sasikumar"}, {"imdb_id": "nm3118248", "name": "Sathyapriya"}, {"imdb_id": "nm0951193", "name": "Yuvarani"}, {"imdb_id": "nm0707270", "name": "Charan Raj"}, {"imdb_id": "nm6342165", "name": "Shenbaga"}, {"imdb_id": "nm0471430", "name": "Raja Krishnamoorthy"}, {"imdb_id": "nm1302977", "name": "Sethu Vinayakam"}, {"imdb_id": "nm1688033", "name": "Kavithalaya Krishnan"}, {"imdb_id": "nm1750758", "name": "Dhamu"}, {"imdb_id": "nm4787137", "name": "Mahanadhi Shankar"}, {"imdb_id": "nm0944833", "name": "Narsing Yadav"}, {"imdb_id": "nm6897761", "name": "Thalapathi Dinesh"}]