[{"imdb_id": "nm0841552", "name": "Arvind Swamy"}, {"imdb_id": "nm0463539", "name": "Manisha Koirala"}, {"imdb_id": "nm0621937", "name": "Nassar"}, {"imdb_id": "nm1390149", "name": "Kitty"}, {"imdb_id": "nm1218624", "name": "Master Harsha"}, {"imdb_id": "nm1389854", "name": "Master Hriday"}, {"imdb_id": "nm0695177", "name": "Prakash Raj"}, {"imdb_id": "nm0025627", "name": "Tinnu Anand"}, {"imdb_id": "nm0452021", "name": "Akash Khurana"}, {"imdb_id": "nm0007114", "name": "Sonali Bendre"}, {"imdb_id": "nm1377248", "name": "Nagendra Prasad"}, {"imdb_id": "nm1115041", "name": "M.V. Vasudeva Rao"}, {"imdb_id": "nm1391274", "name": "Ratnakar"}, {"imdb_id": "nm0707723", "name": "Rallapalli"}, {"imdb_id": "nm1390550", "name": "Deesh Mariwala"}, {"imdb_id": "nm1390512", "name": "Vinay Malhotra"}, {"imdb_id": "nm1390666", "name": "Pramod Menon"}, {"imdb_id": "nm0038019", "name": "Arun"}, {"imdb_id": "nm1388212", "name": "A.R.S."}, {"imdb_id": "nm1388786", "name": "Vijaya Chandrika"}, {"imdb_id": "nm0705553", "name": "Radhabai"}, {"imdb_id": "nm0790659", "name": "Sheela"}, {"imdb_id": "nm1394724", "name": "Minu Rathod"}, {"imdb_id": "nm1394471", "name": "Padmini Natarajan"}, {"imdb_id": "nm1396015", "name": "Sreesha"}, {"imdb_id": "nm1391203", "name": "Priya"}, {"imdb_id": "nm2762787", "name": "Chetana Das"}]