[{"imdb_id": "nm0451148", "name": "Aamir Khan"}, {"imdb_id": "nm0006795", "name": "Salman Khan"}, {"imdb_id": "nm0849199", "name": "Raveena Tandon"}, {"imdb_id": "nm0006433", "name": "Karisma Kapoor"}, {"imdb_id": "nm0712546", "name": "Paresh Rawal"}, {"imdb_id": "nm0007106", "name": "Shakti Kapoor"}, {"imdb_id": "nm1185344", "name": "Shehzad Khan"}, {"imdb_id": "nm0451864", "name": "Viju Khote"}, {"imdb_id": "nm0894340", "name": "Deven Verma"}, {"imdb_id": "nm0415556", "name": "Jagdeep"}, {"imdb_id": "nm0576454", "name": "Mehmood"}, {"imdb_id": "nm0848308", "name": "Tiku Talsania"}, {"imdb_id": "nm0080179", "name": "Suresh Bhagwat"}, {"imdb_id": "nm0665370", "name": "Harish Patel"}, {"imdb_id": "nm0451242", "name": "Javed Khan"}, {"imdb_id": "nm1131001", "name": "Anand Mishra"}, {"imdb_id": "nm0061224", "name": "Sanjay Batra"}, {"imdb_id": "nm0332871", "name": "Govinda"}, {"imdb_id": "nm0004487", "name": "Juhi Chawla"}]