[{"imdb_id": "nm0451321", "name": "Shah Rukh Khan"}, {"imdb_id": "nm0463539", "name": "Manisha Koirala"}, {"imdb_id": "nm0006689", "name": "Preity Zinta"}, {"imdb_id": "nm0944834", "name": "Raghuvir Yadav"}, {"imdb_id": "nm0149837", "name": "Sabyasachi Chakrabarty"}, {"imdb_id": "nm0592795", "name": "Piyush Mishra"}, {"imdb_id": "nm0471457", "name": "Krishnakant"}, {"imdb_id": "nm0820282", "name": "Aditya Srivastava"}, {"imdb_id": "nm0679948", "name": "Ken Philip"}, {"imdb_id": "nm0592799", "name": "Sanjay Mishra"}, {"imdb_id": "nm0890622", "name": "Mita Vasisht"}, {"imdb_id": "nm0710528", "name": "Arundhati Rao"}, {"imdb_id": "nm0037019", "name": "Malaika Arora"}, {"imdb_id": "nm1117535", "name": "Gautam Bora"}, {"imdb_id": "nm1581963", "name": "Manjit Bawa"}, {"imdb_id": "nm0782247", "name": "Zohra Sehgal"}, {"imdb_id": "nm1387322", "name": "B.M. Shah"}, {"imdb_id": "nm0710549", "name": "Gajraj Rao"}, {"imdb_id": "nm1763877", "name": "Raja Sharma"}, {"imdb_id": "nm1429352", "name": "Laxmi Rattan"}, {"imdb_id": "nm1760404", "name": "Priya Parulekar"}, {"imdb_id": "nm0149441", "name": "Sheeba Chaddha"}, {"imdb_id": "nm1210045", "name": "Wasiq Khan"}, {"imdb_id": "nm0151287", "name": "Samir Chanda"}, {"imdb_id": "nm0595949", "name": "Chintu B. Mohapatra"}, {"imdb_id": "nm1193269", "name": "Vanitha"}, {"imdb_id": "nm1759572", "name": "Shubdeep"}, {"imdb_id": "nm1760189", "name": "Ishitha"}, {"imdb_id": "nm0619770", "name": "R.K. Nair"}, {"imdb_id": "nm1758677", "name": "Kishan Bhatia"}, {"imdb_id": "nm1763242", "name": "Sunil Agarwal"}, {"imdb_id": "nm1596505", "name": "Avtar Sahani"}, {"imdb_id": "nm0348491", "name": "Rajiv Gupta"}, {"imdb_id": "nm0796107", "name": "Anupam Shyam"}, {"imdb_id": "nm0592787", "name": "Hemant Mishra"}, {"imdb_id": "nm1758013", "name": "Jessica"}, {"imdb_id": "nm1760264", "name": "Lavanya"}, {"imdb_id": "nm1419409", "name": "Babubhai"}, {"imdb_id": "nm1154567", "name": "Alka"}, {"imdb_id": "nm1249945", "name": "Shaad Ali"}, {"imdb_id": "nm0070866", "name": "Pia Benegal"}, {"imdb_id": "nm2907029", "name": "Jasveer Kaur"}, {"imdb_id": "nm2318317", "name": "Jiah Khan"}]