[{"imdb_id": "nm0707425", "name": "Rajinikanth"}, {"imdb_id": "nm0007123", "name": "Mammootty"}, {"imdb_id": "nm0811794", "name": "Shobana"}, {"imdb_id": "nm0841552", "name": "Arvind Swamy"}, {"imdb_id": "nm0820286", "name": "Srividya"}, {"imdb_id": "nm0080228", "name": "Bhanupriya"}, {"imdb_id": "nm0700869", "name": "Amrish Puri"}, {"imdb_id": "nm0762839", "name": "Jai Sankar"}, {"imdb_id": "nm0311677", "name": "Geetha"}, {"imdb_id": "nm1706602", "name": "Charlie"}, {"imdb_id": "nm0352031", "name": "Charu Haasan"}, {"imdb_id": "nm0419677", "name": "Manoj K. Jayan"}, {"imdb_id": "nm0619309", "name": "Nagesh"}, {"imdb_id": "nm0632561", "name": "Nirmalamma"}, {"imdb_id": "nm0907438", "name": "Sonu Walia"}]