[{"imdb_id": "nm0002043", "name": "Madhuri Dixit"}, {"imdb_id": "nm0006795", "name": "Salman Khan"}, {"imdb_id": "nm0046894", "name": "Mohnish Bahl"}, {"imdb_id": "nm0787509", "name": "Renuka Shahane"}, {"imdb_id": "nm0622186", "name": "Alok Nath"}, {"imdb_id": "nm0451600", "name": "Anupam Kher"}, {"imdb_id": "nm0481363", "name": "Reema Lagoo"}, {"imdb_id": "nm0082848", "name": "Bindu"}, {"imdb_id": "nm0882892", "name": "Ajit Vachani"}, {"imdb_id": "nm0787474", "name": "Satish Shah"}, {"imdb_id": "nm0794510", "name": "Himani Shivpuri"}, {"imdb_id": "nm1397524", "name": "Sahila Chaddha"}, {"imdb_id": "nm1118516", "name": "Dilip Joshi"}, {"imdb_id": "nm0073426", "name": "Laxmikant Berde"}, {"imdb_id": "nm1057856", "name": "Priya Arun"}, {"imdb_id": "nm1790760", "name": "Redo"}, {"imdb_id": "nm1657939", "name": "Srinivas Pathak"}, {"imdb_id": "nm0455454", "name": "Dinesh Hingoo"}, {"imdb_id": "nm2136994", "name": "Babbanlal Yadav"}, {"imdb_id": "nm1569082", "name": "Abha Bhandari"}, {"imdb_id": "nm1553001", "name": "Bala Dhingra"}, {"imdb_id": "nm1824769", "name": "Sushil Verma"}, {"imdb_id": "nm1040577", "name": "Pramode Kumar"}, {"imdb_id": "nm1549771", "name": "Nandlal Jaiswal"}, {"imdb_id": "nm1548528", "name": "Chhaya"}, {"imdb_id": "nm1378756", "name": "Sudarshan"}, {"imdb_id": "nm1799823", "name": "Jayshree R. Godbole"}, {"imdb_id": "nm1800200", "name": "Kavita Kamath"}, {"imdb_id": "nm1824617", "name": "Avani A. Patel"}, {"imdb_id": "nm1800304", "name": "Deepali S. Kothari"}, {"imdb_id": "nm1800194", "name": "Shweta Kalgutkar"}, {"imdb_id": "nm1799128", "name": "Devshree R. Bhojak"}, {"imdb_id": "nm1794548", "name": "Kinnary R. Bhojak"}, {"imdb_id": "nm0201711", "name": "Harbans Darshan M. Arora"}, {"imdb_id": "nm7859068", "name": "Kedarnath Saigal"}, {"imdb_id": "nm2142231", "name": "Ratna Shetty"}, {"imdb_id": "nm9045541", "name": "Shirley"}, {"imdb_id": "nm1001861", "name": "Sunita"}]