[{"imdb_id": "nm0451148", "name": "Aamir Khan"}, {"imdb_id": "nm0961737", "name": "Gracy Singh"}, {"imdb_id": "nm0791226", "name": "Rachel Shelley"}, {"imdb_id": "nm0085860", "name": "Paul Blackthorne"}, {"imdb_id": "nm0611663", "name": "Suhasini Mulay"}, {"imdb_id": "nm0451425", "name": "Kulbhushan Kharbanda"}, {"imdb_id": "nm0944834", "name": "Raghuvir Yadav"}, {"imdb_id": "nm0348490", "name": "Rajendra Gupta"}, {"imdb_id": "nm0900267", "name": "Rajesh Vivek"}, {"imdb_id": "nm0904503", "name": "Shri Vallabh Vyas"}, {"imdb_id": "nm0451242", "name": "Javed Khan"}, {"imdb_id": "nm0958861", "name": "Raj Zutshi"}, {"imdb_id": "nm0592782", "name": "Akhilendra Mishra"}, {"imdb_id": "nm1004804", "name": "Daya Shankar Pandey"}, {"imdb_id": "nm1004985", "name": "Yashpal Sharma"}, {"imdb_id": "nm1004422", "name": "Amin Hajee"}, {"imdb_id": "nm1004887", "name": "Pradeep Singh Rawat"}, {"imdb_id": "nm1004575", "name": "Aditya Lakhia"}, {"imdb_id": "nm0359845", "name": "A.K. Hangal"}, {"imdb_id": "nm0746546", "name": "John Rowe"}, {"imdb_id": "nm0304564", "name": "David Gant"}, {"imdb_id": "nm0157461", "name": "Jeremy Child"}, {"imdb_id": "nm0623739", "name": "Ben Nealon"}, {"imdb_id": "nm0796107", "name": "Anupam Shyam"}, {"imdb_id": "nm1003997", "name": "Raja Awasthi"}, {"imdb_id": "nm1004690", "name": "Pramatesh Mehta"}, {"imdb_id": "nm1005102", "name": "Bhim Vakani"}, {"imdb_id": "nm1004362", "name": "Amin Gazi"}, {"imdb_id": "nm1003975", "name": "Anu Ansari"}, {"imdb_id": "nm1004008", "name": "Parveen Bano"}, {"imdb_id": "nm0257421", "name": "Chris England"}, {"imdb_id": "nm0497404", "name": "Howard Lee"}, {"imdb_id": "nm0392050", "name": "Simon Holmes"}, {"imdb_id": "nm1004293", "name": "Ray Eves"}, {"imdb_id": "nm0396675", "name": "Jon House"}, {"imdb_id": "nm1005609", "name": "Neil Patrick"}, {"imdb_id": "nm1004175", "name": "Jamie Whitby Coles"}, {"imdb_id": "nm0366151", "name": "Barry Hart"}, {"imdb_id": "nm1004994", "name": "Alex Shirtcliff"}, {"imdb_id": "nm0000821", "name": "Amitabh Bachchan"}]