[{"imdb_id": "nm0004487", "name": "Juhi Chawla"}, {"imdb_id": "nm0219971", "name": "Sunny Deol"}, {"imdb_id": "nm0451321", "name": "Shah Rukh Khan"}, {"imdb_id": "nm0451600", "name": "Anupam Kher"}, {"imdb_id": "nm0044343", "name": "Tanvi Azmi"}, {"imdb_id": "nm1275889", "name": "Raj Hans"}, {"imdb_id": "nm0438465", "name": "Annu Kapoor"}, {"imdb_id": "nm1025299", "name": "Neena Softa"}, {"imdb_id": "nm2552323", "name": "Piloo J. Wadia"}, {"imdb_id": "nm0025630", "name": "Vikas Anand"}, {"imdb_id": "nm0846681", "name": "Dalip Tahil"}]