[{"imdb_id": "nm0219971", "name": "Sunny Deol"}, {"imdb_id": "nm0792911", "name": "Sunil Shetty"}, {"imdb_id": "nm0451379", "name": "Akshaye Khanna"}, {"imdb_id": "nm0006763", "name": "Jackie Shroff"}, {"imdb_id": "nm0077681", "name": "Sudesh Berry"}, {"imdb_id": "nm0411539", "name": "Puneet Issar"}, {"imdb_id": "nm0451425", "name": "Kulbhushan Kharbanda"}, {"imdb_id": "nm0007102", "name": "Tabu"}, {"imdb_id": "nm0347901", "name": "Rakhee Gulzar"}, {"imdb_id": "nm0080324", "name": "Pooja Bhatt"}, {"imdb_id": "nm1166510", "name": "Sharbani Mukherji"}, {"imdb_id": "nm0999159", "name": "Sapna Bedi"}, {"imdb_id": "nm0657155", "name": "Amrit Pal"}, {"imdb_id": "nm1206435", "name": "Mahabir Bhullar"}, {"imdb_id": "nm1400013", "name": "Sanjeeva"}, {"imdb_id": "nm1616644", "name": "Amit Ghanshyam"}, {"imdb_id": "nm1623050", "name": "Arvind Mehta"}, {"imdb_id": "nm1685252", "name": "Ramana"}, {"imdb_id": "nm1595793", "name": "Raju Delhiwala"}, {"imdb_id": "nm1532631", "name": "Pardesi"}, {"imdb_id": "nm1647642", "name": "Kamlesh Vyas"}, {"imdb_id": "nm1693122", "name": "Ashok Asrani"}, {"imdb_id": "nm1316795", "name": "Jasbir Singh"}, {"imdb_id": "nm1616485", "name": "Hemant Chaudhary"}, {"imdb_id": "nm1616691", "name": "Gyanendra"}, {"imdb_id": "nm1298241", "name": "Deepak Bhatia"}, {"imdb_id": "nm1617234", "name": "Shivaji Shingh"}, {"imdb_id": "nm1693119", "name": "Ashoka"}, {"imdb_id": "nm0710211", "name": "Ranjeet"}, {"imdb_id": "nm1617169", "name": "Rizwaan"}, {"imdb_id": "nm6391756", "name": "Rajiv Goswami"}]