[{"imdb_id": "nm0451148", "name": "Aamir Khan"}, {"imdb_id": "nm0611552", "name": "Rani Mukerji"}, {"imdb_id": "nm0438496", "name": "Rajit Kapoor"}, {"imdb_id": "nm0890622", "name": "Mita Vasisht"}, {"imdb_id": "nm0768296", "name": "Sharat Saxena"}, {"imdb_id": "nm0863120", "name": "Deepak Tijori"}, {"imdb_id": "nm1014371", "name": "Akshay Anand"}, {"imdb_id": "nm1200011", "name": "Bobby Sainy"}, {"imdb_id": "nm0846681", "name": "Dalip Tahil"}, {"imdb_id": "nm1199508", "name": "Raju Kher"}, {"imdb_id": "nm1065949", "name": "Madhu Malhotra"}, {"imdb_id": "nm1185319", "name": "Ashwin Kaushal"}, {"imdb_id": "nm0709359", "name": "Ashutosh Rana"}, {"imdb_id": "nm1234008", "name": "Anil Rajput"}, {"imdb_id": "nm1835719", "name": "Javed Rizvi Jarehavi"}, {"imdb_id": "nm1207750", "name": "Umesh Ghadge"}, {"imdb_id": "nm1004804", "name": "Daya Shankar Pandey"}, {"imdb_id": "nm0200895", "name": "Janardhan Darab"}, {"imdb_id": "nm1617057", "name": "Kamlesh Oza"}, {"imdb_id": "nm1617281", "name": "Kamlesh Surve"}, {"imdb_id": "nm0451299", "name": "Razak Khan"}, {"imdb_id": "nm1339795", "name": "Kiran Randhawa"}, {"imdb_id": "nm8623716", "name": "Robert"}, {"imdb_id": "nm1165589", "name": "Prakash Khetani"}, {"imdb_id": "nm1276190", "name": "Pappu Khan"}, {"imdb_id": "nm1616858", "name": "Prabir Kumar"}, {"imdb_id": "nm1616783", "name": "Rajab Jaffri"}, {"imdb_id": "nm1694462", "name": "Swarnesh Mohan"}, {"imdb_id": "nm1616868", "name": "Ashok Laad"}, {"imdb_id": "nm0014164", "name": "Mukhtar Ahmed"}, {"imdb_id": "nm1335603", "name": "Shaikh Sami"}, {"imdb_id": "nm0958860", "name": "Prithvi Zutshi"}, {"imdb_id": "nm1645741", "name": "Ankush Mohla"}, {"imdb_id": "nm1301849", "name": "Rakesh"}, {"imdb_id": "nm0698116", "name": "Prithvi"}, {"imdb_id": "nm1616780", "name": "Gajanan Jadhav"}, {"imdb_id": "nm1401443", "name": "Ahmed"}, {"imdb_id": "nm1207805", "name": "Harjeet Walia"}, {"imdb_id": "nm1695210", "name": "Trani"}, {"imdb_id": "nm1617136", "name": "Tayyab Qureshi"}, {"imdb_id": "nm1693992", "name": "Master Karan"}, {"imdb_id": "nm1235357", "name": "Master Kunal"}, {"imdb_id": "nm1018468", "name": "Master Mazhar"}, {"imdb_id": "nm2579169", "name": "Salim Khan Ding-Dong"}, {"imdb_id": "nm1004422", "name": "Amin Hajee"}, {"imdb_id": "nm8960676", "name": "Omkaar"}, {"imdb_id": "nm1588618", "name": "Govind Pandey"}, {"imdb_id": "nm2001246", "name": "Janardhan Parab"}]