[{"imdb_id": "nm0706787", "name": "Aishwarya Rai Bachchan"}, {"imdb_id": "nm0006795", "name": "Salman Khan"}, {"imdb_id": "nm0222426", "name": "Ajay Devgn"}, {"imdb_id": "nm0782247", "name": "Zohra Sehgal"}, {"imdb_id": "nm0324845", "name": "Vikram Gokhale"}, {"imdb_id": "nm0419741", "name": "Smita Jaykar"}, {"imdb_id": "nm0710601", "name": "Rekha Rao"}, {"imdb_id": "nm0894348", "name": "Rajeev Verma"}, {"imdb_id": "nm1199163", "name": "Kenneth Desai"}, {"imdb_id": "nm0619684", "name": "Ghanshyam Nayak"}, {"imdb_id": "nm0665555", "name": "Vinay Pathak"}, {"imdb_id": "nm0149441", "name": "Sheeba Chaddha"}, {"imdb_id": "nm0894344", "name": "Meenakshi Verma"}, {"imdb_id": "nm0465930", "name": "Preeti Koppikar"}, {"imdb_id": "nm0415555", "name": "Divya Jagdale"}, {"imdb_id": "nm0318693", "name": "Kannu Gill"}, {"imdb_id": "nm1259094", "name": "Ehsan Khan"}, {"imdb_id": "nm0594104", "name": "Atul Kumar Mittal"}, {"imdb_id": "nm3642647", "name": "Paresh Mokashi"}, {"imdb_id": "nm0451239", "name": "Jameel Khan"}, {"imdb_id": "nm0408369", "name": "Dimple Inamdar"}, {"imdb_id": "nm0802101", "name": "Canny Singh"}, {"imdb_id": "nm4643944", "name": "Archana Gokhale"}, {"imdb_id": "nm0656866", "name": "Harry Paintal"}, {"imdb_id": "nm0015104", "name": "Akash Karnataki"}, {"imdb_id": "nm0318616", "name": "Amrik Gill"}, {"imdb_id": "nm0880323", "name": "Milind Ukey"}, {"imdb_id": "nm0374974", "name": "Helen"}, {"imdb_id": "nm0937380", "name": "Istv\u00e1n Wohlmuth"}, {"imdb_id": "nm4633923", "name": "Bal\u00e1zs G\u00f6rg\u00e9nyl"}, {"imdb_id": "nm1701679", "name": "Istv\u00e1n Fekete"}, {"imdb_id": "nm4645042", "name": "J\u00e1nos Szentrimai"}, {"imdb_id": "nm0770460", "name": "Magda Scheer"}, {"imdb_id": "nm0701643", "name": "P\u00e9ter P\u00e1lfai"}, {"imdb_id": "nm4574155", "name": "Csilla Szab\u00f3"}, {"imdb_id": "nm1213738", "name": "J\u00e1nos Perj\u00e9s"}, {"imdb_id": "nm0746976", "name": "Coralie Roy"}]