[{"imdb_id": "nm0007107", "name": "Urmila Matondkar"}, {"imdb_id": "nm0451148", "name": "Aamir Khan"}, {"imdb_id": "nm0006763", "name": "Jackie Shroff"}, {"imdb_id": "nm0004109", "name": "Gulshan Grover"}, {"imdb_id": "nm0318622", "name": "Avtar Gill"}, {"imdb_id": "nm0693027", "name": "Achyut Potdar"}, {"imdb_id": "nm0481363", "name": "Reema Lagoo"}, {"imdb_id": "nm0595916", "name": "Ram Mohan"}, {"imdb_id": "nm0787889", "name": "Shammi"}, {"imdb_id": "nm0156858", "name": "Shefali Shah"}, {"imdb_id": "nm0430812", "name": "Rajesh Joshi"}, {"imdb_id": "nm0838520", "name": "Suman"}, {"imdb_id": "nm2958032", "name": "Tarun"}, {"imdb_id": "nm1217262", "name": "Rajeev Mehta"}, {"imdb_id": "nm0708139", "name": "Ramdas"}, {"imdb_id": "nm0220834", "name": "Nitin Chandrakant Desai"}, {"imdb_id": "nm1687879", "name": "K.B. Jatin"}, {"imdb_id": "nm1202853", "name": "Haniif Sheikh"}, {"imdb_id": "nm1536749", "name": "Himanshu"}, {"imdb_id": "nm1055105", "name": "Madhur Bhandarkar"}, {"imdb_id": "nm1150656", "name": "Remo D'Souza"}, {"imdb_id": "nm0329749", "name": "Sanjay Goradia"}, {"imdb_id": "nm0451314", "name": "Saroj Khan"}, {"imdb_id": "nm0621251", "name": "Aditya Narayan"}, {"imdb_id": "nm0903423", "name": "Neeraj Vora"}]