[{"imdb_id": "nm0451148", "name": "Aamir Khan"}, {"imdb_id": "nm0422586", "name": "Ayesha Jhulka"}, {"imdb_id": "nm0863120", "name": "Deepak Tijori"}, {"imdb_id": "nm0066070", "name": "Pooja Bedi"}, {"imdb_id": "nm0451425", "name": "Kulbhushan Kharbanda"}, {"imdb_id": "nm0541092", "name": "Mamik Singh"}, {"imdb_id": "nm1179456", "name": "Kiran Zaveri"}, {"imdb_id": "nm0451156", "name": "Ahmed Khan"}, {"imdb_id": "nm1090174", "name": "Ravindra Kapoor"}, {"imdb_id": "nm0971111", "name": "Deb Mukherjee"}, {"imdb_id": "nm1004575", "name": "Aditya Lakhia"}, {"imdb_id": "nm0080409", "name": "Deven Bhojani"}, {"imdb_id": "nm2474685", "name": "Miki Khan"}, {"imdb_id": "nm0695151", "name": "Prakash"}, {"imdb_id": "nm2493709", "name": "Suraj Thapar"}, {"imdb_id": "nm2474684", "name": "Bobby Khanna"}, {"imdb_id": "nm1738605", "name": "Sanam Oberoi"}, {"imdb_id": "nm1617755", "name": "Shehnaz Kudia"}, {"imdb_id": "nm1302373", "name": "Siraj Syed"}, {"imdb_id": "nm0788953", "name": "Sharokh Bharucha"}, {"imdb_id": "nm1405359", "name": "Imran Khan"}, {"imdb_id": "nm2147526", "name": "Asrani"}, {"imdb_id": "nm0882892", "name": "Ajit Vachani"}, {"imdb_id": "nm0820283", "name": "Anjan Srivastav"}, {"imdb_id": "nm0080327", "name": "Robin Bhatt"}, {"imdb_id": "nm2579169", "name": "Salim Khan Ding-Dong"}, {"imdb_id": "nm1430830", "name": "Maria Goretti"}, {"imdb_id": "nm1269729", "name": "Jatin Pandit"}, {"imdb_id": "nm0006430", "name": "Girija Shettar"}, {"imdb_id": "nm5650997", "name": "Shekhar Shukla"}, {"imdb_id": "nm1244760", "name": "Amole Gupte"}, {"imdb_id": "nm0451207", "name": "Faisal Khan"}]