[{"imdb_id": "nm0451321", "name": "Shah Rukh Khan"}, {"imdb_id": "nm0004418", "name": "Kajol"}, {"imdb_id": "nm0846681", "name": "Dalip Tahil"}, {"imdb_id": "nm0347901", "name": "Rakhee Gulzar"}, {"imdb_id": "nm0792908", "name": "Shilpa Shetty Kundra"}, {"imdb_id": "nm0796494", "name": "Siddharth"}, {"imdb_id": "nm0505323", "name": "Johnny Lever"}, {"imdb_id": "nm0536705", "name": "Ananth Narayan Mahadevan"}, {"imdb_id": "nm0540022", "name": "Daboo Malik"}, {"imdb_id": "nm0455454", "name": "Dinesh Hingoo"}, {"imdb_id": "nm0409779", "name": "Adi Irani"}, {"imdb_id": "nm1923936", "name": "Resham Tipnis"}, {"imdb_id": "nm0665350", "name": "Amrit Patel"}, {"imdb_id": "nm1263952", "name": "Sumeet Pathak"}, {"imdb_id": "nm1024811", "name": "Manmauji"}, {"imdb_id": "nm1446308", "name": "Harpal Singh Pali"}, {"imdb_id": "nm0153241", "name": "Charlie"}, {"imdb_id": "nm1555152", "name": "Raju Srivastava"}, {"imdb_id": "nm1060799", "name": "Asha Singh"}, {"imdb_id": "nm0176462", "name": "Dinyar Contractor"}, {"imdb_id": "nm1059341", "name": "Baby Rupal"}, {"imdb_id": "nm1546762", "name": "Sweety"}, {"imdb_id": "nm1547940", "name": "Ateka"}, {"imdb_id": "nm1041126", "name": "Devendra Pandit"}, {"imdb_id": "nm3976983", "name": "Naushaad Abbas"}, {"imdb_id": "nm1017572", "name": "Akbar Bakshi"}, {"imdb_id": "nm9463310", "name": "Avtar Singh Gullu"}, {"imdb_id": "nm1549897", "name": "Col. Kapoor"}, {"imdb_id": "nm0006182", "name": "Anu Malik"}, {"imdb_id": "nm9036653", "name": "Surendra Rahi"}, {"imdb_id": "nm0711757", "name": "Vinod Rathod"}, {"imdb_id": "nm1063973", "name": "Harpal Singh"}, {"imdb_id": "nm0951149", "name": "Yusuf"}]