[{"imdb_id": "nm0473329", "name": "Shawn Ku"}, {"imdb_id": "nm0161198", "name": "Christy Chung"}, {"imdb_id": "nm0061088", "name": "Neelesha Barthel"}, {"imdb_id": "nm1146415", "name": "Lhakpa Tsering"}, {"imdb_id": "nm1146376", "name": "Tenzin Tashi"}, {"imdb_id": "nm1145554", "name": "Jamayang Jinpa"}, {"imdb_id": "nm1146201", "name": "Sherab Sangey"}, {"imdb_id": "nm1146375", "name": "Kelsang Tashi"}, {"imdb_id": "nm1146413", "name": "Tsepak Tsangpo"}, {"imdb_id": "nm9540707", "name": "Norbu Dolma"}, {"imdb_id": "nm9540706", "name": "Sonam Gyatso"}, {"imdb_id": "nm0848441", "name": "Jampa Kalsang Tamang"}]