[{"imdb_id": "nm0451321", "name": "Shah Rukh Khan"}, {"imdb_id": "nm0471472", "name": "Suchitra Krishnamoorthi"}, {"imdb_id": "nm0863120", "name": "Deepak Tijori"}, {"imdb_id": "nm0080150", "name": "Rita Bhaduri"}, {"imdb_id": "nm0787474", "name": "Satish Shah"}, {"imdb_id": "nm0820283", "name": "Anjan Srivastav"}, {"imdb_id": "nm0438474", "name": "Goga Kapoor"}, {"imdb_id": "nm0848308", "name": "Tiku Talsania"}, {"imdb_id": "nm0060629", "name": "Ravi Baswani"}, {"imdb_id": "nm0787462", "name": "Naseeruddin Shah"}, {"imdb_id": "nm0004487", "name": "Juhi Chawla"}, {"imdb_id": "nm0213493", "name": "Kurush Deboo"}, {"imdb_id": "nm1004575", "name": "Aditya Lakhia"}, {"imdb_id": "nm1694888", "name": "Shashi Sahay"}, {"imdb_id": "nm1617868", "name": "Jyothi Nathani"}, {"imdb_id": "nm1617825", "name": "Preeta Mathur"}, {"imdb_id": "nm1385905", "name": "Snehal Lakhia"}, {"imdb_id": "nm1618000", "name": "Munira Siddiqui"}, {"imdb_id": "nm0882892", "name": "Ajit Vachani"}, {"imdb_id": "nm0332950", "name": "Ashutosh Gowariker"}, {"imdb_id": "nm4041533", "name": "Anita Kanwal"}, {"imdb_id": "nm0451360", "name": "Suhaas Khandke"}, {"imdb_id": "nm0768297", "name": "Virendra Saxena"}, {"imdb_id": "nm0796513", "name": "Sadiya Siddiqui"}, {"imdb_id": "nm0890875", "name": "Vivek Vaswani"}]