[{"imdb_id": "nm0451148", "name": "Aamir Khan"}, {"imdb_id": "nm0201903", "name": "Nandita Das"}, {"imdb_id": "nm0451391", "name": "Rahul Khanna"}, {"imdb_id": "nm0786040", "name": "Maia Sethna"}, {"imdb_id": "nm2341882", "name": "Babby Singh"}, {"imdb_id": "nm0317307", "name": "Kitu Gidwani"}, {"imdb_id": "nm0944834", "name": "Raghuvir Yadav"}, {"imdb_id": "nm0159526", "name": "Kabir Chowdhury"}, {"imdb_id": "nm0952232", "name": "Arif Zakaria"}, {"imdb_id": "nm0677139", "name": "Eric Peterson"}, {"imdb_id": "nm0004109", "name": "Gulshan Grover"}, {"imdb_id": "nm0907961", "name": "Lauren Walker"}, {"imdb_id": "nm0415827", "name": "Cinia Jain"}, {"imdb_id": "nm0424104", "name": "Navtej Singh Johar"}, {"imdb_id": "nm0539497", "name": "Pavan Malhotra"}, {"imdb_id": "nm0576493", "name": "Sunil Mehra"}, {"imdb_id": "nm0451425", "name": "Kulbhushan Kharbanda"}, {"imdb_id": "nm0052569", "name": "Roshan Banu"}, {"imdb_id": "nm0802198", "name": "Radhika Singh"}, {"imdb_id": "nm0576583", "name": "Varun Mehta"}, {"imdb_id": "nm0301102", "name": "Mahesh Gahalot"}, {"imdb_id": "nm0159151", "name": "Gatanjill Chopra"}, {"imdb_id": "nm0159163", "name": "Sahiba Chopra"}, {"imdb_id": "nm0159164", "name": "Sia Chopra"}, {"imdb_id": "nm0802082", "name": "Annabelle"}, {"imdb_id": "nm2578266", "name": "Sandeep Singh"}, {"imdb_id": "nm0707868", "name": "Rahul Ram"}, {"imdb_id": "nm0474865", "name": "Ravinder Kumar"}, {"imdb_id": "nm0623239", "name": "Veer Prakash Nayar"}, {"imdb_id": "nm1184362", "name": "Babloo"}, {"imdb_id": "nm0415823", "name": "Ashok Jain"}, {"imdb_id": "nm0438491", "name": "Pradeep Kapoor"}, {"imdb_id": "nm0412917", "name": "Javed Jaffrey"}, {"imdb_id": "nm0403948", "name": "Hussain"}, {"imdb_id": "nm0708009", "name": "Malani Ramani"}, {"imdb_id": "nm0034796", "name": "Arif"}, {"imdb_id": "nm0558989", "name": "Mohini Mathur"}, {"imdb_id": "nm0062615", "name": "Mayura Baweja"}, {"imdb_id": "nm0534862", "name": "Madhavendra"}, {"imdb_id": "nm0410110", "name": "Mohammed Irshad"}, {"imdb_id": "nm0952299", "name": "Sagar Zakhmi"}, {"imdb_id": "nm0632352", "name": "Avinash Nimeshswami"}, {"imdb_id": "nm0759510", "name": "Nagesh Salwan"}, {"imdb_id": "nm2566476", "name": "Adil Sheikh"}, {"imdb_id": "nm2538733", "name": "Anil Chandra Prakash"}, {"imdb_id": "nm0796591", "name": "Bapsi Sidhwa"}, {"imdb_id": "nm6192508", "name": "Vinod Nahardih"}, {"imdb_id": "nm0000818", "name": "Shabana Azmi"}]