[{"imdb_id": "nm0451321", "name": "Shah Rukh Khan"}, {"imdb_id": "nm0004418", "name": "Kajol"}, {"imdb_id": "nm0700869", "name": "Amrish Puri"}, {"imdb_id": "nm0416077", "name": "Farida Jalal"}, {"imdb_id": "nm0451600", "name": "Anupam Kher"}, {"imdb_id": "nm0786033", "name": "Parmeet Sethi"}, {"imdb_id": "nm0990671", "name": "Mandira Bedi"}, {"imdb_id": "nm0787474", "name": "Satish Shah"}, {"imdb_id": "nm0794510", "name": "Himani Shivpuri"}, {"imdb_id": "nm0750408", "name": "Pooja Ruparel"}, {"imdb_id": "nm0755087", "name": "Achala Sachdev"}, {"imdb_id": "nm1738312", "name": "Damyanti Puri"}, {"imdb_id": "nm0864607", "name": "Lalit Tiwari"}, {"imdb_id": "nm1021365", "name": "Hemlata Deepak"}, {"imdb_id": "nm1738220", "name": "Mohit Kumar"}, {"imdb_id": "nm1738259", "name": "Mansoor Merchant"}, {"imdb_id": "nm1385758", "name": "Govind Khatri"}, {"imdb_id": "nm1739852", "name": "Rajesh Bhatija"}, {"imdb_id": "nm1738187", "name": "Shanker Iyer"}, {"imdb_id": "nm1738280", "name": "Baby Nupur"}, {"imdb_id": "nm1738316", "name": "Baby Raashi"}, {"imdb_id": "nm0025588", "name": "Anaita Shroff"}, {"imdb_id": "nm0754818", "name": "Arjun Sablok"}, {"imdb_id": "nm0424103", "name": "Karan Johar"}, {"imdb_id": "nm0657829", "name": "Pallavi"}, {"imdb_id": "nm1740181", "name": "Anita Shroff"}, {"imdb_id": "nm1738670", "name": "Tulika"}, {"imdb_id": "nm0159167", "name": "Uday Chopra"}, {"imdb_id": "nm9036653", "name": "Surendra Rahi"}]