[{"imdb_id": "nm0035018", "name": "Arjun Sarja"}, {"imdb_id": "nm0463539", "name": "Manisha Koirala"}, {"imdb_id": "nm0706499", "name": "Raghuvaran"}, {"imdb_id": "nm0883014", "name": "Vadivelu"}, {"imdb_id": "nm0359880", "name": "Cochin Hanifa"}, {"imdb_id": "nm0481798", "name": "Laila"}, {"imdb_id": "nm0897206", "name": "Vijayakumar"}, {"imdb_id": "nm0542478", "name": "Manivannan"}, {"imdb_id": "nm1468843", "name": "Kalairani"}, {"imdb_id": "nm1416460", "name": "Omakuchi Narasimhan"}, {"imdb_id": "nm0784047", "name": "Sushmita Sen"}, {"imdb_id": "nm1127631", "name": "Surya"}]