[{"imdb_id": "nm0000821", "name": "Amitabh Bachchan"}, {"imdb_id": "nm0080149", "name": "Jaya Bachchan"}, {"imdb_id": "nm0451321", "name": "Shah Rukh Khan"}, {"imdb_id": "nm0004418", "name": "Kajol"}, {"imdb_id": "nm0004335", "name": "Hrithik Roshan"}, {"imdb_id": "nm0004626", "name": "Kareena Kapoor"}, {"imdb_id": "nm0416077", "name": "Farida Jalal"}, {"imdb_id": "nm1159410", "name": "Jibraan Khan"}, {"imdb_id": "nm0611552", "name": "Rani Mukerji"}, {"imdb_id": "nm0622186", "name": "Alok Nath"}, {"imdb_id": "nm0505323", "name": "Johnny Lever"}, {"imdb_id": "nm0755087", "name": "Achala Sachdev"}, {"imdb_id": "nm0794510", "name": "Himani Shivpuri"}, {"imdb_id": "nm0451175", "name": "Aryan Khan"}, {"imdb_id": "nm0786024", "name": "Sushma Seth"}, {"imdb_id": "nm0789374", "name": "Shashikala"}, {"imdb_id": "nm1159094", "name": "Tamzin Griffin"}, {"imdb_id": "nm1160464", "name": "Ramona Sunavala"}, {"imdb_id": "nm1160723", "name": "Jeroo Writer"}, {"imdb_id": "nm1160308", "name": "Vikas Sethi"}, {"imdb_id": "nm0970210", "name": "Simone Singh"}, {"imdb_id": "nm1160112", "name": "Malvika Raaj"}, {"imdb_id": "nm1159234", "name": "Holly Holdsworth"}, {"imdb_id": "nm1159638", "name": "Kavesh Majmudar"}, {"imdb_id": "nm1159564", "name": "Jessey Lever"}, {"imdb_id": "nm3720875", "name": "Amar Adatia"}, {"imdb_id": "nm4361080", "name": "Abraham Chowdhury"}, {"imdb_id": "nm2460840", "name": "Ali Haji"}, {"imdb_id": "nm5126775", "name": "Bharat Mistri"}, {"imdb_id": "nm3724803", "name": "Samir Shah"}, {"imdb_id": "nm0908224", "name": "Stephen Walker"}, {"imdb_id": "nm6646387", "name": "Kishore Bhatt"}, {"imdb_id": "nm0098517", "name": "Ian Botham"}, {"imdb_id": "nm0202119", "name": "Parzaan Dastur"}, {"imdb_id": "nm0361407", "name": "Jugal Hansraj"}, {"imdb_id": "nm8859414", "name": "Minaxi Hira"}, {"imdb_id": "nm1307449", "name": "Michael Holding"}, {"imdb_id": "nm1159647", "name": "Punit Malhotra"}, {"imdb_id": "nm0576577", "name": "Shilpa Mehta"}, {"imdb_id": "nm1160356", "name": "Ashutosh Singh"}, {"imdb_id": "nm1160492", "name": "Amar Talwar"}]