[{"imdb_id": "nm0534856", "name": "Madhavan"}, {"imdb_id": "nm0451307", "name": "Saif Ali Khan"}, {"imdb_id": "nm1069850", "name": "Dia Mirza"}, {"imdb_id": "nm0386358", "name": "Vrajesh Hirjee"}, {"imdb_id": "nm0193022", "name": "Tanaaz Currim Irani"}, {"imdb_id": "nm0451600", "name": "Anupam Kher"}, {"imdb_id": "nm0632615", "name": "Navin Nischol"}, {"imdb_id": "nm0419741", "name": "Smita Jaykar"}, {"imdb_id": "nm0659235", "name": "Hemant Pandey"}, {"imdb_id": "nm1294647", "name": "Kabir Sadana"}, {"imdb_id": "nm1293815", "name": "Reshma Modi"}, {"imdb_id": "nm0015808", "name": "Maya Alagh"}, {"imdb_id": "nm1328817", "name": "Kabir Sadanand"}]