[{"imdb_id": "nm0787462", "name": "Naseeruddin Shah"}, {"imdb_id": "nm0239267", "name": "Lillete Dubey"}, {"imdb_id": "nm0156858", "name": "Shefali Shah"}, {"imdb_id": "nm0704694", "name": "Vijay Raaz"}, {"imdb_id": "nm0794818", "name": "Tillotama Shome"}, {"imdb_id": "nm0201918", "name": "Vasundhara Das"}, {"imdb_id": "nm0196375", "name": "Parvin Dabas"}, {"imdb_id": "nm0451425", "name": "Kulbhushan Kharbanda"}, {"imdb_id": "nm0451381", "name": "Kamini Khanna"}, {"imdb_id": "nm0438494", "name": "Rajat Kapoor"}, {"imdb_id": "nm0239268", "name": "Neha Dubey"}, {"imdb_id": "nm0452326", "name": "Kemaya Kidwai"}, {"imdb_id": "nm0619750", "name": "Ishaan Nair"}, {"imdb_id": "nm0393535", "name": "Randeep Hooda"}, {"imdb_id": "nm0786022", "name": "Roshan Seth"}, {"imdb_id": "nm0713618", "name": "Soni Razdan"}, {"imdb_id": "nm0038170", "name": "Sameer Arya"}, {"imdb_id": "nm0901137", "name": "Rahul Vohra"}, {"imdb_id": "nm0711554", "name": "Natasha Rastogi"}, {"imdb_id": "nm0080446", "name": "Vimla Bhushan"}, {"imdb_id": "nm0659236", "name": "Ira Pandey"}, {"imdb_id": "nm0080349", "name": "Dibyendu Bhattacharya"}, {"imdb_id": "nm0051721", "name": "Deepak Kumar Bandhu"}, {"imdb_id": "nm0422550", "name": "Pankaj Jha"}, {"imdb_id": "nm0558989", "name": "Mohini Mathur"}, {"imdb_id": "nm0221529", "name": "Sharda Desoares"}, {"imdb_id": "nm0452327", "name": "Rumaan Kidwai"}, {"imdb_id": "nm0619775", "name": "Sahira Nair"}, {"imdb_id": "nm0619780", "name": "Urvashi Nair"}, {"imdb_id": "nm0438632", "name": "Ram Kapoor"}, {"imdb_id": "nm0037017", "name": "Jas Arora"}, {"imdb_id": "nm0348491", "name": "Rajiv Gupta"}, {"imdb_id": "nm0080365", "name": "Shubro Bhattacharya"}, {"imdb_id": "nm1234511", "name": "Rajiv Suri"}, {"imdb_id": "nm0619781", "name": "Vikram Nair"}, {"imdb_id": "nm0049290", "name": "Rajeev Bal"}, {"imdb_id": "nm0154657", "name": "Raman Chawla"}, {"imdb_id": "nm0609638", "name": "Milan Moudgill"}, {"imdb_id": "nm0214974", "name": "Himani Dehlvi"}, {"imdb_id": "nm1832300", "name": "Nishi Singh Bhadli"}, {"imdb_id": "nm0451386", "name": "Neelu Khanna"}, {"imdb_id": "nm0451436", "name": "Motilal Khare"}, {"imdb_id": "nm0761189", "name": "Paritosh Sand"}, {"imdb_id": "nm0135368", "name": "Ambar Capoor"}, {"imdb_id": "nm0719915", "name": "Renuka"}, {"imdb_id": "nm0044592", "name": "Inderjit B."}, {"imdb_id": "nm0802208", "name": "Reena Singh"}, {"imdb_id": "nm0801798", "name": "Madan Bala Sindhu"}, {"imdb_id": "nm1140453", "name": "Rekha"}, {"imdb_id": "nm1832660", "name": "Nilambari Chintamani"}, {"imdb_id": "nm0159152", "name": "Gita Chopra"}, {"imdb_id": "nm0159160", "name": "Priya Chopra"}, {"imdb_id": "nm0223526", "name": "Sabrina Dhawan"}, {"imdb_id": "nm0350404", "name": "Rimlu Gyani"}, {"imdb_id": "nm0471425", "name": "Mitva Krishen"}, {"imdb_id": "nm1854957", "name": "Jyotsana Laroiya"}, {"imdb_id": "nm0694896", "name": "Lavanya Prabhu"}, {"imdb_id": "nm0576584", "name": "Veetu Mehta"}, {"imdb_id": "nm0765222", "name": "Aparna Sarin"}, {"imdb_id": "nm0802104", "name": "Chitvan Singh"}, {"imdb_id": "nm0802237", "name": "Sonali Singh"}, {"imdb_id": "nm0619762", "name": "Mira Nair"}]