[{"imdb_id": "nm0222426", "name": "Ajay Devgn"}, {"imdb_id": "nm0482320", "name": "Mohanlal"}, {"imdb_id": "nm0463539", "name": "Manisha Koirala"}, {"imdb_id": "nm0084443", "name": "Seema Biswas"}, {"imdb_id": "nm1059103", "name": "Vivek Oberoi"}, {"imdb_id": "nm0539507", "name": "Antara Mali"}, {"imdb_id": "nm0452021", "name": "Akash Khurana"}, {"imdb_id": "nm0430799", "name": "Madan Joshi"}, {"imdb_id": "nm1189034", "name": "Bharat Dabholkar"}, {"imdb_id": "nm0944832", "name": "Ganesh Yadav"}, {"imdb_id": "nm0361637", "name": "Ashraf Ul Haq"}, {"imdb_id": "nm1218230", "name": "Akshay Verma"}, {"imdb_id": "nm0704694", "name": "Vijay Raaz"}, {"imdb_id": "nm1201151", "name": "Mukesh Bhatt"}, {"imdb_id": "nm1216585", "name": "Manoj Goyal"}, {"imdb_id": "nm1056425", "name": "Rajpal Yadav"}, {"imdb_id": "nm0556075", "name": "Sabir Masani"}, {"imdb_id": "nm1046059", "name": "Noor Mani"}, {"imdb_id": "nm1215999", "name": "Pankaj Budhama"}, {"imdb_id": "nm0592787", "name": "Hemant Mishra"}, {"imdb_id": "nm1217893", "name": "Rajendra Sethi"}, {"imdb_id": "nm0422550", "name": "Pankaj Jha"}, {"imdb_id": "nm0849197", "name": "Rajesh Tandon"}, {"imdb_id": "nm1122077", "name": "Harsh Chhaya"}, {"imdb_id": "nm1217387", "name": "Mukul Nag"}, {"imdb_id": "nm1216265", "name": "Shanu Dey"}, {"imdb_id": "nm1215886", "name": "Ajit Bhagat"}, {"imdb_id": "nm3385526", "name": "Gopal K. Singh"}, {"imdb_id": "nm1062903", "name": "Aryaman Sapru"}, {"imdb_id": "nm0903423", "name": "Neeraj Vora"}, {"imdb_id": "nm1217794", "name": "Rushali Arora"}, {"imdb_id": "nm1216930", "name": "Kirtida"}, {"imdb_id": "nm1216332", "name": "Dwani"}, {"imdb_id": "nm1217315", "name": "Mithila"}, {"imdb_id": "nm0221218", "name": "Makrand Deshpande"}, {"imdb_id": "nm0465929", "name": "Isha Koppikar"}, {"imdb_id": "nm0007107", "name": "Urmila Matondkar"}]