[{"imdb_id": "nm0482320", "name": "Mohanlal"}, {"imdb_id": "nm0811794", "name": "Shobana"}, {"imdb_id": "nm0329730", "name": "Suresh Gopi"}, {"imdb_id": "nm1110573", "name": "Vinaya Prakash"}, {"imdb_id": "nm0893449", "name": "Nedumudi Venu"}, {"imdb_id": "nm0409204", "name": "Innocent"}, {"imdb_id": "nm0433884", "name": "K.P.A.C. Lalitha"}, {"imdb_id": "nm1432530", "name": "Sudheesh"}, {"imdb_id": "nm0858128", "name": "Thilakan"}, {"imdb_id": "nm1432906", "name": "Ganesh Kumar"}, {"imdb_id": "nm1432362", "name": "Rudra"}, {"imdb_id": "nm0660658", "name": "Kuthiravattam Pappu"}, {"imdb_id": "nm2891925", "name": "Shridhar"}, {"imdb_id": "nm2366511", "name": "Bhagyalakshmi"}, {"imdb_id": "nm8571601", "name": "Durga Sundararajan"}, {"imdb_id": "nm0269778", "name": "Fazil"}]