[{"imdb_id": "nm0474774", "name": "Akshay Kumar"}, {"imdb_id": "nm0792911", "name": "Sunil Shetty"}, {"imdb_id": "nm0712546", "name": "Paresh Rawal"}, {"imdb_id": "nm0007102", "name": "Tabu"}, {"imdb_id": "nm0700875", "name": "Om Puri"}, {"imdb_id": "nm0004109", "name": "Gulshan Grover"}, {"imdb_id": "nm0451425", "name": "Kulbhushan Kharbanda"}, {"imdb_id": "nm0451383", "name": "Mukesh Khanna"}, {"imdb_id": "nm2147526", "name": "Asrani"}, {"imdb_id": "nm0451299", "name": "Razak Khan"}, {"imdb_id": "nm0787447", "name": "Kashmira Shah"}, {"imdb_id": "nm0038171", "name": "Sulabha Arya"}, {"imdb_id": "nm0455454", "name": "Dinesh Hingoo"}, {"imdb_id": "nm0451272", "name": "Mushtaq Khan"}, {"imdb_id": "nm0794363", "name": "Namrata Shirodkar"}, {"imdb_id": "nm0196400", "name": "Snehal Dabi"}, {"imdb_id": "nm0249807", "name": "Anna Edwards"}, {"imdb_id": "nm1416287", "name": "Maqsood"}]