[{"imdb_id": "nm0451321", "name": "Shah Rukh Khan"}, {"imdb_id": "nm0706787", "name": "Aishwarya Rai Bachchan"}, {"imdb_id": "nm0002043", "name": "Madhuri Dixit"}, {"imdb_id": "nm0006763", "name": "Jackie Shroff"}, {"imdb_id": "nm0451601", "name": "Kiron Kher"}, {"imdb_id": "nm0419741", "name": "Smita Jaykar"}, {"imdb_id": "nm0848308", "name": "Tiku Talsania"}, {"imdb_id": "nm0315551", "name": "Vijayendra Ghatge"}, {"imdb_id": "nm0348004", "name": "Milind Gunaji"}, {"imdb_id": "nm1030502", "name": "Ananya Khare"}, {"imdb_id": "nm1259084", "name": "Manoj Joshi"}, {"imdb_id": "nm2467355", "name": "Ava Mukherjee"}, {"imdb_id": "nm0665544", "name": "Dina Pathak"}, {"imdb_id": "nm0187960", "name": "Vijay Crishna"}, {"imdb_id": "nm1257474", "name": "Muni Jha"}, {"imdb_id": "nm1258281", "name": "Sunil Rege"}, {"imdb_id": "nm0080352", "name": "Jaya Bhattacharya"}, {"imdb_id": "nm0962574", "name": "Apara Mehta"}, {"imdb_id": "nm1257947", "name": "Mohit"}, {"imdb_id": "nm1257769", "name": "Bansaree Madhani"}, {"imdb_id": "nm1258539", "name": "Kapil Soni"}, {"imdb_id": "nm5727793", "name": "Rashika Pratap Singh"}, {"imdb_id": "nm1030306", "name": "Amardeep Jha"}, {"imdb_id": "nm1429248", "name": "Aksha Pardasany"}, {"imdb_id": "nm1263951", "name": "Gargi Patel"}, {"imdb_id": "nm1667476", "name": "Neha Pendse"}, {"imdb_id": "nm1801750", "name": "Disha Vakani"}, {"imdb_id": "nm1574570", "name": "Mona Parekh"}, {"imdb_id": "nm1917153", "name": "Vallabh Gada"}, {"imdb_id": "nm2826960", "name": "Atul Vyas"}, {"imdb_id": "nm2832108", "name": "Raja Kapse"}, {"imdb_id": "nm1634015", "name": "Heera Singh"}]