[{"imdb_id": "nm0451148", "name": "Aamir Khan"}, {"imdb_id": "nm0787462", "name": "Naseeruddin Shah"}, {"imdb_id": "nm0007114", "name": "Sonali Bendre"}, {"imdb_id": "nm0728262", "name": "Mukesh Rishi"}, {"imdb_id": "nm0452021", "name": "Akash Khurana"}, {"imdb_id": "nm0419741", "name": "Smita Jaykar"}, {"imdb_id": "nm1098018", "name": "Sukanya Kulkarni"}, {"imdb_id": "nm0451156", "name": "Ahmed Khan"}, {"imdb_id": "nm1004887", "name": "Pradeep Singh Rawat"}, {"imdb_id": "nm0221218", "name": "Makrand Deshpande"}, {"imdb_id": "nm0904503", "name": "Shri Vallabh Vyas"}, {"imdb_id": "nm0430812", "name": "Rajesh Joshi"}, {"imdb_id": "nm0451163", "name": "Ali Khan"}, {"imdb_id": "nm0802251", "name": "Upasna Singh"}, {"imdb_id": "nm0787472", "name": "Salim Shah"}, {"imdb_id": "nm1259084", "name": "Manoj Joshi"}, {"imdb_id": "nm0324744", "name": "Ramesh Goyal"}, {"imdb_id": "nm0905563", "name": "Khodus Wadia"}, {"imdb_id": "nm0881416", "name": "Anil Upadhyay"}, {"imdb_id": "nm0797773", "name": "Surekha Sikri"}, {"imdb_id": "nm1240791", "name": "Himayat Ali"}, {"imdb_id": "nm1258281", "name": "Sunil Rege"}, {"imdb_id": "nm0791513", "name": "Sunil Shende"}, {"imdb_id": "nm0707277", "name": "Rohit Raj"}, {"imdb_id": "nm1237974", "name": "Ramdas Jadhav"}, {"imdb_id": "nm1596214", "name": "Ashok Lokhande"}, {"imdb_id": "nm1596320", "name": "Ayush Morarka"}, {"imdb_id": "nm1071372", "name": "Rajendra Mehra"}, {"imdb_id": "nm1596104", "name": "Dinesh Kaushik"}, {"imdb_id": "nm1057054", "name": "Varun Vardhan"}, {"imdb_id": "nm1596505", "name": "Avtar Sahani"}, {"imdb_id": "nm1596388", "name": "Preet Oberoi"}, {"imdb_id": "nm1632038", "name": "Ajit Mehra"}, {"imdb_id": "nm1595617", "name": "Bawani"}, {"imdb_id": "nm1596422", "name": "Bharat Patil"}, {"imdb_id": "nm1686140", "name": "Parminder"}, {"imdb_id": "nm1596432", "name": "Dinesh Phadnis"}, {"imdb_id": "nm1595920", "name": "Vijay Gaikwad"}, {"imdb_id": "nm1311522", "name": "Pankaj Titoria"}, {"imdb_id": "nm1277861", "name": "Jaywant Wadkar"}, {"imdb_id": "nm1210713", "name": "Jaswinder Sachdev"}, {"imdb_id": "nm0408369", "name": "Dimple Inamdar"}, {"imdb_id": "nm1597314", "name": "Sunita Padbidri"}, {"imdb_id": "nm1685547", "name": "Rita"}, {"imdb_id": "nm1304068", "name": "Avantika"}, {"imdb_id": "nm0704654", "name": "Radhika Sarathkumar"}, {"imdb_id": "nm1568415", "name": "Kamal Adib"}, {"imdb_id": "nm1596350", "name": "Nawazuddin Siddiqui"}, {"imdb_id": "nm1596067", "name": "Yash Raj Jadhav"}, {"imdb_id": "nm1163828", "name": "Pinky Chinoy"}, {"imdb_id": "nm9648022", "name": "Paresh Bramhbhatt"}, {"imdb_id": "nm0592782", "name": "Akhilendra Mishra"}, {"imdb_id": "nm0620636", "name": "Govind Namdeo"}, {"imdb_id": "nm3976983", "name": "Naushaad Abbas"}]