[{"imdb_id": "nm0352032", "name": "Kamal Haasan"}, {"imdb_id": "nm0451321", "name": "Shah Rukh Khan"}, {"imdb_id": "nm0611552", "name": "Rani Mukerji"}, {"imdb_id": "nm0004564", "name": "Hema Malini"}, {"imdb_id": "nm0439784", "name": "Girish Karnad"}, {"imdb_id": "nm0787462", "name": "Naseeruddin Shah"}, {"imdb_id": "nm0700875", "name": "Om Puri"}, {"imdb_id": "nm0324845", "name": "Vikram Gokhale"}, {"imdb_id": "nm0795661", "name": "Saurabh Shukla"}, {"imdb_id": "nm0621937", "name": "Nassar"}, {"imdb_id": "nm0007806", "name": "Abbas"}, {"imdb_id": "nm0474609", "name": "Atul Kulkarni"}, {"imdb_id": "nm0417310", "name": "Showkar Janaki"}, {"imdb_id": "nm0366101", "name": "Iravati Harshe"}, {"imdb_id": "nm0201918", "name": "Vasundhara Das"}, {"imdb_id": "nm0437929", "name": "Gautham Kanthadai"}, {"imdb_id": "nm0536707", "name": "Nagamani Mahadevan"}, {"imdb_id": "nm1389535", "name": "Shubhangi Gokhale"}, {"imdb_id": "nm0558989", "name": "Mohini Mathur"}, {"imdb_id": "nm0595916", "name": "Ram Mohan"}, {"imdb_id": "nm0050187", "name": "Arun Bali"}, {"imdb_id": "nm0451317", "name": "Shadaab Khan"}, {"imdb_id": "nm1244971", "name": "Yatin Karyekar"}, {"imdb_id": "nm0656644", "name": "Manoj Pahwa"}, {"imdb_id": "nm1335616", "name": "Madhuri Sanjeev"}, {"imdb_id": "nm1938287", "name": "Sharad Ponkshe"}, {"imdb_id": "nm1531682", "name": "Tushar Gandhi"}, {"imdb_id": "nm0882778", "name": "V.S. Raghavan"}, {"imdb_id": "nm0304265", "name": "Delhi Ganesh"}, {"imdb_id": "nm0326553", "name": "Gollapudi Maruthi Rao"}, {"imdb_id": "nm1559594", "name": "Y.G. Mahendran"}, {"imdb_id": "nm1943193", "name": "Arun Mehra"}, {"imdb_id": "nm1202244", "name": "Chandrahasan"}, {"imdb_id": "nm1944870", "name": "Lewis K. Elbinger"}, {"imdb_id": "nm1599046", "name": "Shruti Haasan"}, {"imdb_id": "nm1261371", "name": "K.S. Ramesh"}, {"imdb_id": "nm1391608", "name": "Umesh Sharma"}, {"imdb_id": "nm1939447", "name": "S.K. Ghosh"}, {"imdb_id": "nm0030280", "name": "Annapoorna"}, {"imdb_id": "nm0025606", "name": "Anand"}, {"imdb_id": "nm0024259", "name": "Ambarish"}, {"imdb_id": "nm1942737", "name": "U.B.G. Menon"}, {"imdb_id": "nm1429438", "name": "Bolai Sarkar"}, {"imdb_id": "nm1939421", "name": "Nagaraja Bhagavathar"}, {"imdb_id": "nm1937821", "name": "Baby Taj"}, {"imdb_id": "nm0090316", "name": "Bobby"}, {"imdb_id": "nm0019454", "name": "Mohammed Ali"}, {"imdb_id": "nm1940788", "name": "Arun Sadekar"}, {"imdb_id": "nm1525590", "name": "Yunus"}, {"imdb_id": "nm1940244", "name": "Raj Patra"}, {"imdb_id": "nm1938456", "name": "Savar"}, {"imdb_id": "nm1576124", "name": "Amitabh Srivastava"}, {"imdb_id": "nm1940801", "name": "Gilles"}, {"imdb_id": "nm1939903", "name": "Suprithi"}, {"imdb_id": "nm1327949", "name": "Rashmi"}, {"imdb_id": "nm1242096", "name": "Rahul"}, {"imdb_id": "nm1943738", "name": "Jayasimha"}, {"imdb_id": "nm1378583", "name": "Vikram"}, {"imdb_id": "nm1943057", "name": "Sirish Purohit"}, {"imdb_id": "nm1525688", "name": "Aravind Akash"}, {"imdb_id": "nm0900266", "name": "Vivek"}, {"imdb_id": "nm1391596", "name": "Shabhir"}, {"imdb_id": "nm1937368", "name": "Sheik Ahamed"}, {"imdb_id": "nm0023935", "name": "Amar"}, {"imdb_id": "nm8623716", "name": "Robert"}, {"imdb_id": "nm1378359", "name": "Manjit Singh"}, {"imdb_id": "nm1241589", "name": "Sarfaraz Khan"}, {"imdb_id": "nm1429143", "name": "Jaya Murali"}, {"imdb_id": "nm1642737", "name": "Suryanarayana"}, {"imdb_id": "nm1940435", "name": "Prof. Angamuthu"}, {"imdb_id": "nm1939213", "name": "Prasanth Nikhale"}, {"imdb_id": "nm1908800", "name": "Arindam Sil"}, {"imdb_id": "nm1546177", "name": "Ajay"}, {"imdb_id": "nm1468363", "name": "A.C. Murali"}, {"imdb_id": "nm1937897", "name": "Nikita Palekar"}, {"imdb_id": "nm1597475", "name": "Twinkle"}, {"imdb_id": "nm1107894", "name": "Sivakumar"}, {"imdb_id": "nm1804911", "name": "Narasimha"}, {"imdb_id": "nm1945112", "name": "R.C. Sunder"}, {"imdb_id": "nm0820208", "name": "Sreenivasan"}, {"imdb_id": "nm1399162", "name": "Prachee Shah Paandya"}, {"imdb_id": "nm1945740", "name": "Maya Jadhav"}, {"imdb_id": "nm1941619", "name": "Venkatraman"}, {"imdb_id": "nm1942892", "name": "R. Varadharajan"}, {"imdb_id": "nm1215126", "name": "Selvaraj"}, {"imdb_id": "nm1938442", "name": "Ganesh Gurang"}, {"imdb_id": "nm1941511", "name": "Dinesh Chibber"}, {"imdb_id": "nm1941146", "name": "Preeth"}, {"imdb_id": "nm1944315", "name": "Charanva"}, {"imdb_id": "nm1138304", "name": "Swathi"}, {"imdb_id": "nm1938583", "name": "Dharthi"}, {"imdb_id": "nm1352189", "name": "Varsha"}, {"imdb_id": "nm1942969", "name": "Venkata Lakshmi"}, {"imdb_id": "nm1942471", "name": "Parimala"}, {"imdb_id": "nm0764865", "name": "Saraswathi"}, {"imdb_id": "nm1942318", "name": "Karpagam"}, {"imdb_id": "nm1937450", "name": "Baby Sharanya"}, {"imdb_id": "nm1936443", "name": "Master Balaji"}, {"imdb_id": "nm1941172", "name": "Master Ambi"}, {"imdb_id": "nm1939653", "name": "Baby Sanjana Khanna"}, {"imdb_id": "nm1942743", "name": "Baby Zara"}, {"imdb_id": "nm1941580", "name": "Akshay Bhatiya"}, {"imdb_id": "nm1942930", "name": "Baby Ishwarya"}, {"imdb_id": "nm1393145", "name": "Pranita Bishnoi"}, {"imdb_id": "nm1941585", "name": "Master Prakash Balaji"}, {"imdb_id": "nm5485355", "name": "Rahul Awate"}, {"imdb_id": "nm1596350", "name": "Nawazuddin Siddiqui"}, {"imdb_id": "nm1559999", "name": "Vaali"}]