[{"imdb_id": "nm0451148", "name": "Aamir Khan"}, {"imdb_id": "nm0451307", "name": "Saif Ali Khan"}, {"imdb_id": "nm0451379", "name": "Akshaye Khanna"}, {"imdb_id": "nm0006689", "name": "Preity Zinta"}, {"imdb_id": "nm0006764", "name": "Sonali Kulkarni"}, {"imdb_id": "nm0438092", "name": "Dimple Kapadia"}, {"imdb_id": "nm0451183", "name": "Ayub Khan"}, {"imdb_id": "nm0438494", "name": "Rajat Kapoor"}, {"imdb_id": "nm0611663", "name": "Suhasini Mulay"}, {"imdb_id": "nm0451156", "name": "Ahmed Khan"}, {"imdb_id": "nm0683496", "name": "Suchitra Pillai"}, {"imdb_id": "nm1223423", "name": "Anjula Bedi"}, {"imdb_id": "nm0659244", "name": "Rakesh Pandey"}, {"imdb_id": "nm1332585", "name": "Samantha Tremayne"}, {"imdb_id": "nm8631679", "name": "Claire"}, {"imdb_id": "nm1042296", "name": "Clarence"}, {"imdb_id": "nm8631678", "name": "Asad Dadarkar"}, {"imdb_id": "nm8631676", "name": "Bomi Doctor"}, {"imdb_id": "nm3398867", "name": "Beatrice Gibson"}, {"imdb_id": "nm0318693", "name": "Kannu Gill"}, {"imdb_id": "nm1330618", "name": "Yusuf Hussain"}, {"imdb_id": "nm3256872", "name": "Rio Kapadia"}, {"imdb_id": "nm8631675", "name": "Simran Makhija"}, {"imdb_id": "nm8631677", "name": "Deepak Malhotra"}, {"imdb_id": "nm2476300", "name": "Shail Mehta"}, {"imdb_id": "nm7038015", "name": "Sarah Neilson"}, {"imdb_id": "nm8631674", "name": "Shaina"}, {"imdb_id": "nm8631673", "name": "Shilpa"}, {"imdb_id": "nm1335868", "name": "Anand Subaya"}, {"imdb_id": "nm0851865", "name": "Mandala Tayde"}, {"imdb_id": "nm0894344", "name": "Meenakshi Verma"}, {"imdb_id": "nm0905302", "name": "Gordon Waddell"}, {"imdb_id": "nm0143462", "name": "Kerry Casey"}, {"imdb_id": "nm1444479", "name": "Kiran Rao"}]