[{"imdb_id": "nm0438463", "name": "Anil Kapoor"}, {"imdb_id": "nm0611552", "name": "Rani Mukerji"}, {"imdb_id": "nm0700869", "name": "Amrish Puri"}, {"imdb_id": "nm0505323", "name": "Johnny Lever"}, {"imdb_id": "nm0061223", "name": "Pooja Batra"}, {"imdb_id": "nm0784047", "name": "Sushmita Sen"}, {"imdb_id": "nm1383801", "name": "Mukesh Ahuja"}, {"imdb_id": "nm1184326", "name": "Babu Antony"}, {"imdb_id": "nm1021129", "name": "Rana Jung Bahadur"}, {"imdb_id": "nm2192551", "name": "Neha Bam"}, {"imdb_id": "nm2204932", "name": "Ravindra Berde"}, {"imdb_id": "nm9489220", "name": "Ekta Jain"}, {"imdb_id": "nm0437791", "name": "Kanal Kannan"}, {"imdb_id": "nm0451299", "name": "Razak Khan"}, {"imdb_id": "nm1398290", "name": "Khyati Khandke"}, {"imdb_id": "nm0471430", "name": "Raja Krishnamoorthy"}, {"imdb_id": "nm0474620", "name": "Nina Kulkarni"}, {"imdb_id": "nm0592787", "name": "Hemant Mishra"}, {"imdb_id": "nm1416460", "name": "Omakuchi Narasimhan"}, {"imdb_id": "nm1586516", "name": "Bachan Pachehra"}, {"imdb_id": "nm2001246", "name": "Janardhan Parab"}, {"imdb_id": "nm9204163", "name": "Anup J. Patel"}, {"imdb_id": "nm0690448", "name": "Ponnambalam"}, {"imdb_id": "nm1421536", "name": "Laxmi Ratan"}, {"imdb_id": "nm0712546", "name": "Paresh Rawal"}, {"imdb_id": "nm0766146", "name": "Shivaji Satam"}, {"imdb_id": "nm0795661", "name": "Saurabh Shukla"}, {"imdb_id": "nm0796107", "name": "Anupam Shyam"}, {"imdb_id": "nm0796497", "name": "Sanjeev Siddharth"}, {"imdb_id": "nm4189424", "name": "Mukesh Trivedi"}, {"imdb_id": "nm6294933", "name": "Sudhir Waghmare"}, {"imdb_id": "nm1622427", "name": "Raj Acharya"}]