[{"imdb_id": "nm0004569", "name": "Sanjay Dutt"}, {"imdb_id": "nm0794363", "name": "Namrata Shirodkar"}, {"imdb_id": "nm0481363", "name": "Reema Lagoo"}, {"imdb_id": "nm0766146", "name": "Shivaji Satam"}, {"imdb_id": "nm0621560", "name": "Sanjay Narvekar"}, {"imdb_id": "nm0863120", "name": "Deepak Tijori"}, {"imdb_id": "nm0046894", "name": "Mohnish Bahl"}, {"imdb_id": "nm0712546", "name": "Paresh Rawal"}, {"imdb_id": "nm0812252", "name": "Ekta Sohini"}, {"imdb_id": "nm0430803", "name": "Mohan Joshi"}, {"imdb_id": "nm0787447", "name": "Kashmira Shah"}, {"imdb_id": "nm0896573", "name": "Ashish Vidyarthi"}, {"imdb_id": "nm0794510", "name": "Himani Shivpuri"}, {"imdb_id": "nm0618936", "name": "Usha Nadkarni"}, {"imdb_id": "nm0693027", "name": "Achyut Potdar"}, {"imdb_id": "nm0620816", "name": "Kishore Nandlaskar"}, {"imdb_id": "nm0791513", "name": "Sunil Shende"}, {"imdb_id": "nm0996912", "name": "Jack Gaud"}, {"imdb_id": "nm0944832", "name": "Ganesh Yadav"}, {"imdb_id": "nm1237063", "name": "Anand Abhyankar"}, {"imdb_id": "nm1178684", "name": "Savita Karle"}, {"imdb_id": "nm1778632", "name": "Dhananjay Mandrekar"}, {"imdb_id": "nm1239481", "name": "Atul Kale"}, {"imdb_id": "nm1572790", "name": "Ajit Kulkarni"}, {"imdb_id": "nm1778524", "name": "Ashok Katakdhond"}, {"imdb_id": "nm0403960", "name": "Imtiaz Hussain"}, {"imdb_id": "nm1559847", "name": "Jayant Sawarkar"}, {"imdb_id": "nm1241531", "name": "Bharat Jadhav"}, {"imdb_id": "nm1778107", "name": "Makarand Anaspure"}, {"imdb_id": "nm1331153", "name": "Satish Rajwade"}, {"imdb_id": "nm1277343", "name": "Mangesh Satpute"}, {"imdb_id": "nm1275384", "name": "Nilesh Diwekar"}, {"imdb_id": "nm1237974", "name": "Ramdas Jadhav"}, {"imdb_id": "nm1218039", "name": "Baby Surbhi"}, {"imdb_id": "nm1782810", "name": "Ranbir"}, {"imdb_id": "nm1306721", "name": "Sacheen Suvarna"}, {"imdb_id": "nm1778858", "name": "Satish Salagare"}, {"imdb_id": "nm1778758", "name": "Sanjeev Pandit"}, {"imdb_id": "nm1568778", "name": "Arun Badsavle"}, {"imdb_id": "nm1779135", "name": "Sharmila Bawiskar"}, {"imdb_id": "nm1219853", "name": "Ibrahim"}, {"imdb_id": "nm1643368", "name": "Gulshan"}, {"imdb_id": "nm1585696", "name": "Khan"}, {"imdb_id": "nm1778321", "name": "Bala Dupte"}, {"imdb_id": "nm1523390", "name": "Nagesh Haldankar"}, {"imdb_id": "nm1778711", "name": "Nilesh Naik"}, {"imdb_id": "nm1178697", "name": "Khalid Siddiqui"}, {"imdb_id": "nm1778089", "name": "Sanjay Ahirrao"}, {"imdb_id": "nm1778088", "name": "Vishal Ahire"}, {"imdb_id": "nm1778400", "name": "Anil Gawde"}, {"imdb_id": "nm1782869", "name": "Ranjit Singh"}, {"imdb_id": "nm1267034", "name": "Rajesh Shirvaikar"}, {"imdb_id": "nm0542499", "name": "Santosh Manjrekhar"}, {"imdb_id": "nm1778087", "name": "Anil Agrahari"}, {"imdb_id": "nm1238984", "name": "Sudesh Manjrekar"}, {"imdb_id": "nm1778683", "name": "Ravi Mishra"}, {"imdb_id": "nm1782761", "name": "Sunil Narvekar"}, {"imdb_id": "nm1782760", "name": "Rajesh Narvekar"}, {"imdb_id": "nm1778517", "name": "Ulhas Kadam"}, {"imdb_id": "nm0542498", "name": "Mahesh Manjrekar"}]