[{"imdb_id": "nm0352032", "name": "Kamal Haasan"}, {"imdb_id": "nm0700869", "name": "Amrish Puri"}, {"imdb_id": "nm0700875", "name": "Om Puri"}, {"imdb_id": "nm0007102", "name": "Tabu"}, {"imdb_id": "nm0907888", "name": "Johnny Walker"}, {"imdb_id": "nm0712546", "name": "Paresh Rawal"}, {"imdb_id": "nm0621937", "name": "Nassar"}, {"imdb_id": "nm0422586", "name": "Ayesha Jhulka"}, {"imdb_id": "nm0013158", "name": "Atul Agnihotri"}, {"imdb_id": "nm0794512", "name": "Ritu Shivpuri"}, {"imdb_id": "nm0958861", "name": "Raj Zutshi"}, {"imdb_id": "nm0706496", "name": "Raghuram"}, {"imdb_id": "nm1596466", "name": "Abaswaram Ramjhi"}, {"imdb_id": "nm1485941", "name": "Madhan Bob"}, {"imdb_id": "nm0794478", "name": "R.S. Shivaji"}, {"imdb_id": "nm3074168", "name": "Bobby Bedii"}, {"imdb_id": "nm1421536", "name": "Laxmi Ratan"}, {"imdb_id": "nm0151526", "name": "Chandramohan"}, {"imdb_id": "nm1693120", "name": "Ashwin"}, {"imdb_id": "nm1224219", "name": "Rukmini Krishnan"}, {"imdb_id": "nm1597411", "name": "Sindura"}, {"imdb_id": "nm1597475", "name": "Twinkle"}, {"imdb_id": "nm1391203", "name": "Priya"}, {"imdb_id": "nm1599046", "name": "Shruti Haasan"}, {"imdb_id": "nm0760778", "name": "Fatima Sana Shaikh"}, {"imdb_id": "nm0080235", "name": "Vishal Bhardwaj"}, {"imdb_id": "nm0347899", "name": "Gulzar"}]