[{"imdb_id": "nm0352032", "name": "Kamal Haasan"}, {"imdb_id": "nm0534856", "name": "Madhavan"}, {"imdb_id": "nm0993256", "name": "Kiran Rathod"}, {"imdb_id": "nm0621937", "name": "Nassar"}, {"imdb_id": "nm0080248", "name": "Santhana Bharathi"}, {"imdb_id": "nm1428808", "name": "Uma Riyaz Khan"}, {"imdb_id": "nm1429474", "name": "Yugi Sethu"}, {"imdb_id": "nm0369696", "name": "Ilavarasu"}, {"imdb_id": "nm1428051", "name": "Balu Anand"}, {"imdb_id": "nm0781630", "name": "Seema"}, {"imdb_id": "nm0794478", "name": "R.S. Shivaji"}, {"imdb_id": "nm1429352", "name": "Laxmi Rattan"}, {"imdb_id": "nm1428279", "name": "Chelladurai"}, {"imdb_id": "nm1428684", "name": "Hillaary"}, {"imdb_id": "nm1427699", "name": "Jacob"}, {"imdb_id": "nm1428995", "name": "Madhaiyyan"}, {"imdb_id": "nm1429143", "name": "Jaya Murali"}, {"imdb_id": "nm1429147", "name": "Muthukalai"}, {"imdb_id": "nm1429161", "name": "Master Naresh"}, {"imdb_id": "nm0622153", "name": "Natarajan"}, {"imdb_id": "nm1429285", "name": "Piralayan"}, {"imdb_id": "nm1783981", "name": "Raghu"}, {"imdb_id": "nm1429342", "name": "Thatha Ramachandran"}, {"imdb_id": "nm0709129", "name": "Ramu"}, {"imdb_id": "nm1429438", "name": "Bolai Sarkar"}, {"imdb_id": "nm1429440", "name": "Pasi Sathya"}, {"imdb_id": "nm1429504", "name": "Nellai Siva"}, {"imdb_id": "nm1429695", "name": "Vijayganesh"}, {"imdb_id": "nm0899649", "name": "K. Viswanath"}]