[{"imdb_id": "nm0451379", "name": "Akshaye Khanna"}, {"imdb_id": "nm0012778", "name": "Aftab Shivdasani"}, {"imdb_id": "nm1267008", "name": "Rimi Sen"}, {"imdb_id": "nm0712546", "name": "Paresh Rawal"}, {"imdb_id": "nm0007106", "name": "Shakti Kapoor"}, {"imdb_id": "nm0025625", "name": "Shoma Anand"}, {"imdb_id": "nm1056425", "name": "Rajpal Yadav"}, {"imdb_id": "nm0848308", "name": "Tiku Talsania"}, {"imdb_id": "nm0802251", "name": "Upasna Singh"}, {"imdb_id": "nm0621560", "name": "Sanjay Narvekar"}, {"imdb_id": "nm1832929", "name": "Amit Divatia"}, {"imdb_id": "nm0474620", "name": "Nina Kulkarni"}, {"imdb_id": "nm1259084", "name": "Manoj Joshi"}, {"imdb_id": "nm0415538", "name": "Jagadish"}, {"imdb_id": "nm2167080", "name": "Jyoti Joshi"}, {"imdb_id": "nm1004362", "name": "Amin Gazi"}, {"imdb_id": "nm0451299", "name": "Razak Khan"}, {"imdb_id": "nm0765071", "name": "Sadhana Sargam"}, {"imdb_id": "nm1034805", "name": "Shaan"}, {"imdb_id": "nm0003504", "name": "Alka Yagnik"}]