[{"imdb_id": "nm0000821", "name": "Amitabh Bachchan"}, {"imdb_id": "nm0611552", "name": "Rani Mukerji"}, {"imdb_id": "nm1617909", "name": "Shernaz Patel"}, {"imdb_id": "nm1754159", "name": "Ayesha Kapoor"}, {"imdb_id": "nm0154122", "name": "Dhritiman Chatterjee"}, {"imdb_id": "nm1923990", "name": "Sillo Mahava"}, {"imdb_id": "nm0304336", "name": "Chippy Gangjee"}, {"imdb_id": "nm0595354", "name": "Mahabanoo Mody-Kotwal"}, {"imdb_id": "nm4870433", "name": "Salome"}, {"imdb_id": "nm1199163", "name": "Kenneth Desai"}, {"imdb_id": "nm1925509", "name": "Arif Shah"}, {"imdb_id": "nm1069013", "name": "Bomie E. Dotiwala"}, {"imdb_id": "nm1224957", "name": "Jeroo Shroff"}, {"imdb_id": "nm1435982", "name": "Bomi Kapadia"}, {"imdb_id": "nm1568415", "name": "Kamal Adib"}, {"imdb_id": "nm0892606", "name": "Zul Vellani"}, {"imdb_id": "nm1333028", "name": "Shehnaz Anand"}, {"imdb_id": "nm1924456", "name": "Polly Shroff"}, {"imdb_id": "nm1917765", "name": "Marriane D'Cruz"}, {"imdb_id": "nm1660744", "name": "Richard Lane Smith"}, {"imdb_id": "nm1923720", "name": "Tiara Gandhi"}, {"imdb_id": "nm1921256", "name": "Trish Xavier"}, {"imdb_id": "nm0222138", "name": "Nandana Sen"}, {"imdb_id": "nm1633541", "name": "Ranbir Kapoor"}]