[{"imdb_id": "nm0534856", "name": "Madhavan"}, {"imdb_id": "nm0801264", "name": "Simran"}, {"imdb_id": "nm1149405", "name": "Keerthana Parthiepan"}, {"imdb_id": "nm0201903", "name": "Nandita Das"}, {"imdb_id": "nm0695177", "name": "Prakash Raj"}, {"imdb_id": "nm0149835", "name": "J.D. Chakravarthi"}, {"imdb_id": "nm1426682", "name": "Delhi Kumar"}, {"imdb_id": "nm1367730", "name": "Pasupathy"}, {"imdb_id": "nm1563842", "name": "Bala Singh"}, {"imdb_id": "nm2132667", "name": "M.S. Bhaskar"}, {"imdb_id": "nm1416910", "name": "Sashikumar"}, {"imdb_id": "nm0710545", "name": "Easwari Rao"}, {"imdb_id": "nm1423923", "name": "Master Suraj"}, {"imdb_id": "nm1425189", "name": "Master Kethan"}, {"imdb_id": "nm8949315", "name": "Keerthana"}, {"imdb_id": "nm1715231", "name": "Shefali Chowdhury"}, {"imdb_id": "nm1413459", "name": "Siddharth"}]