[{"imdb_id": "nm1417314", "name": "Vikram"}, {"imdb_id": "nm1632859", "name": "Sada"}, {"imdb_id": "nm0695177", "name": "Prakash Raj"}, {"imdb_id": "nm0900266", "name": "Vivek"}, {"imdb_id": "nm0893449", "name": "Nedumudi Venu"}, {"imdb_id": "nm0621937", "name": "Nassar"}, {"imdb_id": "nm0542343", "name": "Kalabhavan Mani"}, {"imdb_id": "nm0359880", "name": "Cochin Hanifa"}, {"imdb_id": "nm0795661", "name": "Saurabh Shukla"}, {"imdb_id": "nm1706602", "name": "Charlie"}, {"imdb_id": "nm1560660", "name": "Sriranjani"}, {"imdb_id": "nm1417265", "name": "Mohan Vaidya"}, {"imdb_id": "nm1007581", "name": "Manobala"}, {"imdb_id": "nm1941409", "name": "Shanmugha Rajan"}, {"imdb_id": "nm3280031", "name": "Amarasigamani"}, {"imdb_id": "nm5654909", "name": "Shanthi Williams"}, {"imdb_id": "nm1020077", "name": "Suryakanth"}, {"imdb_id": "nm1020375", "name": "Viraj"}, {"imdb_id": "nm1318999", "name": "Yana Gupta"}, {"imdb_id": "nm0839045", "name": "Raju Sundaram"}, {"imdb_id": "nm4442569", "name": "Joy Badlani"}]