[{"imdb_id": "nm0222426", "name": "Ajay Devgn"}, {"imdb_id": "nm0839820", "name": "Sushant Singh"}, {"imdb_id": "nm1430018", "name": "D. Santosh"}, {"imdb_id": "nm0592782", "name": "Akhilendra Mishra"}, {"imdb_id": "nm0044796", "name": "Raj Babbar"}, {"imdb_id": "nm0416077", "name": "Farida Jalal"}, {"imdb_id": "nm1182255", "name": "Amrita Rao"}, {"imdb_id": "nm0864608", "name": "Mukesh Tiwari"}, {"imdb_id": "nm1242796", "name": "Surendra Rajan"}, {"imdb_id": "nm1019748", "name": "Saurabh Dubey"}, {"imdb_id": "nm0474903", "name": "Swaroop Kumar"}, {"imdb_id": "nm1574616", "name": "Arun Patwardhan"}, {"imdb_id": "nm1199163", "name": "Kenneth Desai"}, {"imdb_id": "nm0659162", "name": "Sitaram Panchal"}, {"imdb_id": "nm1569756", "name": "Bhaswar Chatterjee"}, {"imdb_id": "nm1570370", "name": "Amit Dhawan"}, {"imdb_id": "nm1631881", "name": "Harsh Khurana"}, {"imdb_id": "nm2576006", "name": "Kapil Sharma"}, {"imdb_id": "nm1108417", "name": "Indrani Banerjee"}, {"imdb_id": "nm1569093", "name": "Amitabh Bhattacharjee"}, {"imdb_id": "nm1631880", "name": "Shish Khan"}, {"imdb_id": "nm0788915", "name": "Sanjay Sharma"}, {"imdb_id": "nm1576664", "name": "Raja Tomer"}, {"imdb_id": "nm0051721", "name": "Deepak Kumar Bandhu"}, {"imdb_id": "nm1133212", "name": "Niraj Sah"}, {"imdb_id": "nm1568797", "name": "Pradeep Bajpai"}, {"imdb_id": "nm1576952", "name": "Aditya Verma"}, {"imdb_id": "nm1572198", "name": "Romie Jaspal"}, {"imdb_id": "nm1571487", "name": "Sunil Grover"}, {"imdb_id": "nm1568773", "name": "Girish Badlani"}, {"imdb_id": "nm1572021", "name": "Siddharth Hussain"}, {"imdb_id": "nm1571393", "name": "Abir Goswami"}, {"imdb_id": "nm1221483", "name": "Pramod Pathak"}, {"imdb_id": "nm1573907", "name": "Aashu Mohil"}, {"imdb_id": "nm1631983", "name": "Manu Malik"}, {"imdb_id": "nm1569087", "name": "Navin Bhaskar"}, {"imdb_id": "nm1569737", "name": "Praful Chandra"}, {"imdb_id": "nm1574539", "name": "Shreyas Pandit"}, {"imdb_id": "nm1574433", "name": "Rakesh Oon"}, {"imdb_id": "nm1339795", "name": "Kiran Randhawa"}, {"imdb_id": "nm0944832", "name": "Ganesh Yadav"}, {"imdb_id": "nm0867434", "name": "Tony"}, {"imdb_id": "nm0802185", "name": "Padam Singh"}, {"imdb_id": "nm1094054", "name": "Ashok Sharma"}, {"imdb_id": "nm1632184", "name": "Mahesh Raja"}, {"imdb_id": "nm1632380", "name": "Vikki"}, {"imdb_id": "nm1569724", "name": "Piyush Chakravorthy"}, {"imdb_id": "nm1576912", "name": "Vasudevan"}, {"imdb_id": "nm1632189", "name": "Narendra Rawal"}, {"imdb_id": "nm1575949", "name": "Shamsher Singh"}, {"imdb_id": "nm1575125", "name": "Oshima Rekhi"}, {"imdb_id": "nm1572644", "name": "Sukhmani Kohli"}, {"imdb_id": "nm1591118", "name": "Ankush"}, {"imdb_id": "nm1575944", "name": "Karanbir Singh"}, {"imdb_id": "nm1576059", "name": "Renu Soni"}, {"imdb_id": "nm0030101", "name": "Anita"}, {"imdb_id": "nm1574536", "name": "Renu Pandey"}, {"imdb_id": "nm1632285", "name": "Komal Singh"}, {"imdb_id": "nm1575942", "name": "Gyandev Singh"}, {"imdb_id": "nm1587171", "name": "Channi Singh"}, {"imdb_id": "nm1575946", "name": "Nakshdeep Singh"}, {"imdb_id": "nm1574859", "name": "Majahan Prashant"}, {"imdb_id": "nm1568696", "name": "Hayat Asif"}, {"imdb_id": "nm1372094", "name": "Sardar Sohi"}, {"imdb_id": "nm1575940", "name": "Bikramjeet Singh"}, {"imdb_id": "nm1416011", "name": "Prasanna Ketkar"}, {"imdb_id": "nm1573357", "name": "Kishor Mahabole"}, {"imdb_id": "nm1568625", "name": "Ajit Apte"}, {"imdb_id": "nm1185344", "name": "Shehzad Khan"}, {"imdb_id": "nm1031073", "name": "Gurinder Makna"}, {"imdb_id": "nm1059615", "name": "Rajesh Tripathi"}, {"imdb_id": "nm0864607", "name": "Lalit Tiwari"}, {"imdb_id": "nm1574617", "name": "Dileep Patwe"}, {"imdb_id": "nm1065428", "name": "Wahid Hashmi"}, {"imdb_id": "nm1591446", "name": "Shashikant Chawan"}, {"imdb_id": "nm1631831", "name": "Amir Jade"}, {"imdb_id": "nm0451864", "name": "Viju Khote"}, {"imdb_id": "nm0022073", "name": "Gil Alon"}, {"imdb_id": "nm2336913", "name": "Ryan Jonathan"}, {"imdb_id": "nm1631857", "name": "Mark Junior"}, {"imdb_id": "nm1587078", "name": "Mark Senior"}, {"imdb_id": "nm1572162", "name": "Bernard Jakel"}, {"imdb_id": "nm2350047", "name": "Martin"}, {"imdb_id": "nm1632186", "name": "Will Randall"}, {"imdb_id": "nm1591503", "name": "Conrad"}, {"imdb_id": "nm1558782", "name": "Mark"}, {"imdb_id": "nm1504396", "name": "Tim"}, {"imdb_id": "nm1586831", "name": "Richard"}, {"imdb_id": "nm1558173", "name": "Mario"}, {"imdb_id": "nm5664750", "name": "Rotem Bar"}, {"imdb_id": "nm1688143", "name": "C. Mario Lindsay"}, {"imdb_id": "nm8960676", "name": "Omkaar"}, {"imdb_id": "nm6453921", "name": "R.P. Singh"}, {"imdb_id": "nm0917224", "name": "Egbert Jan Weeber"}, {"imdb_id": "nm5664774", "name": "Omer Yariv"}]