[{"imdb_id": "nm0451234", "name": "Irrfan Khan"}, {"imdb_id": "nm0007102", "name": "Tabu"}, {"imdb_id": "nm0438488", "name": "Pankaj Kapur"}, {"imdb_id": "nm0787462", "name": "Naseeruddin Shah"}, {"imdb_id": "nm0700875", "name": "Om Puri"}, {"imdb_id": "nm0592795", "name": "Piyush Mishra"}, {"imdb_id": "nm1280282", "name": "Masumeh Makhija"}, {"imdb_id": "nm1549267", "name": "Ajay Gehi"}, {"imdb_id": "nm1063072", "name": "Abbas Tyrewala"}, {"imdb_id": "nm1795232", "name": "Deepak Dobriyal"}, {"imdb_id": "nm0726943", "name": "Gyanchand Rikki"}, {"imdb_id": "nm1514852", "name": "Manav Kaushik"}, {"imdb_id": "nm1340178", "name": "Ankur Vikal"}, {"imdb_id": "nm1335622", "name": "Pubali Sanyal"}, {"imdb_id": "nm0707266", "name": "Raj"}, {"imdb_id": "nm1302330", "name": "Murli Sharma"}, {"imdb_id": "nm1257434", "name": "Firdous Irani"}, {"imdb_id": "nm1390727", "name": "Vivek Mishra"}, {"imdb_id": "nm1797087", "name": "Shammi Narang"}, {"imdb_id": "nm0558989", "name": "Mohini Mathur"}, {"imdb_id": "nm1224626", "name": "Rakesh Pandit"}, {"imdb_id": "nm2510776", "name": "Sabir Khan"}, {"imdb_id": "nm1796286", "name": "Musharraf Khan"}, {"imdb_id": "nm1277861", "name": "Jaywant Wadkar"}, {"imdb_id": "nm1070302", "name": "Jitendra Shriamali"}, {"imdb_id": "nm1426033", "name": "Bhupinder Sharma"}, {"imdb_id": "nm1796210", "name": "Jagdish Kansara"}, {"imdb_id": "nm0579769", "name": "Shweta Menon"}, {"imdb_id": "nm0795664", "name": "Vinay Shukla"}, {"imdb_id": "nm0009779", "name": "Rajeev Acharya"}, {"imdb_id": "nm1662084", "name": "Anoop Joshi"}, {"imdb_id": "nm0784027", "name": "Ramratan Sen"}, {"imdb_id": "nm1797132", "name": "Shankar Nihate"}, {"imdb_id": "nm0080349", "name": "Dibyendu Bhattacharya"}, {"imdb_id": "nm1101842", "name": "Nadeem Khan"}, {"imdb_id": "nm1794549", "name": "Sanjay Bhutiani"}, {"imdb_id": "nm1800854", "name": "Richa Nayer"}, {"imdb_id": "nm1004804", "name": "Daya Shankar Pandey"}, {"imdb_id": "nm6192508", "name": "Vinod Nahardih"}]