[{"imdb_id": "nm0000821", "name": "Amitabh Bachchan"}, {"imdb_id": "nm0004564", "name": "Hema Malini"}, {"imdb_id": "nm0006795", "name": "Salman Khan"}, {"imdb_id": "nm0154274", "name": "Mahima Chaudhry"}, {"imdb_id": "nm0990090", "name": "Aman Verma"}, {"imdb_id": "nm1267095", "name": "Samir Soni"}, {"imdb_id": "nm1265436", "name": "Saahil Chadha"}, {"imdb_id": "nm1177893", "name": "Nasirr Khan"}, {"imdb_id": "nm0710046", "name": "Suman Ranganath"}, {"imdb_id": "nm0244890", "name": "Divya Dutta"}, {"imdb_id": "nm1247644", "name": "Arzoo Govitrikar"}, {"imdb_id": "nm1267008", "name": "Rimi Sen"}, {"imdb_id": "nm0665556", "name": "Yash Pathak"}, {"imdb_id": "nm0712546", "name": "Paresh Rawal"}, {"imdb_id": "nm0239267", "name": "Lillete Dubey"}, {"imdb_id": "nm0768296", "name": "Sharat Saxena"}, {"imdb_id": "nm1266956", "name": "Sanjeeda Sheikh"}, {"imdb_id": "nm2147526", "name": "Asrani"}, {"imdb_id": "nm0318622", "name": "Avtar Gill"}, {"imdb_id": "nm0430803", "name": "Mohan Joshi"}, {"imdb_id": "nm0220807", "name": "Anang Desai"}, {"imdb_id": "nm0883165", "name": "Nakul Vaid"}, {"imdb_id": "nm0456094", "name": "Shashi Kiran"}, {"imdb_id": "nm1024111", "name": "Gajendra Chouhan"}, {"imdb_id": "nm0747195", "name": "Sudipta Roy"}, {"imdb_id": "nm1869031", "name": "Neha Ghanekar"}, {"imdb_id": "nm1866697", "name": "Titiksha Burman"}, {"imdb_id": "nm1587122", "name": "Smit Sheth"}, {"imdb_id": "nm1004585", "name": "Harsh Vashisth"}]