[{"imdb_id": "nm1121870", "name": "Mahesh Babu"}, {"imdb_id": "nm0154653", "name": "Bhoomika Chawla"}, {"imdb_id": "nm0695177", "name": "Prakash Raj"}, {"imdb_id": "nm4442569", "name": "Joy Badlani"}, {"imdb_id": "nm0151526", "name": "Chandramohan"}, {"imdb_id": "nm0222145", "name": "Rajan P. Dev"}, {"imdb_id": "nm0311677", "name": "Geetha"}, {"imdb_id": "nm2376719", "name": "Baby Niharika"}, {"imdb_id": "nm0664085", "name": "Venkateswara Rao Paruchuri"}, {"imdb_id": "nm0728262", "name": "Mukesh Rishi"}, {"imdb_id": "nm1328049", "name": "Telangana Sakuntala"}, {"imdb_id": "nm0223506", "name": "Dharmavarapu Subramanyam"}]