[{"imdb_id": "nm0000821", "name": "Amitabh Bachchan"}, {"imdb_id": "nm0474774", "name": "Akshay Kumar"}, {"imdb_id": "nm0222426", "name": "Ajay Devgn"}, {"imdb_id": "nm0706787", "name": "Aishwarya Rai Bachchan"}, {"imdb_id": "nm0969428", "name": "Tusshar Kapoor"}, {"imdb_id": "nm0474609", "name": "Atul Kulkarni"}, {"imdb_id": "nm0419685", "name": "Jaya Prada"}, {"imdb_id": "nm1069034", "name": "Lara Dutta"}, {"imdb_id": "nm0695177", "name": "Prakash Raj"}, {"imdb_id": "nm0149837", "name": "Sabyasachi Chakrabarty"}, {"imdb_id": "nm0849863", "name": "Tanuja"}, {"imdb_id": "nm1817397", "name": "Ashwini Kalsekar"}, {"imdb_id": "nm1066034", "name": "Radhika Menon"}, {"imdb_id": "nm1430018", "name": "D. Santosh"}, {"imdb_id": "nm1416918", "name": "Kamlesh Sawant"}, {"imdb_id": "nm1416011", "name": "Prasanna Ketkar"}, {"imdb_id": "nm1815888", "name": "Susheel Jangira"}, {"imdb_id": "nm1571393", "name": "Abir Goswami"}, {"imdb_id": "nm1207318", "name": "Ashok Narayan"}, {"imdb_id": "nm1377323", "name": "Arun Verma"}, {"imdb_id": "nm1573907", "name": "Aashu Mohil"}, {"imdb_id": "nm1335248", "name": "Arvind Parab"}, {"imdb_id": "nm1568625", "name": "Ajit Apte"}, {"imdb_id": "nm1061929", "name": "Ashok"}, {"imdb_id": "nm2505885", "name": "Anameeka"}, {"imdb_id": "nm2498221", "name": "Ashita Sawhney"}, {"imdb_id": "nm1574617", "name": "Dileep Patwe"}, {"imdb_id": "nm0051721", "name": "Deepak Kumar Bandhu"}, {"imdb_id": "nm2504589", "name": "Deepak Desai"}, {"imdb_id": "nm0619684", "name": "Ghanshyam Nayak"}, {"imdb_id": "nm2499549", "name": "Guddu Nilesh Ozha"}, {"imdb_id": "nm2499516", "name": "Harsh Soni"}, {"imdb_id": "nm1189166", "name": "Iqbal Dosani"}, {"imdb_id": "nm1385614", "name": "Juhi Jawaid"}, {"imdb_id": "nm0620816", "name": "Kishore Nandlaskar"}, {"imdb_id": "nm2576006", "name": "Kapil Sharma"}, {"imdb_id": "nm1094279", "name": "Krishna"}, {"imdb_id": "nm0430799", "name": "Madan Joshi"}, {"imdb_id": "nm1261120", "name": "Mitwa"}, {"imdb_id": "nm1569087", "name": "Navin Bhaskar"}, {"imdb_id": "nm1632189", "name": "Narendra Rawal"}, {"imdb_id": "nm0802185", "name": "Padam Singh"}, {"imdb_id": "nm1568797", "name": "Pradeep Bajpai"}, {"imdb_id": "nm1569724", "name": "Piyush Chakravorthy"}, {"imdb_id": "nm2495481", "name": "Pawan Jain"}, {"imdb_id": "nm1391203", "name": "Priya"}, {"imdb_id": "nm0542510", "name": "Ravindra Mankani"}, {"imdb_id": "nm1574433", "name": "Rakesh Oon"}, {"imdb_id": "nm1224134", "name": "Ravi Kale"}, {"imdb_id": "nm1224865", "name": "Ravi Sanghvai"}, {"imdb_id": "nm1059615", "name": "Rajesh Tripathi"}, {"imdb_id": "nm1651577", "name": "Ramesh Sharma"}, {"imdb_id": "nm1432317", "name": "Rasika"}, {"imdb_id": "nm1631880", "name": "Shish Khan"}, {"imdb_id": "nm2492264", "name": "Sudhir Hema"}, {"imdb_id": "nm0788915", "name": "Sanjay Sharma"}, {"imdb_id": "nm1569198", "name": "Sunil Bob"}, {"imdb_id": "nm2484158", "name": "Sameer Ali"}, {"imdb_id": "nm1572021", "name": "Siddharth Hussain"}, {"imdb_id": "nm0890875", "name": "Vivek Vaswani"}, {"imdb_id": "nm2495872", "name": "Vijay Gawil"}, {"imdb_id": "nm2494088", "name": "Vishal Saini"}, {"imdb_id": "nm2492347", "name": "Vidula Juvekar"}, {"imdb_id": "nm1330618", "name": "Yusuf Hussain"}, {"imdb_id": "nm1133212", "name": "Niraj Sah"}, {"imdb_id": "nm9036653", "name": "Surendra Rahi"}]