[{"imdb_id": "nm0004335", "name": "Hrithik Roshan"}, {"imdb_id": "nm0006689", "name": "Preity Zinta"}, {"imdb_id": "nm0000821", "name": "Amitabh Bachchan"}, {"imdb_id": "nm0700875", "name": "Om Puri"}, {"imdb_id": "nm2528716", "name": "Sharad S. Kapoor"}, {"imdb_id": "nm0958861", "name": "Raj Zutshi"}, {"imdb_id": "nm0839820", "name": "Sushant Singh"}, {"imdb_id": "nm1267998", "name": "Prashant Chianani"}, {"imdb_id": "nm1205687", "name": "Shakeel Khan"}, {"imdb_id": "nm1249116", "name": "Ranvir Shorey"}, {"imdb_id": "nm4234608", "name": "Arav Chowdharry"}, {"imdb_id": "nm1753578", "name": "Ajai Jose"}, {"imdb_id": "nm0820282", "name": "Aditya Srivastava"}, {"imdb_id": "nm1571393", "name": "Abir Goswami"}, {"imdb_id": "nm0786033", "name": "Parmeet Sethi"}, {"imdb_id": "nm1224082", "name": "Boman Irani"}, {"imdb_id": "nm0667451", "name": "Kushal Punjabi"}, {"imdb_id": "nm1167594", "name": "Nawab Shah"}, {"imdb_id": "nm1925476", "name": "Sanjay M. Singh"}, {"imdb_id": "nm1358872", "name": "Abhimanyu Singh"}, {"imdb_id": "nm1796907", "name": "Amin Merchant"}, {"imdb_id": "nm1295827", "name": "Amit Behl"}, {"imdb_id": "nm0474786", "name": "Ashok Kumar"}, {"imdb_id": "nm1815229", "name": "Aungchuk"}, {"imdb_id": "nm1795695", "name": "Bhanu Goswami"}, {"imdb_id": "nm1817383", "name": "Garima Kapoor"}, {"imdb_id": "nm1824639", "name": "Gaurav Rana"}, {"imdb_id": "nm1797962", "name": "Nimanshu Sharma"}, {"imdb_id": "nm0451281", "name": "Nissar Khan"}, {"imdb_id": "nm1798027", "name": "Jagir Singh"}, {"imdb_id": "nm1796347", "name": "Jigmet Enn"}, {"imdb_id": "nm1797579", "name": "Nishith Ranjan"}, {"imdb_id": "nm1798028", "name": "Raghuvir Singh"}, {"imdb_id": "nm1807045", "name": "Rajiv Kumar"}, {"imdb_id": "nm1800560", "name": "Ratna Malay"}, {"imdb_id": "nm1830242", "name": "Rehmaan"}, {"imdb_id": "nm1311334", "name": "Santosh Shetty"}, {"imdb_id": "nm0657184", "name": "Surendra Pal"}, {"imdb_id": "nm0788915", "name": "Sanjay Sharma"}, {"imdb_id": "nm1830279", "name": "Srivardhan"}, {"imdb_id": "nm1830163", "name": "Suman Kumar"}, {"imdb_id": "nm1795494", "name": "Syed Firdaus"}, {"imdb_id": "nm1795761", "name": "Vipul Gupta"}, {"imdb_id": "nm1798546", "name": "Vishal Vijay"}, {"imdb_id": "nm1796150", "name": "Yogesh Br. Joshi"}, {"imdb_id": "nm0239267", "name": "Lillete Dubey"}, {"imdb_id": "nm1223423", "name": "Anjula Bedi"}, {"imdb_id": "nm0706953", "name": "K.K. Raina"}, {"imdb_id": "nm0044343", "name": "Tanvi Azmi"}, {"imdb_id": "nm0700869", "name": "Amrish Puri"}, {"imdb_id": "nm0706954", "name": "M.K. Raina"}]