[{"imdb_id": "nm0451321", "name": "Shah Rukh Khan"}, {"imdb_id": "nm0006689", "name": "Preity Zinta"}, {"imdb_id": "nm0451307", "name": "Saif Ali Khan"}, {"imdb_id": "nm0080149", "name": "Jaya Bachchan"}, {"imdb_id": "nm0786024", "name": "Sushma Seth"}, {"imdb_id": "nm0481363", "name": "Reema Lagoo"}, {"imdb_id": "nm0239267", "name": "Lillete Dubey"}, {"imdb_id": "nm1450924", "name": "Delnaaz Irani"}, {"imdb_id": "nm0611552", "name": "Rani Mukerji"}, {"imdb_id": "nm1588584", "name": "Athit Naik"}, {"imdb_id": "nm1589319", "name": "Jhanak Shukla"}, {"imdb_id": "nm0007114", "name": "Sonali Bendre"}, {"imdb_id": "nm0787474", "name": "Satish Shah"}, {"imdb_id": "nm0038171", "name": "Sulabha Arya"}, {"imdb_id": "nm1056425", "name": "Rajpal Yadav"}, {"imdb_id": "nm0989106", "name": "Ketki Dave"}, {"imdb_id": "nm0451381", "name": "Kamini Khanna"}, {"imdb_id": "nm0970210", "name": "Simone Singh"}, {"imdb_id": "nm0025625", "name": "Shoma Anand"}, {"imdb_id": "nm0438503", "name": "Sanjay Kapoor"}, {"imdb_id": "nm8050919", "name": "Michael Pinkhas"}, {"imdb_id": "nm0025588", "name": "Anaita Shroff"}, {"imdb_id": "nm0782247", "name": "Zohra Sehgal"}, {"imdb_id": "nm0755087", "name": "Achala Sachdev"}, {"imdb_id": "nm1588169", "name": "Deepesh Bhatt"}, {"imdb_id": "nm1223456", "name": "Dodo Bhujwala"}, {"imdb_id": "nm1589318", "name": "Kanika Shivpuri"}, {"imdb_id": "nm1588911", "name": "Ella Atal"}, {"imdb_id": "nm0802107", "name": "Dara Singh"}, {"imdb_id": "nm2633431", "name": "Freya Adams"}, {"imdb_id": "nm3686017", "name": "Ramon Christian"}, {"imdb_id": "nm2832613", "name": "Susanna Harris"}, {"imdb_id": "nm2766721", "name": "Nadir Hasan"}, {"imdb_id": "nm0424103", "name": "Karan Johar"}, {"imdb_id": "nm0007134", "name": "Farah Khan"}, {"imdb_id": "nm3157757", "name": "Hernan Lucero"}, {"imdb_id": "nm2955078", "name": "Tracy Pendergast"}, {"imdb_id": "nm2706544", "name": "Bev Reese"}, {"imdb_id": "nm1077843", "name": "Stefanie Samuels"}, {"imdb_id": "nm2243005", "name": "Andrew Vannata"}, {"imdb_id": "nm2584291", "name": "Toni Vitale"}, {"imdb_id": "nm0908224", "name": "Stephen Walker"}, {"imdb_id": "nm1694149", "name": "Steve West"}, {"imdb_id": "nm0944552", "name": "Hu Xin"}, {"imdb_id": "nm0075791", "name": "Kathryn Berman"}, {"imdb_id": "nm0159167", "name": "Uday Chopra"}, {"imdb_id": "nm1395532", "name": "Joseph Gatt"}, {"imdb_id": "nm0004418", "name": "Kajol"}, {"imdb_id": "nm6303454", "name": "Nikolett Lemmon"}, {"imdb_id": "nm7867484", "name": "Michael Sercerchi"}]