[{"imdb_id": "nm0004569", "name": "Sanjay Dutt"}, {"imdb_id": "nm0451174", "name": "Arshad Warsi"}, {"imdb_id": "nm0961737", "name": "Gracy Singh"}, {"imdb_id": "nm0004570", "name": "Sunil Dutt"}, {"imdb_id": "nm1224082", "name": "Boman Irani"}, {"imdb_id": "nm0368990", "name": "Rohini Hattangadi"}, {"imdb_id": "nm0213493", "name": "Kurush Deboo"}, {"imdb_id": "nm0792116", "name": "Jimmy Sheirgill"}, {"imdb_id": "nm1244971", "name": "Yatin Karyekar"}, {"imdb_id": "nm2205639", "name": "Khurshed Lawyer"}, {"imdb_id": "nm1069013", "name": "Bomie E. Dotiwala"}, {"imdb_id": "nm1514271", "name": "Rohitashv Gour"}, {"imdb_id": "nm4967520", "name": "Priya Bapat"}, {"imdb_id": "nm1934497", "name": "Rita Puri"}, {"imdb_id": "nm1242796", "name": "Surendra Rajan"}, {"imdb_id": "nm1892086", "name": "Mumait Khan"}, {"imdb_id": "nm0154222", "name": "Suresh Chatwal"}, {"imdb_id": "nm1594666", "name": "Atul Srivastava"}, {"imdb_id": "nm0239268", "name": "Neha Dubey"}, {"imdb_id": "nm1099317", "name": "Niranjan Asrani"}, {"imdb_id": "nm1099317", "name": "Pankaj Badra"}, {"imdb_id": "nm1689533", "name": "Anuradha Chandan"}, {"imdb_id": "nm3043020", "name": "Chirkut"}, {"imdb_id": "nm1199163", "name": "Kenneth Desai"}, {"imdb_id": "nm1099317", "name": "Dipendra"}, {"imdb_id": "nm1099316", "name": "Monty Gill"}, {"imdb_id": "nm1099317", "name": "Feroze Habib"}, {"imdb_id": "nm1099316", "name": "Reeta Joshi"}, {"imdb_id": "nm4444484", "name": "Sumit Kaul"}, {"imdb_id": "nm2171522", "name": "Chitra Kopikar"}, {"imdb_id": "nm1334645", "name": "Abhijit Lahiri"}, {"imdb_id": "nm1031073", "name": "Gurinder Makna"}, {"imdb_id": "nm4150376", "name": "Debashish Naha"}, {"imdb_id": "nm1099316", "name": "Melissa Paes"}, {"imdb_id": "nm1099317", "name": "Kali Patel"}, {"imdb_id": "nm1099316", "name": "RamKumar Salunke"}, {"imdb_id": "nm7381477", "name": "Ajay Sharma"}, {"imdb_id": "nm1099317", "name": "Nitin Shingal"}, {"imdb_id": "nm2586010", "name": "Pushkar Shrotri"}, {"imdb_id": "nm1840254", "name": "Vishal Thakkar"}, {"imdb_id": "nm1099317", "name": "Thao"}, {"imdb_id": "nm4221945", "name": "Mansi Upadhyay"}, {"imdb_id": "nm1099317", "name": "Rupesh Waghmare"}, {"imdb_id": "nm3129485", "name": "Sadanand Yadav"}, {"imdb_id": "nm1596350", "name": "Nawazuddin Siddiqui"}]