[{"imdb_id": "nm0000821", "name": "Amitabh Bachchan"}, {"imdb_id": "nm0474774", "name": "Akshay Kumar"}, {"imdb_id": "nm0784047", "name": "Sushmita Sen"}, {"imdb_id": "nm0992000", "name": "Arjun Rampal"}, {"imdb_id": "nm0712546", "name": "Paresh Rawal"}, {"imdb_id": "nm0659156", "name": "Aditya Pancholi"}, {"imdb_id": "nm0060607", "name": "Bipasha Basu"}, {"imdb_id": "nm0787447", "name": "Kashmira Shah"}, {"imdb_id": "nm0882892", "name": "Ajit Vachani"}, {"imdb_id": "nm0050187", "name": "Arun Bali"}, {"imdb_id": "nm1004804", "name": "Daya Shankar Pandey"}, {"imdb_id": "nm0304093", "name": "Paresh Ganatra"}, {"imdb_id": "nm1306528", "name": "Depesh Shah"}, {"imdb_id": "nm0802165", "name": "Malvika Singh"}, {"imdb_id": "nm0052532", "name": "Ashok Banthia"}, {"imdb_id": "nm2015882", "name": "Pradeep Tawte"}, {"imdb_id": "nm1302731", "name": "Amit Thakur"}, {"imdb_id": "nm1569086", "name": "Prakash Bharadwaj"}, {"imdb_id": "nm1302402", "name": "Dharmendra Singh"}, {"imdb_id": "nm1662277", "name": "Shreyas Talpade"}, {"imdb_id": "nm1587122", "name": "Smit Sheth"}, {"imdb_id": "nm2016319", "name": "Master Fardeen"}, {"imdb_id": "nm1309617", "name": "Ravinder Choudhary"}]