[{"imdb_id": "nm0222426", "name": "Ajay Devgn"}, {"imdb_id": "nm0961737", "name": "Gracy Singh"}, {"imdb_id": "nm0430803", "name": "Mohan Joshi"}, {"imdb_id": "nm1004985", "name": "Yashpal Sharma"}, {"imdb_id": "nm0592782", "name": "Akhilendra Mishra"}, {"imdb_id": "nm0864608", "name": "Mukesh Tiwari"}, {"imdb_id": "nm0451183", "name": "Ayub Khan"}, {"imdb_id": "nm1241985", "name": "Chetan Pandit"}, {"imdb_id": "nm0814331", "name": "Anup Soni"}, {"imdb_id": "nm0012881", "name": "Mohan Agashe"}, {"imdb_id": "nm0665556", "name": "Yash Pathak"}, {"imdb_id": "nm1417061", "name": "Payal Srivastava"}, {"imdb_id": "nm2924196", "name": "Manyata Dutt"}, {"imdb_id": "nm1334645", "name": "Abhijit Lahiri"}, {"imdb_id": "nm1004804", "name": "Daya Shankar Pandey"}, {"imdb_id": "nm2954258", "name": "Manoj Rajdutt"}, {"imdb_id": "nm2906637", "name": "Kranti Redkar"}, {"imdb_id": "nm0737512", "name": "Ajai Rohilla"}]