[{"imdb_id": "nm0222426", "name": "Ajay Devgn"}, {"imdb_id": "nm0045393", "name": "Abhishek Bachchan"}, {"imdb_id": "nm0611552", "name": "Rani Mukerji"}, {"imdb_id": "nm1059103", "name": "Vivek Oberoi"}, {"imdb_id": "nm0004626", "name": "Kareena Kapoor"}, {"imdb_id": "nm0219968", "name": "Esha Deol"}, {"imdb_id": "nm0700875", "name": "Om Puri"}, {"imdb_id": "nm1399243", "name": "Sonu Sood"}, {"imdb_id": "nm0619047", "name": "Anant Nag"}, {"imdb_id": "nm0704694", "name": "Vijay Raaz"}, {"imdb_id": "nm0592790", "name": "Loveleen Mishra"}, {"imdb_id": "nm3508781", "name": "Abhinav Kashyap"}, {"imdb_id": "nm0795661", "name": "Saurabh Shukla"}, {"imdb_id": "nm0801264", "name": "Simran"}]