[{"imdb_id": "nm0451321", "name": "Shah Rukh Khan"}, {"imdb_id": "nm1539666", "name": "Gayatri Joshi"}, {"imdb_id": "nm1584145", "name": "Kishori Ballal"}, {"imdb_id": "nm1587122", "name": "Smit Sheth"}, {"imdb_id": "nm0849195", "name": "Lekh Tandon"}, {"imdb_id": "nm0900267", "name": "Rajesh Vivek"}, {"imdb_id": "nm1004804", "name": "Daya Shankar Pandey"}, {"imdb_id": "nm1585543", "name": "Farrukh Jaffar"}, {"imdb_id": "nm1585140", "name": "Vishnudutt Gaur"}, {"imdb_id": "nm1003997", "name": "Raja Awasthi"}, {"imdb_id": "nm1584129", "name": "Vishwa Mohan Badola"}, {"imdb_id": "nm1005102", "name": "Bhim Vakani"}, {"imdb_id": "nm0901137", "name": "Rahul Vohra"}, {"imdb_id": "nm1330062", "name": "Rajesh Balwani"}, {"imdb_id": "nm1586516", "name": "Bachan Pachehra"}, {"imdb_id": "nm1574539", "name": "Shreyas Pandit"}, {"imdb_id": "nm0712592", "name": "Peter Rawley"}, {"imdb_id": "nm0221218", "name": "Makrand Deshpande"}, {"imdb_id": "nm1924004", "name": "Mary Guyer"}, {"imdb_id": "nm1688510", "name": "Rich Petrelli"}]