[{"imdb_id": "nm0000821", "name": "Amitabh Bachchan"}, {"imdb_id": "nm0045393", "name": "Abhishek Bachchan"}, {"imdb_id": "nm1946407", "name": "Kay Kay Menon"}, {"imdb_id": "nm0665554", "name": "Supriya Pathak"}, {"imdb_id": "nm1229940", "name": "Katrina Kaif"}, {"imdb_id": "nm0849500", "name": "Tanishaa Mukerji"}, {"imdb_id": "nm1360697", "name": "Rukhsar Rehman"}, {"imdb_id": "nm0451600", "name": "Anupam Kher"}, {"imdb_id": "nm0004469", "name": "Srinivasa Rao Kota"}, {"imdb_id": "nm1025262", "name": "Deepak Shirke"}, {"imdb_id": "nm0019427", "name": "Ishrat Ali"}, {"imdb_id": "nm1664541", "name": "Zakir Hussain"}, {"imdb_id": "nm1224134", "name": "Ravi Kale"}, {"imdb_id": "nm0561360", "name": "Raju Mavani"}, {"imdb_id": "nm0420091", "name": "Jeeva"}, {"imdb_id": "nm1018224", "name": "Anant Jog"}, {"imdb_id": "nm1207049", "name": "Mangala Kenkre"}, {"imdb_id": "nm1963284", "name": "Carran Kapur"}, {"imdb_id": "nm1651315", "name": "Priyanka Kothari"}, {"imdb_id": "nm0768297", "name": "Virendra Saxena"}, {"imdb_id": "nm4542313", "name": "Shivam Shetty"}, {"imdb_id": "nm0080426", "name": "Nagesh Bhonsle"}, {"imdb_id": "nm1671375", "name": "Rasika Joshi"}, {"imdb_id": "nm1019748", "name": "Saurabh Dubey"}, {"imdb_id": "nm4542765", "name": "Raju Thakkar"}, {"imdb_id": "nm1277293", "name": "Uday Sabnis"}, {"imdb_id": "nm1249412", "name": "Anil Yadav"}, {"imdb_id": "nm1473802", "name": "Dinesh Lamba"}, {"imdb_id": "nm3252731", "name": "Saksham Dayma"}, {"imdb_id": "nm4542298", "name": "Gautam Shetty"}, {"imdb_id": "nm2117833", "name": "Rushad Rana"}, {"imdb_id": "nm3953723", "name": "Diwakar Dhayani"}, {"imdb_id": "nm4599088", "name": "Nitin Rana"}]