[{"imdb_id": "nm1234298", "name": "Konkona Sen Sharma"}, {"imdb_id": "nm0474609", "name": "Atul Kulkarni"}, {"imdb_id": "nm1269584", "name": "Sandhya Mridul"}, {"imdb_id": "nm1214809", "name": "Tara Sharma"}, {"imdb_id": "nm1224082", "name": "Boman Irani"}, {"imdb_id": "nm0759180", "name": "Bikram Saluja"}, {"imdb_id": "nm1822342", "name": "Upendra Limaye"}, {"imdb_id": "nm1822282", "name": "Jai Kalra"}, {"imdb_id": "nm0713618", "name": "Soni Razdan"}, {"imdb_id": "nm0536821", "name": "Anju Mahendru"}, {"imdb_id": "nm0683496", "name": "Suchitra Pillai"}, {"imdb_id": "nm0969505", "name": "Kunickaa Sadanand"}, {"imdb_id": "nm1106067", "name": "Navni Parihar"}, {"imdb_id": "nm0415834", "name": "Madan Jain"}, {"imdb_id": "nm0611663", "name": "Suhasini Mulay"}, {"imdb_id": "nm0015808", "name": "Maya Alagh"}, {"imdb_id": "nm0856890", "name": "Dolly Thakore"}, {"imdb_id": "nm1822927", "name": "Anjana Kuthiala"}, {"imdb_id": "nm1822403", "name": "Kishen Mulchandani"}, {"imdb_id": "nm1822902", "name": "Nisha Jhamval"}, {"imdb_id": "nm1822386", "name": "Ameen Merchant"}, {"imdb_id": "nm1823104", "name": "Navneet Sinha"}, {"imdb_id": "nm6836472", "name": "Shashank"}, {"imdb_id": "nm1822613", "name": "Mukesh Tyagi"}, {"imdb_id": "nm0008279", "name": "Nassar Abdulla"}, {"imdb_id": "nm1384636", "name": "Bobby Darling"}, {"imdb_id": "nm0213493", "name": "Kurush Deboo"}, {"imdb_id": "nm2377163", "name": "G.K. Desai"}, {"imdb_id": "nm3375777", "name": "Mark Duvall"}, {"imdb_id": "nm1216362", "name": "Rehaan Engineer"}, {"imdb_id": "nm1189762", "name": "Darshan Jariwala"}, {"imdb_id": "nm0430799", "name": "Madan Joshi"}, {"imdb_id": "nm1259084", "name": "Manoj Joshi"}, {"imdb_id": "nm1330695", "name": "Parmita Katkar"}, {"imdb_id": "nm1473802", "name": "Dinesh Lamba"}, {"imdb_id": "nm1034261", "name": "Rammy C. Pandey"}, {"imdb_id": "nm1694989", "name": "Sharad Sharma"}, {"imdb_id": "nm0792911", "name": "Sunil Shetty"}, {"imdb_id": "nm3385526", "name": "Gopal K. Singh"}, {"imdb_id": "nm1822624", "name": "Pradeep Velankar"}]