[{"imdb_id": "nm0707425", "name": "Rajinikanth"}, {"imdb_id": "nm1328152", "name": "Shriya Saran"}, {"imdb_id": "nm0838520", "name": "Suman"}, {"imdb_id": "nm0900266", "name": "Vivek"}, {"imdb_id": "nm3675354", "name": "Ala Aljundi"}, {"imdb_id": "nm3280031", "name": "Amarasigamani"}, {"imdb_id": "nm4564107", "name": "Balaji"}, {"imdb_id": "nm4563986", "name": "Jemini Balaji"}, {"imdb_id": "nm0004416", "name": "S.P. Balasubrahmanyam"}, {"imdb_id": "nm2132667", "name": "M.S. Bhaskar"}, {"imdb_id": "nm4564130", "name": "Bobby"}, {"imdb_id": "nm1428279", "name": "Chelladurai"}, {"imdb_id": "nm1232849", "name": "Chinnijayanth"}, {"imdb_id": "nm4564096", "name": "Deepak"}, {"imdb_id": "nm6370553", "name": "Bianca Desai"}, {"imdb_id": "nm4564011", "name": "Deva"}, {"imdb_id": "nm1750758", "name": "Dhamu"}, {"imdb_id": "nm4564157", "name": "Anantha Gopi"}, {"imdb_id": "nm0359880", "name": "Cochin Hanifa"}, {"imdb_id": "nm4564095", "name": "Jayadevi"}, {"imdb_id": "nm4564138", "name": "Jayaraman"}, {"imdb_id": "nm3699462", "name": "Ceri Jerome"}, {"imdb_id": "nm0437791", "name": "Kanal Kannan"}, {"imdb_id": "nm4564022", "name": "Kadi Kanthasamy"}, {"imdb_id": "nm4564133", "name": "Krishnamachari"}, {"imdb_id": "nm4564104", "name": "Calcutta Krishnamoorthy"}, {"imdb_id": "nm0474864", "name": "Ravi Kumar"}, {"imdb_id": "nm4564185", "name": "P.N. Kunju"}, {"imdb_id": "nm3848836", "name": "Lakshmanan"}, {"imdb_id": "nm4563951", "name": "Master Laksmankumar"}, {"imdb_id": "nm2152021", "name": "Livingstone"}, {"imdb_id": "nm1468299", "name": "Maghendran"}, {"imdb_id": "nm0539598", "name": "Tirlok Malik"}, {"imdb_id": "nm4563956", "name": "Malika"}, {"imdb_id": "nm4564016", "name": "Bangalore Mani"}, {"imdb_id": "nm0542478", "name": "Manivannan"}, {"imdb_id": "nm4563998", "name": "T.V. Manivannan"}, {"imdb_id": "nm1416319", "name": "Mayilsamy"}, {"imdb_id": "nm4563954", "name": "Horlicks Murali"}, {"imdb_id": "nm1429147", "name": "Muthukalai"}, {"imdb_id": "nm1521381", "name": "Nayanthara"}, {"imdb_id": "nm2696441", "name": "Pattimandram Salomon Pappayah"}, {"imdb_id": "nm2704843", "name": "Uma Pathmanabhan"}, {"imdb_id": "nm4563972", "name": "Kottai Perumal"}, {"imdb_id": "nm4564148", "name": "Vaisak Prasath"}, {"imdb_id": "nm0706499", "name": "Raghuvaran"}, {"imdb_id": "nm4564190", "name": "Karathya Raja"}, {"imdb_id": "nm2696440", "name": "Pattimandram Raja"}, {"imdb_id": "nm4159359", "name": "Rajasekaran"}, {"imdb_id": "nm4563949", "name": "Kajini Rajesh"}, {"imdb_id": "nm4564178", "name": "Munnar Rajesh"}, {"imdb_id": "nm0707997", "name": "Ramanan"}, {"imdb_id": "nm3915000", "name": "Ramji"}, {"imdb_id": "nm4564031", "name": "Baksar Ravi"}, {"imdb_id": "nm1146195", "name": "Samidurai"}, {"imdb_id": "nm4564147", "name": "Mayil Samy"}, {"imdb_id": "nm0788171", "name": "S. Shankar"}, {"imdb_id": "nm4564037", "name": "Sankar Subramaniyam"}, {"imdb_id": "nm1945112", "name": "R.C. Sunder"}, {"imdb_id": "nm2697818", "name": "Swaminathan"}, {"imdb_id": "nm2701424", "name": "Thamu"}, {"imdb_id": "nm1119913", "name": "Vadivukkarasi"}, {"imdb_id": "nm4564184", "name": "Ela Varsu"}]