[{"imdb_id": "nm0451600", "name": "Anupam Kher"}, {"imdb_id": "nm1224082", "name": "Boman Irani"}, {"imdb_id": "nm0196375", "name": "Parvin Dabas"}, {"imdb_id": "nm1214809", "name": "Tara Sharma"}, {"imdb_id": "nm0632615", "name": "Navin Nischol"}, {"imdb_id": "nm1185265", "name": "Kiran Juneja"}, {"imdb_id": "nm1249116", "name": "Ranvir Shorey"}, {"imdb_id": "nm0619405", "name": "Vinod Nagpal"}, {"imdb_id": "nm0665555", "name": "Vinay Pathak"}, {"imdb_id": "nm2439674", "name": "Nitish Pandey"}, {"imdb_id": "nm1217893", "name": "Rajendra Sethi"}, {"imdb_id": "nm0788903", "name": "Rajesh Sharma"}, {"imdb_id": "nm2439656", "name": "Roopam Bajwa"}, {"imdb_id": "nm2441190", "name": "Anusha Lal"}, {"imdb_id": "nm2983580", "name": "Irfan Mir Sarkh Noor"}, {"imdb_id": "nm0273815", "name": "Feroz"}, {"imdb_id": "nm0348485", "name": "Pradeep Gupta"}, {"imdb_id": "nm2983646", "name": "Narender Chaddha"}, {"imdb_id": "nm2983839", "name": "Rajesh Vashisth"}, {"imdb_id": "nm2983314", "name": "Sharad Khare"}, {"imdb_id": "nm2983595", "name": "Pankaj Saha"}, {"imdb_id": "nm2982912", "name": "Ranjan Arya"}, {"imdb_id": "nm2983592", "name": "Shaily Bhalla"}, {"imdb_id": "nm2983259", "name": "Bhavana Sood"}, {"imdb_id": "nm2983472", "name": "Kumar"}, {"imdb_id": "nm2402576", "name": "Himanshu Sharma"}, {"imdb_id": "nm2983476", "name": "Tarun Mate"}, {"imdb_id": "nm2983853", "name": "Inder Pal Singh"}, {"imdb_id": "nm0301102", "name": "Mahesh Gahalot"}, {"imdb_id": "nm2983211", "name": "Malti Sahani"}, {"imdb_id": "nm2983822", "name": "Nitin Bharva"}, {"imdb_id": "nm2983707", "name": "K.L. Chandra"}]