[{"imdb_id": "nm0149822", "name": "Mithun Chakraborty"}, {"imdb_id": "nm0045393", "name": "Abhishek Bachchan"}, {"imdb_id": "nm0706787", "name": "Aishwarya Rai Bachchan"}, {"imdb_id": "nm0534856", "name": "Madhavan"}, {"imdb_id": "nm1799038", "name": "Vidya Balan"}, {"imdb_id": "nm0786022", "name": "Roshan Seth"}, {"imdb_id": "nm3883557", "name": "Anaushka Dantra"}, {"imdb_id": "nm1324246", "name": "Mallika Sherawat"}, {"imdb_id": "nm1763242", "name": "Sunil Agarwal"}, {"imdb_id": "nm0019463", "name": "Murad Ali"}, {"imdb_id": "nm3883594", "name": "Ashoi"}, {"imdb_id": "nm1191646", "name": "Arya Babbar"}, {"imdb_id": "nm1480555", "name": "Arjan Bajwa"}, {"imdb_id": "nm1201151", "name": "Mukesh Bhatt"}, {"imdb_id": "nm0154122", "name": "Dhritiman Chatterjee"}, {"imdb_id": "nm9653425", "name": "Ashoi Dantra"}, {"imdb_id": "nm0348490", "name": "Rajendra Gupta"}, {"imdb_id": "nm3881937", "name": "Antara Hazarika"}, {"imdb_id": "nm1189762", "name": "Darshan Jariwala"}, {"imdb_id": "nm1259084", "name": "Manoj Joshi"}, {"imdb_id": "nm1934428", "name": "Sarita Joshi"}, {"imdb_id": "nm0433089", "name": "Firdausi Jussawalla"}, {"imdb_id": "nm0451561", "name": "Sachin Khedekar"}, {"imdb_id": "nm0474620", "name": "Nina Kulkarni"}, {"imdb_id": "nm0592799", "name": "Sanjay Mishra"}, {"imdb_id": "nm1106058", "name": "Sudhir Pandey"}, {"imdb_id": "nm0693092", "name": "Prathap Pothen"}, {"imdb_id": "nm1468427", "name": "Ravi Prakash"}, {"imdb_id": "nm3816918", "name": "Rahul"}, {"imdb_id": "nm1031817", "name": "Padma Rani"}, {"imdb_id": "nm3883412", "name": "Rukmani"}, {"imdb_id": "nm1335603", "name": "Shaikh Sami"}, {"imdb_id": "nm2470676", "name": "Simran Singh"}, {"imdb_id": "nm3294623", "name": "T.T. Srinath"}, {"imdb_id": "nm3868955", "name": "Sunny Subramanian"}, {"imdb_id": "nm1759627", "name": "Ssanjay Swaraaj"}, {"imdb_id": "nm3883320", "name": "Alina Wadiwala"}, {"imdb_id": "nm3881974", "name": "Sana Wadiwala"}]