[{"imdb_id": "nm1662277", "name": "Shreyas Talpade"}, {"imdb_id": "nm0787462", "name": "Naseeruddin Shah"}, {"imdb_id": "nm1284108", "name": "Shweta Basu Prasad"}, {"imdb_id": "nm1244971", "name": "Yatin Karyekar"}, {"imdb_id": "nm2047635", "name": "Prateeksha Lonkar"}, {"imdb_id": "nm0439784", "name": "Girish Karnad"}, {"imdb_id": "nm2169647", "name": "Dilip Salgaonkar"}, {"imdb_id": "nm2167080", "name": "Jyoti Joshi"}, {"imdb_id": "nm2217380", "name": "Aadarsh Balakrishna"}, {"imdb_id": "nm2217035", "name": "Gururaj Manepalli"}, {"imdb_id": "nm2218380", "name": "Rajita Joshi"}, {"imdb_id": "nm2215725", "name": "Srikanth Chitrao"}, {"imdb_id": "nm0408373", "name": "Vikram Inamdar"}, {"imdb_id": "nm1454678", "name": "Elahe Hiptoola"}, {"imdb_id": "nm1747795", "name": "Balaji Manohar"}, {"imdb_id": "nm1430018", "name": "D. Santosh"}, {"imdb_id": "nm2215224", "name": "Vibhu Kashyap"}, {"imdb_id": "nm2212637", "name": "K. Sridhar"}, {"imdb_id": "nm2215644", "name": "T.P. Varun"}, {"imdb_id": "nm2218723", "name": "Rohit Bharadwaj"}, {"imdb_id": "nm2214850", "name": "Nitin Tangaraj"}, {"imdb_id": "nm2216800", "name": "Chaitanya"}, {"imdb_id": "nm2213644", "name": "Koti Babu"}, {"imdb_id": "nm2217168", "name": "G. Avinash"}, {"imdb_id": "nm2214012", "name": "Sridhar"}, {"imdb_id": "nm1337956", "name": "Kapil Dev"}]