[{"imdb_id": "nm1405359", "name": "Imran Khan"}, {"imdb_id": "nm1299510", "name": "Genelia D'Souza"}, {"imdb_id": "nm1967908", "name": "Manjari Fadnnis"}, {"imdb_id": "nm3071216", "name": "Ayaz Khan"}, {"imdb_id": "nm3066209", "name": "Karan Makhija"}, {"imdb_id": "nm2868019", "name": "Sugandha Garg"}, {"imdb_id": "nm3065914", "name": "Nirav Mehta"}, {"imdb_id": "nm3066012", "name": "Alishka Varde"}, {"imdb_id": "nm3065956", "name": "Renuka Kunzru"}, {"imdb_id": "nm3070408", "name": "Prateik"}, {"imdb_id": "nm0665351", "name": "Anuradha Patel"}, {"imdb_id": "nm0471389", "name": "Jayant Kripalani"}, {"imdb_id": "nm0665550", "name": "Ratna Pathak Shah"}, {"imdb_id": "nm3376240", "name": "Padam Bhola"}, {"imdb_id": "nm2439708", "name": "Shakun Batra"}, {"imdb_id": "nm0787462", "name": "Naseeruddin Shah"}, {"imdb_id": "nm2459658", "name": "Jerrit John"}, {"imdb_id": "nm0451326", "name": "Sohail Khan"}, {"imdb_id": "nm0451170", "name": "Arbaaz Khan"}, {"imdb_id": "nm0712546", "name": "Paresh Rawal"}, {"imdb_id": "nm3122834", "name": "Omprakash"}, {"imdb_id": "nm0438494", "name": "Rajat Kapoor"}, {"imdb_id": "nm0317307", "name": "Kitu Gidwani"}, {"imdb_id": "nm1874546", "name": "Urvashi Shah"}, {"imdb_id": "nm3377228", "name": "Uditanshu Mehta"}, {"imdb_id": "nm3129705", "name": "Deepak Dadhwal"}, {"imdb_id": "nm1132817", "name": "Veena Mehta"}, {"imdb_id": "nm1302330", "name": "Murli Sharma"}, {"imdb_id": "nm4889356", "name": "Avantika Malik Khan"}]