[{"imdb_id": "nm0451148", "name": "Aamir Khan"}, {"imdb_id": "nm1413459", "name": "Siddharth"}, {"imdb_id": "nm0430817", "name": "Sharman Joshi"}, {"imdb_id": "nm1577858", "name": "Kunal Kapoor"}, {"imdb_id": "nm0474609", "name": "Atul Kulkarni"}, {"imdb_id": "nm1373220", "name": "Alice Patten"}, {"imdb_id": "nm1675786", "name": "Soha Ali Khan"}, {"imdb_id": "nm0533599", "name": "Steven Mackintosh"}, {"imdb_id": "nm0534856", "name": "Madhavan"}, {"imdb_id": "nm0716851", "name": "Waheeda Rehman"}, {"imdb_id": "nm0451600", "name": "Anupam Kher"}, {"imdb_id": "nm0451601", "name": "Kiron Kher"}, {"imdb_id": "nm0700875", "name": "Om Puri"}, {"imdb_id": "nm0849195", "name": "Lekh Tandon"}, {"imdb_id": "nm1213909", "name": "Cyrus Sahukar"}, {"imdb_id": "nm0012881", "name": "Mohan Agashe"}, {"imdb_id": "nm6031800", "name": "Asif Ali Baig"}, {"imdb_id": "nm4045010", "name": "Abhishek Banerjee"}, {"imdb_id": "nm2535507", "name": "Mukesh Chhabra"}, {"imdb_id": "nm2620203", "name": "Pravishi Das"}, {"imdb_id": "nm3204740", "name": "Chandan Roy Sanyal"}, {"imdb_id": "nm1026878", "name": "Jagdeep Singh"}, {"imdb_id": "nm2082701", "name": "Manmeet Singh"}, {"imdb_id": "nm7460672", "name": "Vijai Singh"}]