[{"imdb_id": "nm1867717", "name": "Abhay Deol"}, {"imdb_id": "nm1779702", "name": "Ayesha Takia"}, {"imdb_id": "nm0422586", "name": "Ayesha Jhulka"}, {"imdb_id": "nm1869453", "name": "Apoorva Jha"}, {"imdb_id": "nm0013159", "name": "Rati Agnihotri"}, {"imdb_id": "nm1269584", "name": "Sandhya Mridul"}, {"imdb_id": "nm0034029", "name": "Sohrab Ardeshir"}, {"imdb_id": "nm1472197", "name": "Manish Chaudhary"}, {"imdb_id": "nm1876057", "name": "Lushin Dubey"}, {"imdb_id": "nm5010331", "name": "Kamlesh Gill"}, {"imdb_id": "nm1875821", "name": "Anamika Goel"}, {"imdb_id": "nm1238337", "name": "Vijay Maurya"}, {"imdb_id": "nm0643350", "name": "Suresh Oberoi"}, {"imdb_id": "nm0787472", "name": "Salim Shah"}, {"imdb_id": "nm0802232", "name": "Shakti Singh"}, {"imdb_id": "nm0958861", "name": "Raj Zutshi"}]