[{"imdb_id": "nm0007113", "name": "Nana Patekar"}, {"imdb_id": "nm0720763", "name": "Revathy"}, {"imdb_id": "nm1004985", "name": "Yashpal Sharma"}, {"imdb_id": "nm0012881", "name": "Mohan Agashe"}, {"imdb_id": "nm0883165", "name": "Nakul Vaid"}, {"imdb_id": "nm0420091", "name": "Jeeva"}, {"imdb_id": "nm1576990", "name": "Kunal Vijaykar"}, {"imdb_id": "nm1745386", "name": "Pravin Patel"}, {"imdb_id": "nm1284126", "name": "Prasad Purandhare"}, {"imdb_id": "nm1064764", "name": "Hrishitaa Bhatt"}, {"imdb_id": "nm2192551", "name": "Neha Bam"}, {"imdb_id": "nm0080349", "name": "Dibyendu Bhattacharya"}, {"imdb_id": "nm2049073", "name": "Megan Cocks"}, {"imdb_id": "nm0374974", "name": "Helen"}, {"imdb_id": "nm1018224", "name": "Anant Jog"}, {"imdb_id": "nm1224134", "name": "Ravi Kale"}, {"imdb_id": "nm1355494", "name": "Parvez Khan"}, {"imdb_id": "nm1473802", "name": "Dinesh Lamba"}, {"imdb_id": "nm3999011", "name": "Pawan Mahendru"}]