[{"imdb_id": "nm0897201", "name": "Joseph Vijay"}, {"imdb_id": "nm1375534", "name": "Trisha Krishnan"}, {"imdb_id": "nm0695177", "name": "Prakash Raj"}, {"imdb_id": "nm0896573", "name": "Ashish Vidyarthi"}, {"imdb_id": "nm1315723", "name": "Janaki Sabesh"}, {"imdb_id": "nm1377248", "name": "Nagendra Prasad"}, {"imdb_id": "nm0080238", "name": "Tanikella Bharani"}, {"imdb_id": "nm1750758", "name": "Dhamu"}, {"imdb_id": "nm4890567", "name": "Baby Jeniffer"}, {"imdb_id": "nm0103977", "name": "Brahmanandam"}, {"imdb_id": "nm1416319", "name": "Mayilsamy"}, {"imdb_id": "nm5163714", "name": "'Nandha' Saravanan"}, {"imdb_id": "nm3973483", "name": "Saai Sundar"}, {"imdb_id": "nm4820548", "name": "Murugadass"}, {"imdb_id": "nm2205359", "name": "Karate Raja"}, {"imdb_id": "nm4062192", "name": "Pandi"}, {"imdb_id": "nm2156989", "name": "Vimal"}, {"imdb_id": "nm4043111", "name": "Vijay Sethupathi"}]