[{"imdb_id": "nm1121870", "name": "Mahesh Babu"}, {"imdb_id": "nm1375534", "name": "Trisha Krishnan"}, {"imdb_id": "nm0695177", "name": "Prakash Raj"}, {"imdb_id": "nm1399243", "name": "Sonu Sood"}, {"imdb_id": "nm0004469", "name": "Srinivasa Rao Kota"}, {"imdb_id": "nm0621937", "name": "Nassar"}, {"imdb_id": "nm0320880", "name": "Giri Babu"}, {"imdb_id": "nm0103977", "name": "Brahmanandam"}, {"imdb_id": "nm0223506", "name": "Dharmavarapu Subramanyam"}, {"imdb_id": "nm2496992", "name": "Ajay"}, {"imdb_id": "nm4442569", "name": "Joy Badlani"}, {"imdb_id": "nm0080238", "name": "Tanikella Bharani"}, {"imdb_id": "nm0103976", "name": "Brahmaji"}, {"imdb_id": "nm0222144", "name": "Rahul Dev"}, {"imdb_id": "nm2145958", "name": "Vajja Venkata Giridhar"}, {"imdb_id": "nm0361516", "name": "Gundu Hanumantha Rao"}, {"imdb_id": "nm1332553", "name": "Hema"}, {"imdb_id": "nm1960306", "name": "Rajeev Kanakala"}, {"imdb_id": "nm0621263", "name": "M.S. Narayana"}, {"imdb_id": "nm3833753", "name": "Prabhu"}, {"imdb_id": "nm0707270", "name": "Charan Raj"}, {"imdb_id": "nm0707723", "name": "Rallapalli"}, {"imdb_id": "nm0992003", "name": "Jayaprakash Reddy"}, {"imdb_id": "nm9855558", "name": "Pammi Sai"}, {"imdb_id": "nm0793851", "name": "Sayaji Shinde"}, {"imdb_id": "nm0837189", "name": "Sudha"}, {"imdb_id": "nm1198628", "name": "Suneel"}, {"imdb_id": "nm0899649", "name": "K. Viswanath"}]