[{"imdb_id": "nm0004335", "name": "Hrithik Roshan"}, {"imdb_id": "nm0706787", "name": "Aishwarya Rai Bachchan"}, {"imdb_id": "nm1399243", "name": "Sonu Sood"}, {"imdb_id": "nm0464521", "name": "Poonam Sinha"}, {"imdb_id": "nm0611663", "name": "Suhasini Mulay"}, {"imdb_id": "nm0038023", "name": "Ila Arun"}, {"imdb_id": "nm0613417", "name": "Raza Murad"}, {"imdb_id": "nm0451425", "name": "Kulbhushan Kharbanda"}, {"imdb_id": "nm0657184", "name": "Surendra Pal"}, {"imdb_id": "nm0900267", "name": "Rajesh Vivek"}, {"imdb_id": "nm0616111", "name": "Pramod Moutho"}, {"imdb_id": "nm1584129", "name": "Vishwa Mohan Badola"}, {"imdb_id": "nm3473172", "name": "Manava Naik"}, {"imdb_id": "nm1801750", "name": "Disha Vakani"}, {"imdb_id": "nm0409788", "name": "Dilnaz Irani"}, {"imdb_id": "nm1905056", "name": "Yuri Suri"}, {"imdb_id": "nm3473336", "name": "Shaji Chaudhary"}, {"imdb_id": "nm3472260", "name": "Sayed Badrul Hasan"}, {"imdb_id": "nm1004690", "name": "Pramatesh Mehta"}, {"imdb_id": "nm3474223", "name": "Pradeep Sharma"}, {"imdb_id": "nm2621186", "name": "Digvijay Purohit"}, {"imdb_id": "nm1004422", "name": "Amin Hajee"}, {"imdb_id": "nm3049068", "name": "Nikitin Dheer"}, {"imdb_id": "nm3474130", "name": "Aman Dhaliwal"}, {"imdb_id": "nm2040912", "name": "Indrajit Sarkar"}, {"imdb_id": "nm3354833", "name": "Tejpal Singh Rawat"}, {"imdb_id": "nm3474678", "name": "Abeer Abrar"}, {"imdb_id": "nm3472900", "name": "Shehzor Ali"}, {"imdb_id": "nm0000821", "name": "Amitabh Bachchan"}, {"imdb_id": "nm3473679", "name": "Balraj"}, {"imdb_id": "nm3471718", "name": "Ulhas Barve"}, {"imdb_id": "nm8847493", "name": "Chan"}, {"imdb_id": "nm7462331", "name": "Prayas Choudhary"}, {"imdb_id": "nm2762787", "name": "Chetana Das"}, {"imdb_id": "nm1401918", "name": "Parth Dave"}, {"imdb_id": "nm8847494", "name": "Farida"}, {"imdb_id": "nm4113243", "name": "Karim Hajee"}, {"imdb_id": "nm3485270", "name": "Sudhanshu Hakku"}, {"imdb_id": "nm3138542", "name": "Azad Kavi"}, {"imdb_id": "nm2140071", "name": "Bharat Kumar"}, {"imdb_id": "nm3449909", "name": "Raju Pandit"}, {"imdb_id": "nm8847495", "name": "Omar Khayyam Saharanpuri"}, {"imdb_id": "nm3471696", "name": "Rajiv Sehgal"}, {"imdb_id": "nm2603022", "name": "Gurmeet Singh"}, {"imdb_id": "nm6085179", "name": "Gurmmeet Singh"}, {"imdb_id": "nm1871935", "name": "Jassi Singh"}, {"imdb_id": "nm8847496", "name": "Ranbir Singh"}, {"imdb_id": "nm1847505", "name": "Rucha Vaidya"}, {"imdb_id": "nm8847497", "name": "Bheem Vakani"}]