[{"imdb_id": "nm0004569", "name": "Sanjay Dutt"}, {"imdb_id": "nm0451174", "name": "Arshad Warsi"}, {"imdb_id": "nm1799038", "name": "Vidya Balan"}, {"imdb_id": "nm1224082", "name": "Boman Irani"}, {"imdb_id": "nm1242068", "name": "Dilip Prabhavalkar"}, {"imdb_id": "nm1069850", "name": "Dia Mirza"}, {"imdb_id": "nm0792116", "name": "Jimmy Sheirgill"}, {"imdb_id": "nm0451425", "name": "Kulbhushan Kharbanda"}, {"imdb_id": "nm0756378", "name": "Parikshat Sahni"}, {"imdb_id": "nm0795661", "name": "Saurabh Shukla"}, {"imdb_id": "nm2138165", "name": "Supriya Shukla"}, {"imdb_id": "nm0693027", "name": "Achyut Potdar"}, {"imdb_id": "nm2359443", "name": "Atmaram Bhende"}, {"imdb_id": "nm0050187", "name": "Arun Bali"}, {"imdb_id": "nm1069013", "name": "Bomie E. Dotiwala"}, {"imdb_id": "nm0045393", "name": "Abhishek Bachchan"}, {"imdb_id": "nm1277293", "name": "Uday Sabnis"}, {"imdb_id": "nm1514271", "name": "Rohitashv Gour"}, {"imdb_id": "nm1237063", "name": "Anand Abhyankar"}, {"imdb_id": "nm2448104", "name": "Hemu Adhikari"}, {"imdb_id": "nm1362935", "name": "Dipak Alegaokar"}, {"imdb_id": "nm4967520", "name": "Priya Bapat"}, {"imdb_id": "nm2629754", "name": "Raj Bhansali"}, {"imdb_id": "nm0213493", "name": "Kurush Deboo"}, {"imdb_id": "nm1994519", "name": "Rajdev Jamdade"}, {"imdb_id": "nm8694939", "name": "Sanjeev Jotangia"}, {"imdb_id": "nm1011408", "name": "Ninad Kamat"}, {"imdb_id": "nm6226781", "name": "Rajesh S. Khatri"}, {"imdb_id": "nm4342480", "name": "Soly Marker"}, {"imdb_id": "nm2511745", "name": "Ashwin Mushran"}, {"imdb_id": "nm8960676", "name": "Omkaar"}, {"imdb_id": "nm1474788", "name": "Kishore Pradhan"}, {"imdb_id": "nm1242796", "name": "Surendra Rajan"}, {"imdb_id": "nm2586010", "name": "Pushkar Shrotri"}, {"imdb_id": "nm1594666", "name": "Atul Srivastava"}, {"imdb_id": "nm1979258", "name": "Chirag Vohra"}, {"imdb_id": "nm0820283", "name": "Anjan Srivastav"}]