[{"imdb_id": "nm0222426", "name": "Ajay Devgn"}, {"imdb_id": "nm0451307", "name": "Saif Ali Khan"}, {"imdb_id": "nm1059103", "name": "Vivek Oberoi"}, {"imdb_id": "nm0004626", "name": "Kareena Kapoor"}, {"imdb_id": "nm1234298", "name": "Konkona Sen Sharma"}, {"imdb_id": "nm0060607", "name": "Bipasha Basu"}, {"imdb_id": "nm0787462", "name": "Naseeruddin Shah"}, {"imdb_id": "nm1795232", "name": "Deepak Dobriyal"}, {"imdb_id": "nm1514852", "name": "Manav Kaushik"}, {"imdb_id": "nm1033153", "name": "Kamal Tiwari"}, {"imdb_id": "nm2762787", "name": "Chetana Das"}, {"imdb_id": "nm2874992", "name": "Rahul Kumar"}, {"imdb_id": "nm8960676", "name": "Omkaar"}, {"imdb_id": "nm1133212", "name": "Niraj Sah"}, {"imdb_id": "nm2690647", "name": "Pankaj Tripathi"}]