[{"imdb_id": "nm1946407", "name": "Kay Kay Menon"}, {"imdb_id": "nm0539497", "name": "Pavan Malhotra"}, {"imdb_id": "nm0820282", "name": "Aditya Srivastava"}, {"imdb_id": "nm0080349", "name": "Dibyendu Bhattacharya"}, {"imdb_id": "nm0434263", "name": "Kishore Kadam"}, {"imdb_id": "nm0710549", "name": "Gajraj Rao"}, {"imdb_id": "nm0403984", "name": "Zakir Hussain"}, {"imdb_id": "nm1326262", "name": "Somesh Agarwal"}, {"imdb_id": "nm6271541", "name": "Akhilesh Tripathi"}, {"imdb_id": "nm1665004", "name": "Imtiaz Ali"}, {"imdb_id": "nm2366974", "name": "Raj Arjun"}, {"imdb_id": "nm1616361", "name": "Ragesh Asthana"}, {"imdb_id": "nm1309355", "name": "Sushovan Banerjee"}, {"imdb_id": "nm1794460", "name": "Asif Basra"}, {"imdb_id": "nm1023986", "name": "Aditya Bhattacharya"}, {"imdb_id": "nm1384402", "name": "Uday Chandra"}, {"imdb_id": "nm1758779", "name": "Raj Singh Chaudhary"}, {"imdb_id": "nm2384900", "name": "Aliya Curmally"}, {"imdb_id": "nm1722479", "name": "Suresh Dubey"}, {"imdb_id": "nm1206811", "name": "Sanjay Gandhi"}, {"imdb_id": "nm2778815", "name": "Bharat Ganeshpure"}, {"imdb_id": "nm1216585", "name": "Manoj Goyal"}, {"imdb_id": "nm0361637", "name": "Ashraf Ul Haq"}, {"imdb_id": "nm1220949", "name": "Milind Inamdar"}, {"imdb_id": "nm0422550", "name": "Pankaj Jha"}, {"imdb_id": "nm1224134", "name": "Ravi Kale"}, {"imdb_id": "nm0440604", "name": "Anurag Kashyap"}, {"imdb_id": "nm0443699", "name": "Pratima Kazmi"}, {"imdb_id": "nm0451171", "name": "Arbaaz Ali Khan"}, {"imdb_id": "nm1241589", "name": "Sarfaraz Khan"}, {"imdb_id": "nm2715305", "name": "Murari Kumar"}, {"imdb_id": "nm1596214", "name": "Ashok Lokhande"}, {"imdb_id": "nm1238336", "name": "Teddy Maurya"}, {"imdb_id": "nm1238337", "name": "Vijay Maurya"}, {"imdb_id": "nm0592790", "name": "Loveleen Mishra"}, {"imdb_id": "nm1562777", "name": "Arindam Mitra"}, {"imdb_id": "nm6192508", "name": "Vinod Nahardih"}, {"imdb_id": "nm1665339", "name": "Pranay Narayan"}, {"imdb_id": "nm1665366", "name": "Bobby Parvez"}, {"imdb_id": "nm1938287", "name": "Sharad Ponkshe"}, {"imdb_id": "nm0737512", "name": "Ajai Rohilla"}, {"imdb_id": "nm0759510", "name": "Nagesh Salwan"}, {"imdb_id": "nm2585314", "name": "Sujata Sehgal"}, {"imdb_id": "nm2219639", "name": "Happy Sharma"}, {"imdb_id": "nm1302330", "name": "Murli Sharma"}, {"imdb_id": "nm0789388", "name": "Jeetendra Shastri"}, {"imdb_id": "nm1614706", "name": "Jeetu Shastri"}, {"imdb_id": "nm0557625", "name": "Raju Shrestha"}, {"imdb_id": "nm1596350", "name": "Nawazuddin Siddiqui"}, {"imdb_id": "nm1916610", "name": "Savi Sidhu"}, {"imdb_id": "nm0971232", "name": "Suresh Singh"}, {"imdb_id": "nm1306721", "name": "Sacheen Suvarna"}]