[{"imdb_id": "nm0451321", "name": "Shah Rukh Khan"}, {"imdb_id": "nm0006689", "name": "Preity Zinta"}, {"imdb_id": "nm0611552", "name": "Rani Mukerji"}, {"imdb_id": "nm0451601", "name": "Kiron Kher"}, {"imdb_id": "nm0244890", "name": "Divya Dutta"}, {"imdb_id": "nm1224082", "name": "Boman Irani"}, {"imdb_id": "nm0451600", "name": "Anupam Kher"}, {"imdb_id": "nm0000821", "name": "Amitabh Bachchan"}, {"imdb_id": "nm0004564", "name": "Hema Malini"}, {"imdb_id": "nm0048075", "name": "Manoj Bajpayee"}, {"imdb_id": "nm0782247", "name": "Zohra Sehgal"}, {"imdb_id": "nm1012529", "name": "S.M. Zaheer"}, {"imdb_id": "nm0022758", "name": "Tom Alter"}, {"imdb_id": "nm0592782", "name": "Akhilendra Mishra"}, {"imdb_id": "nm0050187", "name": "Arun Bali"}, {"imdb_id": "nm0530948", "name": "Gurdas Maan"}, {"imdb_id": "nm2117833", "name": "Rushad Rana"}, {"imdb_id": "nm2117528", "name": "Vinod Negi"}, {"imdb_id": "nm1220256", "name": "Balwant Bansal"}, {"imdb_id": "nm2111791", "name": "Rajesh Jolly"}, {"imdb_id": "nm2117524", "name": "Anup Kanwal Singh"}, {"imdb_id": "nm2116437", "name": "Kanwar Jagdish"}, {"imdb_id": "nm2118072", "name": "Dev K. Kantawall"}, {"imdb_id": "nm1206317", "name": "Vicky Ahuja"}, {"imdb_id": "nm2119186", "name": "Ranjeev Verma"}, {"imdb_id": "nm2114469", "name": "Chandni Jas Keerat"}, {"imdb_id": "nm2121364", "name": "Sanjay Singh Bhadli"}, {"imdb_id": "nm2117378", "name": "Kulbir Badesron"}, {"imdb_id": "nm2121659", "name": "Shivaya Singh"}, {"imdb_id": "nm2115677", "name": "Huzefa Gadiwala"}, {"imdb_id": "nm2119028", "name": "Vishal Om Prakash"}, {"imdb_id": "nm1311763", "name": "Amir Zadey"}, {"imdb_id": "nm1795494", "name": "Syed Firdaus"}, {"imdb_id": "nm2115358", "name": "Manish Arora"}, {"imdb_id": "nm2117890", "name": "Banwarhlal Jhol"}, {"imdb_id": "nm1937218", "name": "Darshan Aulakh"}, {"imdb_id": "nm1854452", "name": "Jitendra Bhardwaj"}, {"imdb_id": "nm2120556", "name": "Pankaj Raina"}, {"imdb_id": "nm2116198", "name": "Gurinder Singh"}, {"imdb_id": "nm0007181", "name": "Yash Chopra"}, {"imdb_id": "nm9036653", "name": "Surendra Rahi"}]