[{"imdb_id": "nm0222426", "name": "Ajay Devgn"}, {"imdb_id": "nm0451174", "name": "Arshad Warsi"}, {"imdb_id": "nm0430817", "name": "Sharman Joshi"}, {"imdb_id": "nm0969428", "name": "Tusshar Kapoor"}, {"imdb_id": "nm1267008", "name": "Rimi Sen"}, {"imdb_id": "nm0712546", "name": "Paresh Rawal"}, {"imdb_id": "nm0611573", "name": "Sushmita Mukherjee"}, {"imdb_id": "nm0386358", "name": "Vrajesh Hirjee"}, {"imdb_id": "nm0864608", "name": "Mukesh Tiwari"}, {"imdb_id": "nm0592799", "name": "Sanjay Mishra"}, {"imdb_id": "nm2847166", "name": "Siddarth Jadhav"}, {"imdb_id": "nm2260376", "name": "Farid Amiri"}, {"imdb_id": "nm1259084", "name": "Manoj Joshi"}, {"imdb_id": "nm2411665", "name": "Ashish R. Mohan"}, {"imdb_id": "nm0796107", "name": "Anupam Shyam"}, {"imdb_id": "nm0839632", "name": "Raminder Singh Suri"}, {"imdb_id": "nm0890059", "name": "Rajiv Varma"}]