[{"imdb_id": "nm0352032", "name": "Kamal Haasan"}, {"imdb_id": "nm0433392", "name": "Jyotika"}, {"imdb_id": "nm0695177", "name": "Prakash Raj"}, {"imdb_id": "nm1422363", "name": "Daniel Balaji"}, {"imdb_id": "nm2016428", "name": "Saleem Baig"}, {"imdb_id": "nm2151543", "name": "Kamalinee Mukherjee"}, {"imdb_id": "nm1421513", "name": "Rajashri"}, {"imdb_id": "nm1164862", "name": "Lev Gorn"}, {"imdb_id": "nm2909348", "name": "Yog Japee"}, {"imdb_id": "nm2516766", "name": "Ajay Naidu"}, {"imdb_id": "nm0695253", "name": "Aahuthi Prasad"}, {"imdb_id": "nm2464142", "name": "Karma"}, {"imdb_id": "nm1691836", "name": "Stun Shiva"}, {"imdb_id": "nm2536215", "name": "Vtv Ganesh"}, {"imdb_id": "nm0539598", "name": "Tirlok Malik"}, {"imdb_id": "nm1365354", "name": "Ann Marie Seall"}, {"imdb_id": "nm1122095", "name": "Marvin Adler"}, {"imdb_id": "nm1122094", "name": "Archana"}, {"imdb_id": "nm4442569", "name": "Joy Badlani"}, {"imdb_id": "nm1122096", "name": "Jonathan Baez"}, {"imdb_id": "nm1122096", "name": "Reynaldo Balmes"}, {"imdb_id": "nm9841520", "name": "Bidushi Dash Barde"}, {"imdb_id": "nm1326402", "name": "Bhuvaneswari"}, {"imdb_id": "nm1122094", "name": "Rajeev Chowdhari"}, {"imdb_id": "nm1122096", "name": "William Clemente"}, {"imdb_id": "nm1122096", "name": "Junior Clough"}, {"imdb_id": "nm1122094", "name": "Dj.Ravi"}, {"imdb_id": "nm1122096", "name": "Thomas Dunn"}, {"imdb_id": "nm1122096", "name": "Cheryl Edwards"}, {"imdb_id": "nm1122096", "name": "Robert Gibbs"}, {"imdb_id": "nm1122094", "name": "Alyssa Good"}, {"imdb_id": "nm1122096", "name": "Rachel Greene"}, {"imdb_id": "nm1122094", "name": "Bobby Hanssepal"}, {"imdb_id": "nm1122095", "name": "Veronica Heffron"}, {"imdb_id": "nm1122093", "name": "Kannan"}, {"imdb_id": "nm1289225", "name": "Bharat Kaul"}, {"imdb_id": "nm1122095", "name": "Ram Kumar"}, {"imdb_id": "nm1122097", "name": "Vanessa Lake"}, {"imdb_id": "nm1122095", "name": "Lavinasanchez"}, {"imdb_id": "nm1122094", "name": "Laxmi"}, {"imdb_id": "nm1122097", "name": "Mike Lee"}, {"imdb_id": "nm1122093", "name": "Lefgoev"}, {"imdb_id": "nm1122095", "name": "Tiffany Livecchi"}, {"imdb_id": "nm1122095", "name": "Emanuel Pierre Louis"}, {"imdb_id": "nm1122096", "name": "Kevin Martin"}, {"imdb_id": "nm1122094", "name": "Luisa Merg"}, {"imdb_id": "nm1122096", "name": "Joe Miller"}, {"imdb_id": "nm1122095", "name": "Michael P. Baldeo"}, {"imdb_id": "nm1122097", "name": "Panama"}, {"imdb_id": "nm1122095", "name": "Rajeevan"}, {"imdb_id": "nm1122094", "name": "Rekha"}, {"imdb_id": "nm1315723", "name": "Janaki Sabesh"}, {"imdb_id": "nm1122094", "name": "Sudhakar"}, {"imdb_id": "nm1122095", "name": "Sudha Sudhanthi"}, {"imdb_id": "nm1122097", "name": "Milton Sweet"}, {"imdb_id": "nm1122097", "name": "Tarik"}, {"imdb_id": "nm1122094", "name": "Vidya"}, {"imdb_id": "nm1122095", "name": "Elizabeth Satos Villar"}, {"imdb_id": "nm1122097", "name": "Monarico Ward"}]