[{"imdb_id": "nm1779702", "name": "Ayesha Takia"}, {"imdb_id": "nm1662277", "name": "Shreyas Talpade"}, {"imdb_id": "nm1493836", "name": "Gul Panag"}, {"imdb_id": "nm0439784", "name": "Girish Karnad"}, {"imdb_id": "nm2047635", "name": "Prateeksha Lonkar"}, {"imdb_id": "nm2117833", "name": "Rushad Rana"}, {"imdb_id": "nm2507166", "name": "Anirudh Jaykar"}, {"imdb_id": "nm1746779", "name": "Shivani Joshi"}, {"imdb_id": "nm0052621", "name": "Uttara Baokar"}, {"imdb_id": "nm2503400", "name": "Pavan Singh"}, {"imdb_id": "nm2510447", "name": "Banwarilal Taneja"}, {"imdb_id": "nm1670264", "name": "Ikhlaq Khan"}, {"imdb_id": "nm1258388", "name": "Veena Sajnani"}, {"imdb_id": "nm2215224", "name": "Vibhu Kashyap"}, {"imdb_id": "nm1796091", "name": "Dhruv Jagasiya"}, {"imdb_id": "nm0474398", "name": "Nagesh Kukunoor"}, {"imdb_id": "nm2507070", "name": "Maulvi Saheb"}, {"imdb_id": "nm2217035", "name": "Gururaj Manepalli"}, {"imdb_id": "nm2508613", "name": "Chirjot Singh Kohli"}, {"imdb_id": "nm2472600", "name": "Kush Chaddha"}, {"imdb_id": "nm2505787", "name": "Vipin Bhati"}, {"imdb_id": "nm2509991", "name": "Mukhtar"}, {"imdb_id": "nm1055106", "name": "Abhay Bhargav"}, {"imdb_id": "nm2511586", "name": "Navneet K. Chander"}, {"imdb_id": "nm1375717", "name": "Vishal Malhotra"}]