[{"imdb_id": "nm1121870", "name": "Mahesh Babu"}, {"imdb_id": "nm2299825", "name": "Ileana D'Cruz"}, {"imdb_id": "nm0695177", "name": "Prakash Raj"}, {"imdb_id": "nm0621937", "name": "Nassar"}, {"imdb_id": "nm0896573", "name": "Ashish Vidyarthi"}, {"imdb_id": "nm0793851", "name": "Sayaji Shinde"}, {"imdb_id": "nm0103977", "name": "Brahmanandam"}, {"imdb_id": "nm2496992", "name": "Ajay"}, {"imdb_id": "nm0837189", "name": "Sudha"}, {"imdb_id": "nm3953246", "name": "Master Bharath"}, {"imdb_id": "nm0019382", "name": "Ali"}, {"imdb_id": "nm0893454", "name": "Venu Madhav"}, {"imdb_id": "nm1892086", "name": "Mumait Khan"}, {"imdb_id": "nm3749057", "name": "Ganesh Babu"}, {"imdb_id": "nm4626261", "name": "Isai"}, {"imdb_id": "nm3563577", "name": "Isaiah"}, {"imdb_id": "nm0695174", "name": "Satya Prakash"}, {"imdb_id": "nm2296460", "name": "Jyothi Rana"}, {"imdb_id": "nm1360605", "name": "Sonyraj"}, {"imdb_id": "nm1759615", "name": "Subbaraju"}]