[{"imdb_id": "nm0004429", "name": "Dharmendra"}, {"imdb_id": "nm0451234", "name": "Irrfan Khan"}, {"imdb_id": "nm1234298", "name": "Konkona Sen Sharma"}, {"imdb_id": "nm1946407", "name": "Kay Kay Menon"}, {"imdb_id": "nm0792908", "name": "Shilpa Shetty Kundra"}, {"imdb_id": "nm1832004", "name": "Shiney Ahuja"}, {"imdb_id": "nm0430817", "name": "Sharman Joshi"}, {"imdb_id": "nm2144007", "name": "Kangana Ranaut"}, {"imdb_id": "nm0019465", "name": "Nafisa Ali"}, {"imdb_id": "nm1206317", "name": "Vicky Ahuja"}, {"imdb_id": "nm1330687", "name": "Gautam Kapoor"}, {"imdb_id": "nm5290022", "name": "Ayaan Khan"}, {"imdb_id": "nm2511745", "name": "Ashwin Mushran"}, {"imdb_id": "nm0632079", "name": "Nilofar"}, {"imdb_id": "nm2388090", "name": "Rinku Patel"}, {"imdb_id": "nm0756010", "name": "Sagarika"}, {"imdb_id": "nm0894344", "name": "Meenakshi Verma"}]