[{"imdb_id": "nm0451321", "name": "Shah Rukh Khan"}, {"imdb_id": "nm1540244", "name": "Vidya Malvade"}, {"imdb_id": "nm2469366", "name": "Sagarika Ghatge"}, {"imdb_id": "nm1427076", "name": "Shilpa Shukla"}, {"imdb_id": "nm2450876", "name": "Arya Menon"}, {"imdb_id": "nm2761116", "name": "Seema Azmi"}, {"imdb_id": "nm2448614", "name": "Nisha Nair"}, {"imdb_id": "nm2446042", "name": "Sandia Furtado"}, {"imdb_id": "nm2760387", "name": "Masochon V. Zimik"}, {"imdb_id": "nm2759476", "name": "Kimi Laldawla"}, {"imdb_id": "nm2445480", "name": "Chitrashi Rawat"}, {"imdb_id": "nm2448026", "name": "Shubhi Mehta"}, {"imdb_id": "nm2444905", "name": "Anaitha Nair"}, {"imdb_id": "nm2450711", "name": "Tanya Abrol"}, {"imdb_id": "nm2444192", "name": "Kimberly Miranda"}, {"imdb_id": "nm2444910", "name": "Nichola Sequeira"}, {"imdb_id": "nm2447624", "name": "Raynia Mascerhanas"}, {"imdb_id": "nm0451242", "name": "Javed Khan"}, {"imdb_id": "nm2913438", "name": "Vibha Chhibber"}, {"imdb_id": "nm2281645", "name": "Jayshree Arora"}, {"imdb_id": "nm0883165", "name": "Nakul Vaid"}, {"imdb_id": "nm1875257", "name": "Vivan Bhatena"}, {"imdb_id": "nm1231900", "name": "Mohit Chauhan"}, {"imdb_id": "nm2564953", "name": "Chantelle Abela"}, {"imdb_id": "nm1749163", "name": "Padam Bhushan"}, {"imdb_id": "nm3248485", "name": "Lisa Blake"}, {"imdb_id": "nm2773962", "name": "Ashleigh Paige Burt"}, {"imdb_id": "nm2460351", "name": "Joshua Burt"}, {"imdb_id": "nm2027737", "name": "Kasey Davis"}, {"imdb_id": "nm2244897", "name": "Ramakant Dayma"}, {"imdb_id": "nm2470123", "name": "Lauren Demetriou"}, {"imdb_id": "nm2478429", "name": "Liz Duffield"}, {"imdb_id": "nm8934971", "name": "Raj Joshi"}, {"imdb_id": "nm1744566", "name": "Ravi Kachhawa"}, {"imdb_id": "nm3256872", "name": "Rio Kapadia"}, {"imdb_id": "nm2446954", "name": "Lalhmingkimi Khiangte"}, {"imdb_id": "nm6070922", "name": "Celina Lazarus"}, {"imdb_id": "nm2450880", "name": "Mary Lofthouse"}, {"imdb_id": "nm2473179", "name": "Sarah O'Connor"}, {"imdb_id": "nm2560053", "name": "Vicki Periorellis"}, {"imdb_id": "nm2472947", "name": "Janine Pretorius"}, {"imdb_id": "nm9360449", "name": "Ansh Rathore"}, {"imdb_id": "nm2469777", "name": "Kate Sandry"}, {"imdb_id": "nm2481864", "name": "Danielle Schubach"}, {"imdb_id": "nm2483875", "name": "Kim Snowden"}, {"imdb_id": "nm0820283", "name": "Anjan Srivastav"}, {"imdb_id": "nm2496784", "name": "Jill van Duuren"}, {"imdb_id": "nm2499652", "name": "Elizabeth Vardy"}, {"imdb_id": "nm2472165", "name": "Emily White"}, {"imdb_id": "nm2460315", "name": "Brodie Whitmore"}, {"imdb_id": "nm1020188", "name": "Amanda Wilkinson"}, {"imdb_id": "nm2472859", "name": "Aleesha Willett"}, {"imdb_id": "nm2438992", "name": "Mirko Jukic"}, {"imdb_id": "nm2437839", "name": "Nicholas Mifsud"}]