[{"imdb_id": "nm1413459", "name": "Siddharth"}, {"imdb_id": "nm1299510", "name": "Genelia D'Souza"}, {"imdb_id": "nm0695177", "name": "Prakash Raj"}, {"imdb_id": "nm0004469", "name": "Srinivasa Rao Kota"}, {"imdb_id": "nm0419707", "name": "Jayasudha"}, {"imdb_id": "nm0223506", "name": "Dharmavarapu Subramanyam"}, {"imdb_id": "nm1198628", "name": "Suneel"}, {"imdb_id": "nm0103977", "name": "Brahmanandam"}, {"imdb_id": "nm0080238", "name": "Tanikella Bharani"}, {"imdb_id": "nm2639935", "name": "Neha Bamb"}, {"imdb_id": "nm0613514", "name": "Murali Mohan"}, {"imdb_id": "nm1759549", "name": "Chitram Seenu"}, {"imdb_id": "nm5624098", "name": "Ravi Varma"}, {"imdb_id": "nm3807949", "name": "Surekha Vani"}, {"imdb_id": "nm2376650", "name": "Satya Krishnan"}, {"imdb_id": "nm0149867", "name": "Chalapathi Rao"}, {"imdb_id": "nm0944833", "name": "Narsing Yadav"}, {"imdb_id": "nm3806676", "name": "Saira Bhanu"}, {"imdb_id": "nm3454615", "name": "Sudeepa"}, {"imdb_id": "nm3818012", "name": "Vijaya Sai"}, {"imdb_id": "nm2639966", "name": "Srikanth Addala"}, {"imdb_id": "nm3164927", "name": "Stunt Silva"}]