[{"imdb_id": "nm2594301", "name": "Darsheel Safary"}, {"imdb_id": "nm0451148", "name": "Aamir Khan"}, {"imdb_id": "nm1538116", "name": "Tisca Chopra"}, {"imdb_id": "nm1479650", "name": "Vipin Sharma"}, {"imdb_id": "nm3222518", "name": "Sachet Engineer"}, {"imdb_id": "nm2540053", "name": "Tanay Chheda"}, {"imdb_id": "nm2896015", "name": "Lalitha Lajmi"}, {"imdb_id": "nm2887354", "name": "Girija Oak"}, {"imdb_id": "nm1334512", "name": "Ravi Khanvilkar"}, {"imdb_id": "nm3220980", "name": "Pratima Kulkarni"}, {"imdb_id": "nm1386135", "name": "Meghna Malik"}, {"imdb_id": "nm3000723", "name": "Sonali Sachdev"}, {"imdb_id": "nm3220990", "name": "Sanjay Dadich"}, {"imdb_id": "nm2052194", "name": "Raaj Gopal Iyer"}, {"imdb_id": "nm3221779", "name": "Bugs Bhargava"}, {"imdb_id": "nm1261460", "name": "Shankar Sachdev"}, {"imdb_id": "nm0706954", "name": "M.K. Raina"}, {"imdb_id": "nm1126070", "name": "Gurkirtan"}, {"imdb_id": "nm3222618", "name": "Gurdeepak Kaur"}, {"imdb_id": "nm3221072", "name": "Alorika Chatterjee"}, {"imdb_id": "nm2157203", "name": "Megha Bengali"}, {"imdb_id": "nm3221377", "name": "Munireh Guhilot"}, {"imdb_id": "nm3221787", "name": "Girish Kumar Menon"}, {"imdb_id": "nm3221087", "name": "Vivekanandan"}, {"imdb_id": "nm3221279", "name": "Madhav Datt"}, {"imdb_id": "nm3221531", "name": "Prashant"}, {"imdb_id": "nm3116005", "name": "Vitthal"}, {"imdb_id": "nm3221510", "name": "Jadav"}, {"imdb_id": "nm3221835", "name": "Ramit Gupta"}, {"imdb_id": "nm3221543", "name": "Arnav Valcha"}, {"imdb_id": "nm3221624", "name": "Brihan Lamba"}, {"imdb_id": "nm3221268", "name": "Ricky"}, {"imdb_id": "nm3221091", "name": "Krishn Gopinath"}, {"imdb_id": "nm3220972", "name": "Ayaan"}, {"imdb_id": "nm3221722", "name": "Veer Mohan"}, {"imdb_id": "nm3221007", "name": "Aniket Engineer"}, {"imdb_id": "nm0045393", "name": "Abhishek Bachchan"}, {"imdb_id": "nm8846316", "name": "Raj Gopal Iyer"}, {"imdb_id": "nm3806738", "name": "Sanjay Sinha"}]