[{"imdb_id": "nm1867717", "name": "Abhay Deol"}, {"imdb_id": "nm1493836", "name": "Gul Panag"}, {"imdb_id": "nm0784025", "name": "Raima Sen"}, {"imdb_id": "nm0045136", "name": "Sarika"}, {"imdb_id": "nm0451425", "name": "Kulbhushan Kharbanda"}, {"imdb_id": "nm0665555", "name": "Vinay Pathak"}, {"imdb_id": "nm3112684", "name": "Poonam Gibson"}, {"imdb_id": "nm1318999", "name": "Yana Gupta"}, {"imdb_id": "nm2240044", "name": "Brijendra Kala"}, {"imdb_id": "nm1030318", "name": "Jogi Mallang"}, {"imdb_id": "nm1596350", "name": "Nawazuddin Siddiqui"}]