[{"imdb_id": "nm0004429", "name": "Dharmendra"}, {"imdb_id": "nm1267008", "name": "Rimi Sen"}, {"imdb_id": "nm1817397", "name": "Ashwini Kalsekar"}, {"imdb_id": "nm1778703", "name": "Neil Nitin Mukesh"}, {"imdb_id": "nm0665555", "name": "Vinay Pathak"}, {"imdb_id": "nm1664541", "name": "Zakir Hussain"}, {"imdb_id": "nm2738079", "name": "Dayanand Shetty"}, {"imdb_id": "nm0620636", "name": "Govind Namdeo"}, {"imdb_id": "nm1671375", "name": "Rasika Joshi"}, {"imdb_id": "nm1261460", "name": "Shankar Sachdev"}, {"imdb_id": "nm3140757", "name": "Priyanka Bose"}, {"imdb_id": "nm2824814", "name": "Farah"}, {"imdb_id": "nm3140496", "name": "Radhika"}, {"imdb_id": "nm3124482", "name": "Neeraj Khetrapal"}, {"imdb_id": "nm3026791", "name": "Sonia Rakkar"}, {"imdb_id": "nm3140145", "name": "Vyjayanthi"}, {"imdb_id": "nm3140519", "name": "Swatantra Bharat"}, {"imdb_id": "nm3140771", "name": "Jasbeer"}, {"imdb_id": "nm3140184", "name": "Rajtilak"}, {"imdb_id": "nm3140479", "name": "Parichehar"}, {"imdb_id": "nm2926042", "name": "Priyesh Kaushik"}, {"imdb_id": "nm1277861", "name": "Jaywant Wadkar"}, {"imdb_id": "nm1334958", "name": "Firdosh Mewawala"}, {"imdb_id": "nm1616785", "name": "Rajesh Jais"}, {"imdb_id": "nm1796360", "name": "Jaya Kolekar"}, {"imdb_id": "nm1355494", "name": "Parvez Khan"}, {"imdb_id": "nm3140596", "name": "Umar"}, {"imdb_id": "nm1589374", "name": "Jaydutt Vyas"}, {"imdb_id": "nm3140280", "name": "Hiwarale"}, {"imdb_id": "nm3137461", "name": "Ajay Tiwari"}, {"imdb_id": "nm0451162", "name": "Akram Khan"}, {"imdb_id": "nm3137536", "name": "Deva Mishra"}, {"imdb_id": "nm2192467", "name": "Anisha Narang"}, {"imdb_id": "nm2189745", "name": "Shirin Nagporewala"}, {"imdb_id": "nm3140908", "name": "Shankar Shatke"}, {"imdb_id": "nm2878058", "name": "Rama Rao"}, {"imdb_id": "nm3140191", "name": "Dharmesh Thakkar"}, {"imdb_id": "nm3140542", "name": "Avinash Chandwarkar"}, {"imdb_id": "nm3137480", "name": "Das Babu"}, {"imdb_id": "nm3140050", "name": "Azaan Shah"}]