[{"imdb_id": "nm1372788", "name": "Shahid Kapoor"}, {"imdb_id": "nm0004626", "name": "Kareena Kapoor"}, {"imdb_id": "nm1595577", "name": "Tarun Arora"}, {"imdb_id": "nm0802107", "name": "Dara Singh"}, {"imdb_id": "nm0539497", "name": "Pavan Malhotra"}, {"imdb_id": "nm1033153", "name": "Kamal Tiwari"}, {"imdb_id": "nm1185265", "name": "Kiran Juneja"}, {"imdb_id": "nm2275659", "name": "Divya Shah"}, {"imdb_id": "nm2777374", "name": "Saumya Tandon"}, {"imdb_id": "nm3130252", "name": "Nihar Thakkar"}, {"imdb_id": "nm3129389", "name": "Manushka Khisty"}, {"imdb_id": "nm3129206", "name": "F.J. Jussawala"}, {"imdb_id": "nm2119028", "name": "Vishal Om Prakash"}, {"imdb_id": "nm3130122", "name": "Rohini Sahni"}, {"imdb_id": "nm3128877", "name": "Deepak Sharma"}, {"imdb_id": "nm3130227", "name": "Sheikh Noor Islaam"}, {"imdb_id": "nm3130055", "name": "Basant Sinha"}, {"imdb_id": "nm2637282", "name": "Shyam Mashalkar"}, {"imdb_id": "nm2239199", "name": "Lalit Parashar"}, {"imdb_id": "nm3128875", "name": "Vidyasagar Singh"}, {"imdb_id": "nm3128587", "name": "Arnab Mukherjee"}, {"imdb_id": "nm2412421", "name": "Nishikant Dixit"}, {"imdb_id": "nm3129202", "name": "Abbas Saed"}, {"imdb_id": "nm2243755", "name": "Nishi Singh"}, {"imdb_id": "nm3124305", "name": "Arvind Jayant"}, {"imdb_id": "nm2240044", "name": "Brijendra Kala"}, {"imdb_id": "nm1794460", "name": "Asif Basra"}, {"imdb_id": "nm3129485", "name": "Sadanand Yadav"}, {"imdb_id": "nm3124900", "name": "Sushil Pandey"}, {"imdb_id": "nm7365253", "name": "Vijay Singh"}, {"imdb_id": "nm2575804", "name": "Raymond D'Souza"}, {"imdb_id": "nm3129483", "name": "Jitendra Rai"}, {"imdb_id": "nm1474788", "name": "Kishore Pradhan"}, {"imdb_id": "nm3130211", "name": "Yajuvendra Singh"}, {"imdb_id": "nm1238336", "name": "Teddy Maurya"}, {"imdb_id": "nm3128950", "name": "Ismeet Kaur"}, {"imdb_id": "nm3129191", "name": "Shreya Bhatt"}, {"imdb_id": "nm3129220", "name": "Veer Pratap Singh"}, {"imdb_id": "nm3129075", "name": "Pravin Purva"}, {"imdb_id": "nm3129104", "name": "Gurveer Singh"}, {"imdb_id": "nm0082302", "name": "Billa"}, {"imdb_id": "nm3129108", "name": "Anita Meet"}, {"imdb_id": "nm3128718", "name": "Jassimrat Kaur"}, {"imdb_id": "nm3129630", "name": "Prem Puneeta"}, {"imdb_id": "nm3129815", "name": "Kaka Canadian"}, {"imdb_id": "nm1030502", "name": "Ananya Khare"}, {"imdb_id": "nm1133537", "name": "Zoya"}, {"imdb_id": "nm3129384", "name": "Narendra Neena"}, {"imdb_id": "nm3128762", "name": "Aman Bhogal"}, {"imdb_id": "nm3128745", "name": "Harkeerat"}, {"imdb_id": "nm3128774", "name": "Meenakshi"}, {"imdb_id": "nm3128814", "name": "Harsimran"}, {"imdb_id": "nm3124897", "name": "Raman Dhillon"}, {"imdb_id": "nm3129760", "name": "Aman Sahota"}, {"imdb_id": "nm3128799", "name": "Ikhatar Singh"}, {"imdb_id": "nm3128460", "name": "Majhi"}, {"imdb_id": "nm9657314", "name": "Amanda Jajoo"}, {"imdb_id": "nm8026415", "name": "Rubina"}]