[{"imdb_id": "nm0665555", "name": "Vinay Pathak"}, {"imdb_id": "nm0438494", "name": "Rajat Kapoor"}, {"imdb_id": "nm0045136", "name": "Sarika"}, {"imdb_id": "nm0813763", "name": "Milind Soman"}, {"imdb_id": "nm1249116", "name": "Ranvir Shorey"}, {"imdb_id": "nm3079380", "name": "Bhairavi Goswami"}, {"imdb_id": "nm0022758", "name": "Tom Alter"}, {"imdb_id": "nm1122077", "name": "Harsh Chhaya"}, {"imdb_id": "nm2680506", "name": "Sharat Katariya"}, {"imdb_id": "nm3208391", "name": "Sushma Kaul"}, {"imdb_id": "nm1670264", "name": "Ikhlaq Khan"}]