[{"imdb_id": "nm0451148", "name": "Aamir Khan"}, {"imdb_id": "nm0534856", "name": "Madhavan"}, {"imdb_id": "nm0430817", "name": "Sharman Joshi"}, {"imdb_id": "nm0004626", "name": "Kareena Kapoor"}, {"imdb_id": "nm1224082", "name": "Boman Irani"}, {"imdb_id": "nm1437925", "name": "Omi Vaidya"}, {"imdb_id": "nm1587175", "name": "Mona Singh"}, {"imdb_id": "nm0412917", "name": "Javed Jaffrey"}, {"imdb_id": "nm0756378", "name": "Parikshat Sahni"}, {"imdb_id": "nm1717985", "name": "Olivier Lafont"}, {"imdb_id": "nm2874992", "name": "Rahul Kumar"}, {"imdb_id": "nm1030306", "name": "Amardeep Jha"}, {"imdb_id": "nm2409254", "name": "Farida Dadi"}, {"imdb_id": "nm1569092", "name": "Mukund Bhatt"}, {"imdb_id": "nm3760619", "name": "Chaitali Bose"}, {"imdb_id": "nm0471389", "name": "Jayant Kripalani"}, {"imdb_id": "nm0050187", "name": "Arun Bali"}, {"imdb_id": "nm3735902", "name": "Shoaib Ahmed"}, {"imdb_id": "nm1081117", "name": "Dushyant Wagh"}, {"imdb_id": "nm3736105", "name": "Pooja Goswami"}, {"imdb_id": "nm3736095", "name": "A.S. Duggal"}, {"imdb_id": "nm3760980", "name": "Annapurna Kaul"}, {"imdb_id": "nm3760216", "name": "R.S. Kodange"}, {"imdb_id": "nm2522078", "name": "Dharmendra Bhurji"}, {"imdb_id": "nm5523586", "name": "Meghna Bhalla"}, {"imdb_id": "nm3760945", "name": "Harvinder Singh"}, {"imdb_id": "nm5523582", "name": "Dilshad Edibam"}, {"imdb_id": "nm3569470", "name": "Rajeev Ravindranathan"}, {"imdb_id": "nm3735985", "name": "Hitesh Tak"}, {"imdb_id": "nm3735830", "name": "Rajendra Patwardhan"}, {"imdb_id": "nm0693027", "name": "Achyut Potdar"}, {"imdb_id": "nm3170495", "name": "Ali Fazal"}, {"imdb_id": "nm5523580", "name": "Madhav Vaze"}, {"imdb_id": "nm2366952", "name": "Dileep Desai"}, {"imdb_id": "nm3761675", "name": "Raghunathan"}, {"imdb_id": "nm3760746", "name": "Vaidyanathan"}, {"imdb_id": "nm3760013", "name": "Kumar Veer Singh"}, {"imdb_id": "nm3761084", "name": "Shailja Dhar"}, {"imdb_id": "nm3735785", "name": "Dinesh Kumar"}, {"imdb_id": "nm3561962", "name": "Aakash Dabhade"}, {"imdb_id": "nm3761629", "name": "Apul Jaisinghani"}, {"imdb_id": "nm3760590", "name": "Trilok Sadhwani"}, {"imdb_id": "nm0592783", "name": "Akhil Mishra"}, {"imdb_id": "nm3759949", "name": "Sonu"}, {"imdb_id": "nm0864605", "name": "Atul Tiwari"}, {"imdb_id": "nm3736093", "name": "Praful Kulkarni"}, {"imdb_id": "nm5523618", "name": "Jalil Parkar"}, {"imdb_id": "nm4150376", "name": "Debashish Naha"}, {"imdb_id": "nm3760397", "name": "Michael Joseph"}, {"imdb_id": "nm5523589", "name": "Smriti"}, {"imdb_id": "nm1579485", "name": "Sanjay Sood"}, {"imdb_id": "nm3736049", "name": "Dayal Sharma"}, {"imdb_id": "nm1595330", "name": "Rakesh Sharma"}, {"imdb_id": "nm5523624", "name": "Elihud George"}, {"imdb_id": "nm3760745", "name": "Sarvanna"}, {"imdb_id": "nm3760583", "name": "Tanveer Ahmed"}, {"imdb_id": "nm1261460", "name": "Shankar Sachdev"}, {"imdb_id": "nm3735943", "name": "Kishor Patil"}, {"imdb_id": "nm5523616", "name": "Insia Lacewalla"}, {"imdb_id": "nm5523592", "name": "Keshav Rae"}, {"imdb_id": "nm5523623", "name": "Lata Kurdikar"}, {"imdb_id": "nm5523630", "name": "Suhas Vaidya"}, {"imdb_id": "nm2243755", "name": "Nishi Singh"}, {"imdb_id": "nm3736034", "name": "Saurabh Agnihotri"}, {"imdb_id": "nm3735892", "name": "Sitaram Sharma"}, {"imdb_id": "nm5523617", "name": "Pundit Prayag Raj"}, {"imdb_id": "nm2138165", "name": "Supriya Shukla"}, {"imdb_id": "nm0802165", "name": "Malvika Singh"}, {"imdb_id": "nm5523643", "name": "Tsanwal Namgyal"}, {"imdb_id": "nm5523590", "name": "Jigmet Dorjey"}, {"imdb_id": "nm8087595", "name": "Freny Bhagat"}, {"imdb_id": "nm1514271", "name": "Rohitashv Gour"}, {"imdb_id": "nm6360246", "name": "Komal Jha"}, {"imdb_id": "nm3329873", "name": "Pitobash"}, {"imdb_id": "nm4808685", "name": "Bharat Jha"}]