[{"imdb_id": "nm1421814", "name": "Suriya"}, {"imdb_id": "nm0801264", "name": "Simran"}, {"imdb_id": "nm1631667", "name": "Ramya"}, {"imdb_id": "nm1213820", "name": "Sameera Reddy"}, {"imdb_id": "nm3478180", "name": "Prithviraj"}, {"imdb_id": "nm3478045", "name": "Deepa Narendran"}, {"imdb_id": "nm3193557", "name": "Karthik"}, {"imdb_id": "nm3476834", "name": "Shanker Koladi"}, {"imdb_id": "nm2536215", "name": "Vtv Ganesh"}, {"imdb_id": "nm3193037", "name": "Sathish"}, {"imdb_id": "nm3835651", "name": "Veera Bahu"}, {"imdb_id": "nm1069826", "name": "Gautham Vasudev Menon"}, {"imdb_id": "nm2898884", "name": "Pawl Bazile"}, {"imdb_id": "nm0421117", "name": "Brian Jennings"}, {"imdb_id": "nm6595970", "name": "Shreya Gupto"}, {"imdb_id": "nm5434119", "name": "Sathish Krishnan"}, {"imdb_id": "nm4822206", "name": "Rajeev"}, {"imdb_id": "nm3632232", "name": "Ramchander Sankar"}, {"imdb_id": "nm3075157", "name": "Cleo Berry"}]