[{"imdb_id": "nm0451148", "name": "Aamir Khan"}, {"imdb_id": "nm1821791", "name": "Asin Thottumkal"}, {"imdb_id": "nm2318317", "name": "Jiah Khan"}, {"imdb_id": "nm0025627", "name": "Tinnu Anand"}, {"imdb_id": "nm1004887", "name": "Pradeep Singh Rawat"}, {"imdb_id": "nm2382945", "name": "Asif Ahmed"}, {"imdb_id": "nm3133202", "name": "John Cardiel"}, {"imdb_id": "nm2913438", "name": "Vibha Chhibber"}, {"imdb_id": "nm4482766", "name": "Neville Dadachanji"}, {"imdb_id": "nm3956240", "name": "Salim Fatehi"}, {"imdb_id": "nm4111046", "name": "Mahendra Gole"}, {"imdb_id": "nm1571487", "name": "Sunil Grover"}, {"imdb_id": "nm4110461", "name": "Simon Hewitt"}, {"imdb_id": "nm4109641", "name": "Kiran Deep Jagi"}, {"imdb_id": "nm4110585", "name": "Raj Jamdade"}, {"imdb_id": "nm0433089", "name": "Firdausi Jussawalla"}, {"imdb_id": "nm4110988", "name": "Mugdha Kalra"}, {"imdb_id": "nm1289230", "name": "Riyaz Khan"}, {"imdb_id": "nm4110017", "name": "Abhishek Khanna"}, {"imdb_id": "nm4072512", "name": "Vaibhav Mathur"}, {"imdb_id": "nm4110158", "name": "Kapil Mehta"}, {"imdb_id": "nm3774592", "name": "Rahul Pendkalkar"}, {"imdb_id": "nm0707304", "name": "Anjum Rajabali"}, {"imdb_id": "nm4111513", "name": "Sopreet Redot"}, {"imdb_id": "nm2999515", "name": "Sonal Sehgal"}, {"imdb_id": "nm4111088", "name": "Fayaz Ahmed Shah"}, {"imdb_id": "nm1178697", "name": "Khalid Siddiqui"}, {"imdb_id": "nm9547020", "name": "Viniishaa Siingh"}, {"imdb_id": "nm1302402", "name": "Dharmendra Singh"}, {"imdb_id": "nm1332502", "name": "Jitendra Singh"}, {"imdb_id": "nm4110377", "name": "Vinusha Singh"}, {"imdb_id": "nm3256907", "name": "Sai Tamhankar"}, {"imdb_id": "nm2953991", "name": "Taufiq"}, {"imdb_id": "nm1210960", "name": "Nidhi Tuli"}, {"imdb_id": "nm3953983", "name": "Vikraal Vij"}, {"imdb_id": "nm1576990", "name": "Kunal Vijaykar"}, {"imdb_id": "nm0951149", "name": "Yusuf"}]