[{"imdb_id": "nm0451321", "name": "Shah Rukh Khan"}, {"imdb_id": "nm0004418", "name": "Kajol"}, {"imdb_id": "nm1995953", "name": "Katie A. Keane"}, {"imdb_id": "nm2778261", "name": "Kenton Duty"}, {"imdb_id": "nm0631373", "name": "Benny Nieves"}, {"imdb_id": "nm0241935", "name": "Christopher B. Duncan"}, {"imdb_id": "nm0792116", "name": "Jimmy Sheirgill"}, {"imdb_id": "nm1300111", "name": "Sonya Jehan"}, {"imdb_id": "nm0196375", "name": "Parvin Dabas"}, {"imdb_id": "nm1464837", "name": "Arjun Mathur"}, {"imdb_id": "nm2868019", "name": "Sugandha Garg"}, {"imdb_id": "nm0906226", "name": "Zarina Wahab"}, {"imdb_id": "nm1012529", "name": "S.M. Zaheer"}, {"imdb_id": "nm0952232", "name": "Arif Zakaria"}, {"imdb_id": "nm0665555", "name": "Vinay Pathak"}, {"imdb_id": "nm2670109", "name": "Sumeet Raghvan"}, {"imdb_id": "nm2540053", "name": "Tanay Chheda"}, {"imdb_id": "nm0632634", "name": "Navneet Nishan"}, {"imdb_id": "nm2974366", "name": "Sheetal Menon"}, {"imdb_id": "nm3841022", "name": "Arjan Aujla"}, {"imdb_id": "nm3840343", "name": "Yuvaan Makar"}, {"imdb_id": "nm0248474", "name": "Jennifer Echols"}, {"imdb_id": "nm2648101", "name": "Adrian Kali Turner"}, {"imdb_id": "nm2574505", "name": "Michael William Arnold"}, {"imdb_id": "nm2387689", "name": "Dominic Renda"}, {"imdb_id": "nm4373080", "name": "Juan Simmons"}, {"imdb_id": "nm2006282", "name": "James Seaman"}, {"imdb_id": "nm2775421", "name": "Christine Q. Nguyen"}, {"imdb_id": "nm2489172", "name": "Kevin Oestenstad"}, {"imdb_id": "nm2927987", "name": "Len Anderson IV"}, {"imdb_id": "nm0282948", "name": "Dominic Flores"}, {"imdb_id": "nm3007477", "name": "Sarfaraz"}, {"imdb_id": "nm4066217", "name": "Meena Sonavane"}, {"imdb_id": "nm4066233", "name": "Abhin Mudgal"}, {"imdb_id": "nm4466967", "name": "Mukesh Tripathi"}, {"imdb_id": "nm4718787", "name": "Aryan Desai"}, {"imdb_id": "nm4066987", "name": "Arnav Chhapwale"}, {"imdb_id": "nm1327594", "name": "Farroukh Mehta"}, {"imdb_id": "nm3841091", "name": "Adarsh Gourav"}, {"imdb_id": "nm4718042", "name": "Jaikishen Bhatia"}, {"imdb_id": "nm0550626", "name": "Michele Marsh"}, {"imdb_id": "nm4718196", "name": "Nathalie Tedrick"}, {"imdb_id": "nm0278673", "name": "Mackenzie Firgens"}, {"imdb_id": "nm4718882", "name": "Henry Schiaeffer"}, {"imdb_id": "nm1218126", "name": "Chantelle Tibbs"}, {"imdb_id": "nm1548215", "name": "Harmony Blossom"}, {"imdb_id": "nm1172300", "name": "Kristen Marie Holly"}, {"imdb_id": "nm2425695", "name": "Monique Soltani"}, {"imdb_id": "nm3808001", "name": "Lorell Bird Dorfman"}, {"imdb_id": "nm2277395", "name": "Daniel Lee"}, {"imdb_id": "nm0749043", "name": "Reed Rudy"}, {"imdb_id": "nm0339889", "name": "Mary Gregory"}, {"imdb_id": "nm0201049", "name": "Kathleen M. Darcy"}, {"imdb_id": "nm4136653", "name": "Milan Raggio"}, {"imdb_id": "nm1160374", "name": "Tarun Mansukhani"}, {"imdb_id": "nm2322866", "name": "Natasha Marc"}, {"imdb_id": "nm0117851", "name": "Joe Bucaro III"}, {"imdb_id": "nm4718390", "name": "Yaana Makar"}, {"imdb_id": "nm0212689", "name": "Ali Dean"}, {"imdb_id": "nm4717978", "name": "Nate Sil"}, {"imdb_id": "nm0918793", "name": "Tracy Weisert"}, {"imdb_id": "nm0163908", "name": "Elaine A. Clark"}, {"imdb_id": "nm2046923", "name": "Kyle Hamon"}, {"imdb_id": "nm1335669", "name": "Marquis Scott"}, {"imdb_id": "nm2436499", "name": "Shane Harper"}, {"imdb_id": "nm2459707", "name": "Jeremy Kilpatrick"}, {"imdb_id": "nm0311387", "name": "Courtney Gebhart"}, {"imdb_id": "nm4718089", "name": "Susie Sahar Sabry"}, {"imdb_id": "nm3553369", "name": "Connie Chung Kim"}, {"imdb_id": "nm1292126", "name": "Mel Fair"}, {"imdb_id": "nm3563322", "name": "Adam Park"}, {"imdb_id": "nm0862257", "name": "Leslie Thurston"}, {"imdb_id": "nm4381050", "name": "Chirag Dave"}, {"imdb_id": "nm3354963", "name": "Pallavi Sharda"}, {"imdb_id": "nm4093494", "name": "Faisal Simon"}, {"imdb_id": "nm3357569", "name": "Manoj Amarnani"}, {"imdb_id": "nm3901857", "name": "Vijay Badlani"}, {"imdb_id": "nm1159744", "name": "Brent Mendenhall"}, {"imdb_id": "nm4718771", "name": "Josene Honea"}, {"imdb_id": "nm3443252", "name": "Kevin Jessup"}, {"imdb_id": "nm0172333", "name": "Greg Collins"}, {"imdb_id": "nm3253318", "name": "Kavin Dave"}, {"imdb_id": "nm3814591", "name": "Joseph Zinsman"}, {"imdb_id": "nm1879750", "name": "Jackie Honea"}, {"imdb_id": "nm0715397", "name": "Doran Reed"}, {"imdb_id": "nm0240277", "name": "Nancy Duerr"}, {"imdb_id": "nm1908250", "name": "Brett Glazer"}, {"imdb_id": "nm2978296", "name": "Alka Pradhan"}, {"imdb_id": "nm1866725", "name": "Sheila Cavalette"}, {"imdb_id": "nm0584408", "name": "Kerry Leigh Michaels"}, {"imdb_id": "nm2125768", "name": "Sean Laughlin"}, {"imdb_id": "nm2541032", "name": "Micky Makhija"}, {"imdb_id": "nm0110072", "name": "Rod Britt"}, {"imdb_id": "nm4718708", "name": "Nanka Becko"}, {"imdb_id": "nm0931845", "name": "Tonya Williams"}, {"imdb_id": "nm0691851", "name": "Mark S. Porro"}, {"imdb_id": "nm4719166", "name": "Laxmi Baveja"}, {"imdb_id": "nm1663473", "name": "Tara R. Cook"}, {"imdb_id": "nm1632123", "name": "Nicolas Pajon"}, {"imdb_id": "nm0437626", "name": "Jenne Kang"}, {"imdb_id": "nm3692564", "name": "Richard Rubin"}, {"imdb_id": "nm4717533", "name": "John Lane"}, {"imdb_id": "nm2125893", "name": "Donn Andrew Simmons"}, {"imdb_id": "nm2452538", "name": "Tim Banks"}, {"imdb_id": "nm5449917", "name": "Amanda Michelle Foschia"}, {"imdb_id": "nm2384701", "name": "Scot Coker Free"}, {"imdb_id": "nm7782979", "name": "Ryan Harpole"}, {"imdb_id": "nm1013695", "name": "Giovanni Jones"}, {"imdb_id": "nm9098730", "name": "Nicholas Lourme"}, {"imdb_id": "nm1051115", "name": "Ed Price"}, {"imdb_id": "nm2036315", "name": "Katy Tiemann"}, {"imdb_id": "nm0008650", "name": "Don Abernathy"}, {"imdb_id": "nm3288611", "name": "Keenan Allen"}, {"imdb_id": "nm0028416", "name": "Martin Andris"}, {"imdb_id": "nm2626488", "name": "Jennifer Barbosa"}, {"imdb_id": "nm3400451", "name": "Bennie Bell"}, {"imdb_id": "nm3043951", "name": "Beth Bemis"}, {"imdb_id": "nm2878556", "name": "Dani Bocca"}, {"imdb_id": "nm2554989", "name": "Michael Patrick Breen"}, {"imdb_id": "nm4178306", "name": "Patrick D Bridges"}, {"imdb_id": "nm3052391", "name": "Larry Brown"}, {"imdb_id": "nm3690338", "name": "Pamela Broyles"}, {"imdb_id": "nm3580041", "name": "Adrian Bustamante"}, {"imdb_id": "nm1548477", "name": "Donna Cederlund"}, {"imdb_id": "nm3041468", "name": "Ethynn Tanner Cerney"}, {"imdb_id": "nm2573065", "name": "Cabran E. Chamberlain"}, {"imdb_id": "nm2592023", "name": "Goldie Chan"}, {"imdb_id": "nm3166281", "name": "John Clerkin"}, {"imdb_id": "nm2172215", "name": "Patrick J. Crabb"}, {"imdb_id": "nm2932737", "name": "Zachary Culbertson"}, {"imdb_id": "nm2315061", "name": "Steve Dakota"}, {"imdb_id": "nm4449133", "name": "Thomas Dalby"}, {"imdb_id": "nm3943788", "name": "Christopher Damm"}, {"imdb_id": "nm3982289", "name": "Kellie Daniel"}, {"imdb_id": "nm3499396", "name": "A'Ali de Sousa"}, {"imdb_id": "nm5402333", "name": "Joan Estrada"}, {"imdb_id": "nm0270591", "name": "Fred Fein"}, {"imdb_id": "nm3483528", "name": "Jeffrey T Ferguson"}, {"imdb_id": "nm3862031", "name": "Shay Fern\u00e0ndez"}, {"imdb_id": "nm3299953", "name": "Rachael Ferris"}, {"imdb_id": "nm0301330", "name": "Jim Gaines"}, {"imdb_id": "nm2906940", "name": "Sean Grady"}, {"imdb_id": "nm3211748", "name": "Teresa Guewell"}, {"imdb_id": "nm2511593", "name": "Todd Hedrick"}, {"imdb_id": "nm2187503", "name": "Timothy Hinson"}, {"imdb_id": "nm3424741", "name": "Mike Howard"}, {"imdb_id": "nm1425059", "name": "Steffany Huckaby"}, {"imdb_id": "nm3161001", "name": "Willoughby Charles Jenett"}, {"imdb_id": "nm2811349", "name": "Frederick Keith Johnson"}, {"imdb_id": "nm3004397", "name": "Will James Johnson"}, {"imdb_id": "nm1906074", "name": "Janis Jones"}, {"imdb_id": "nm3462377", "name": "David Dustin Kenyon"}, {"imdb_id": "nm2721321", "name": "Diana M. Kim"}, {"imdb_id": "nm3580811", "name": "Jon Mercurio Knight"}, {"imdb_id": "nm1077066", "name": "Bonnie Kolber"}, {"imdb_id": "nm3498252", "name": "Mark Lavell"}, {"imdb_id": "nm2188252", "name": "Mick Lea"}, {"imdb_id": "nm3029577", "name": "Waymond Lee"}, {"imdb_id": "nm1943568", "name": "Steven Lindo"}, {"imdb_id": "nm3083281", "name": "Jennifer Linkous"}, {"imdb_id": "nm7364163", "name": "Annie Lore"}, {"imdb_id": "nm2785018", "name": "Veronica Loud"}, {"imdb_id": "nm2266540", "name": "Theresa Marie Lynch"}, {"imdb_id": "nm3600783", "name": "Krystal MacKnight"}, {"imdb_id": "nm2642135", "name": "Isa Magomedov"}, {"imdb_id": "nm1703367", "name": "Awele Makeba"}, {"imdb_id": "nm3450504", "name": "Carl Marino"}, {"imdb_id": "nm3593624", "name": "Ilona Marino"}, {"imdb_id": "nm0571951", "name": "Julie McKinnon"}, {"imdb_id": "nm2568981", "name": "Laura Meadows"}, {"imdb_id": "nm1746605", "name": "Paul Meyer"}, {"imdb_id": "nm4311746", "name": "Aubrey K. Miller"}, {"imdb_id": "nm2227232", "name": "Rick Mischke"}, {"imdb_id": "nm3012124", "name": "Jeremy Morgan"}, {"imdb_id": "nm3226743", "name": "Jesse Muick"}, {"imdb_id": "nm2854604", "name": "Stuart G Murphy"}, {"imdb_id": "nm2852475", "name": "George Q. Nguyen"}, {"imdb_id": "nm1113682", "name": "Casey Nihart"}, {"imdb_id": "nm2856440", "name": "Kenyon Page"}, {"imdb_id": "nm3449832", "name": "Montgomery Paulsen"}, {"imdb_id": "nm1950628", "name": "David Pearl"}, {"imdb_id": "nm3559881", "name": "Erika Pearson"}, {"imdb_id": "nm3323142", "name": "John Peddie"}, {"imdb_id": "nm3567687", "name": "Ajani Perkins"}, {"imdb_id": "nm1416626", "name": "Alyssa Petersen"}, {"imdb_id": "nm2089812", "name": "David Alan Poe"}, {"imdb_id": "nm2428337", "name": "Allen Pontes"}, {"imdb_id": "nm2587636", "name": "Catherine Kim Poon"}, {"imdb_id": "nm1723187", "name": "Tom Portanova"}, {"imdb_id": "nm3920675", "name": "Steve C. Porter"}, {"imdb_id": "nm3529647", "name": "Ron Provencal"}, {"imdb_id": "nm4320008", "name": "Speir Rahn"}, {"imdb_id": "nm1892559", "name": "Duane Ram"}, {"imdb_id": "nm2464921", "name": "Jeff Redlick"}, {"imdb_id": "nm2426941", "name": "Michael Andrew Reed"}, {"imdb_id": "nm2495267", "name": "Timothy Roberts"}, {"imdb_id": "nm2939818", "name": "Retson Ross"}, {"imdb_id": "nm1674182", "name": "Brian Sampson"}, {"imdb_id": "nm2103735", "name": "Peggy Sandow"}, {"imdb_id": "nm3699996", "name": "Anne Scottlin"}, {"imdb_id": "nm3225340", "name": "Emily Seaman"}, {"imdb_id": "nm2753983", "name": "Carol Shook"}, {"imdb_id": "nm3257034", "name": "Davi Silveira"}, {"imdb_id": "nm1156425", "name": "Victor M. Slone"}, {"imdb_id": "nm2973464", "name": "Mike Stahl"}, {"imdb_id": "nm1842950", "name": "Thomas W. Stewart"}, {"imdb_id": "nm3199942", "name": "Christopher Sugarman"}, {"imdb_id": "nm1408752", "name": "Douglas Tait"}, {"imdb_id": "nm2706741", "name": "Christopher Villar"}, {"imdb_id": "nm1377340", "name": "James D. Weston II"}, {"imdb_id": "nm3270404", "name": "Danny Wilson"}, {"imdb_id": "nm8381398", "name": "Jonathan Matthew Wilson"}, {"imdb_id": "nm8381397", "name": "Shannen Elise Wilson"}, {"imdb_id": "nm1509082", "name": "Kari Wishingrad"}]