[{"imdb_id": "nm0451600", "name": "Anupam Kher"}, {"imdb_id": "nm0787462", "name": "Naseeruddin Shah"}, {"imdb_id": "nm0792116", "name": "Jimmy Sheirgill"}, {"imdb_id": "nm2085856", "name": "Aamir Bashir"}, {"imdb_id": "nm2064201", "name": "Deepal Shaw"}, {"imdb_id": "nm2227818", "name": "Kali Prasad Mukherjee"}, {"imdb_id": "nm1201151", "name": "Mukesh Bhatt"}, {"imdb_id": "nm1420605", "name": "Gaurav Kapoor"}, {"imdb_id": "nm1241985", "name": "Chetan Pandit"}, {"imdb_id": "nm0768297", "name": "Virendra Saxena"}, {"imdb_id": "nm0196400", "name": "Snehal Dabi"}, {"imdb_id": "nm1514271", "name": "Rohitashv Gour"}, {"imdb_id": "nm1212515", "name": "Vije Bhatia"}, {"imdb_id": "nm3126747", "name": "Aayam Mehta"}, {"imdb_id": "nm3126571", "name": "Rajendra Chawla"}, {"imdb_id": "nm3125635", "name": "Alok Narula"}, {"imdb_id": "nm3138027", "name": "Parth"}, {"imdb_id": "nm2529385", "name": "Seema Malik"}, {"imdb_id": "nm1206317", "name": "Vicky Ahuja"}, {"imdb_id": "nm2182725", "name": "Namrata Sawhney"}, {"imdb_id": "nm2719035", "name": "Parag Tyagi"}, {"imdb_id": "nm1392137", "name": "Manoj Verma"}, {"imdb_id": "nm4443443", "name": "Bhagwan Tiwari"}, {"imdb_id": "nm4786775", "name": "Danish"}, {"imdb_id": "nm1277861", "name": "Jaywant Wadkar"}, {"imdb_id": "nm7352029", "name": "Sabudeen"}, {"imdb_id": "nm2234779", "name": "Dhananjay Singh"}, {"imdb_id": "nm6845062", "name": "Jitendra Kumar"}, {"imdb_id": "nm6842811", "name": "Jani Karan"}, {"imdb_id": "nm1670244", "name": "Mahesh Kanual"}, {"imdb_id": "nm7352030", "name": "Siddharth Bajaj"}]