[{"imdb_id": "nm0665555", "name": "Vinay Pathak"}, {"imdb_id": "nm1934428", "name": "Sarita Joshi"}, {"imdb_id": "nm0438494", "name": "Rajat Kapoor"}, {"imdb_id": "nm0795661", "name": "Saurabh Shukla"}, {"imdb_id": "nm1226448", "name": "Neha Dhupia"}, {"imdb_id": "nm1191768", "name": "Joy Fernandes"}, {"imdb_id": "nm3139126", "name": "Manoylo Svitlana"}, {"imdb_id": "nm1463550", "name": "Gaurav Gera"}, {"imdb_id": "nm0683496", "name": "Suchitra Pillai"}, {"imdb_id": "nm3126754", "name": "Purbi Joshi"}, {"imdb_id": "nm2240044", "name": "Brijendra Kala"}, {"imdb_id": "nm1670264", "name": "Ikhlaq Khan"}, {"imdb_id": "nm3125945", "name": "Sachin Khurana"}, {"imdb_id": "nm1863497", "name": "Chandan Bisht"}, {"imdb_id": "nm0620816", "name": "Kishore Nandlaskar"}, {"imdb_id": "nm1021919", "name": "Suresh Menon"}, {"imdb_id": "nm1249116", "name": "Ranvir Shorey"}, {"imdb_id": "nm1334616", "name": "Kunal Kumar"}, {"imdb_id": "nm9384436", "name": "Rohan Pasricha"}, {"imdb_id": "nm2214392", "name": "Kiku Sharda"}, {"imdb_id": "nm5010035", "name": "Anirban Bhattacharyya"}]