[{"imdb_id": "nm1867717", "name": "Abhay Deol"}, {"imdb_id": "nm0712546", "name": "Paresh Rawal"}, {"imdb_id": "nm1911617", "name": "Neetu Chandra"}, {"imdb_id": "nm0700687", "name": "Archana Puran Singh"}, {"imdb_id": "nm2286188", "name": "Manu Rishi Chadha"}, {"imdb_id": "nm3190246", "name": "Richa Chadha"}, {"imdb_id": "nm3190972", "name": "Manjot Singh"}, {"imdb_id": "nm3189957", "name": "Anurag Arora"}, {"imdb_id": "nm3464267", "name": "Amandeep Singh Bakshi"}, {"imdb_id": "nm1217893", "name": "Rajendra Sethi"}, {"imdb_id": "nm3463739", "name": "Rajeev Ailabadi"}, {"imdb_id": "nm3464457", "name": "Nutan Surya"}, {"imdb_id": "nm3465021", "name": "Gurmeet Singh"}, {"imdb_id": "nm3464512", "name": "Ramandeep"}, {"imdb_id": "nm3464085", "name": "Nanki Singh"}, {"imdb_id": "nm3464575", "name": "Karmaditya"}, {"imdb_id": "nm3464566", "name": "Mohammad Mubashshir"}, {"imdb_id": "nm3463679", "name": "Surendra Bawara"}, {"imdb_id": "nm3464243", "name": "Navnindra Behl"}, {"imdb_id": "nm3463711", "name": "Siddharath"}, {"imdb_id": "nm8631083", "name": "Rajeev Gaursingh"}, {"imdb_id": "nm3464609", "name": "Naresh Kumar"}, {"imdb_id": "nm1263677", "name": "Pradeep Kuckreja"}, {"imdb_id": "nm3464660", "name": "Ramneek Ghuman"}, {"imdb_id": "nm3463828", "name": "Rouble Raghuvanshi"}, {"imdb_id": "nm3463767", "name": "Prerna Gulathi"}, {"imdb_id": "nm3464494", "name": "Charan Manpreet"}, {"imdb_id": "nm3464009", "name": "Naresh Gosain"}, {"imdb_id": "nm3300721", "name": "Bhanu Arora"}, {"imdb_id": "nm3090337", "name": "Pravin Kumar"}, {"imdb_id": "nm3464303", "name": "Gajendra Rathi"}, {"imdb_id": "nm3205315", "name": "Joginder Singh"}, {"imdb_id": "nm3464035", "name": "Ramesh Shrivastav"}, {"imdb_id": "nm3463651", "name": "Kalpana Kumar"}, {"imdb_id": "nm3464979", "name": "Pankaj"}, {"imdb_id": "nm3464377", "name": "Rakesh Gupta"}, {"imdb_id": "nm3464311", "name": "Sehebjot Singh"}, {"imdb_id": "nm3463812", "name": "Mohd. Gufran"}, {"imdb_id": "nm3463967", "name": "Amanjot Singh"}, {"imdb_id": "nm3464449", "name": "Okesh Tigrania"}, {"imdb_id": "nm3438207", "name": "Pal Chauhan"}, {"imdb_id": "nm3438463", "name": "Kumar Vijay"}, {"imdb_id": "nm3464439", "name": "Swati Bhudhwar"}, {"imdb_id": "nm1693104", "name": "Ankit"}, {"imdb_id": "nm2713827", "name": "Anu Sharma"}, {"imdb_id": "nm3464376", "name": "Namrata Siviya"}, {"imdb_id": "nm3464793", "name": "Tilak Joshi"}, {"imdb_id": "nm3464394", "name": "Kamlesh G."}, {"imdb_id": "nm3464191", "name": "Bhawana Sharma"}, {"imdb_id": "nm3438304", "name": "Manoj Bakshi"}, {"imdb_id": "nm3438190", "name": "Miss Jain"}, {"imdb_id": "nm3464367", "name": "Rajeev Arora"}, {"imdb_id": "nm0437781", "name": "Ramesh Khanna"}, {"imdb_id": "nm3464281", "name": "Ashok Sharma"}, {"imdb_id": "nm3124541", "name": "Rajesh Kumar"}, {"imdb_id": "nm3464543", "name": "Samarth Malhotra"}, {"imdb_id": "nm3464122", "name": "Faraz Haider"}, {"imdb_id": "nm3464041", "name": "Ashwini Kumar"}, {"imdb_id": "nm3464507", "name": "Vikrant Kumar"}, {"imdb_id": "nm3464145", "name": "Shashi Sharma"}, {"imdb_id": "nm3081233", "name": "Muskan"}, {"imdb_id": "nm3464392", "name": "Sandhya"}, {"imdb_id": "nm3463776", "name": "Kshitji Narang"}, {"imdb_id": "nm3463700", "name": "Pallavi"}, {"imdb_id": "nm3464146", "name": "Nishtha"}, {"imdb_id": "nm3438202", "name": "Kabir Chaudhary"}, {"imdb_id": "nm3464831", "name": "Karan Chabbra"}, {"imdb_id": "nm3463826", "name": "Anu Kalra"}, {"imdb_id": "nm3464466", "name": "Shruti Shukla"}, {"imdb_id": "nm3464169", "name": "Harish Tamba"}, {"imdb_id": "nm3463786", "name": "Raj Bajaj"}, {"imdb_id": "nm3464552", "name": "Nitu Jhanjhi"}, {"imdb_id": "nm3464488", "name": "Vimal Uniyal"}, {"imdb_id": "nm3464030", "name": "Qazi Suhail Hassan"}, {"imdb_id": "nm3464556", "name": "Sahilv Sethi"}, {"imdb_id": "nm3464915", "name": "Ajay Kataria"}, {"imdb_id": "nm3464031", "name": "Shubham Dhingra"}, {"imdb_id": "nm3463909", "name": "Arnima Joshi"}, {"imdb_id": "nm3464830", "name": "Aakshita Singh"}, {"imdb_id": "nm3464047", "name": "Rajat Bhalla"}, {"imdb_id": "nm3464250", "name": "Sanjeev Kumar"}, {"imdb_id": "nm3464535", "name": "Rajvendar Tiwari"}, {"imdb_id": "nm3464456", "name": "Sachin Kotoria"}, {"imdb_id": "nm3464269", "name": "Sana"}, {"imdb_id": "nm3463842", "name": "Karam Jeet"}, {"imdb_id": "nm3464851", "name": "S.M. Kesari"}, {"imdb_id": "nm3464202", "name": "Baldev Dojra"}, {"imdb_id": "nm3463971", "name": "Amrish Kumar"}, {"imdb_id": "nm3464159", "name": "Ashok Kumar"}, {"imdb_id": "nm1738197", "name": "Swwapnil Joshi"}, {"imdb_id": "nm3463677", "name": "Vijay Kumar Singh"}, {"imdb_id": "nm3438226", "name": "Mani Pratap"}, {"imdb_id": "nm3464237", "name": "Chetan Sharma"}, {"imdb_id": "nm3464828", "name": "Dushant Kumar"}, {"imdb_id": "nm3464940", "name": "Rajiv Kanojia"}, {"imdb_id": "nm3464177", "name": "Rajinder Mehra"}, {"imdb_id": "nm3464235", "name": "Ashish Sharma"}, {"imdb_id": "nm3484693", "name": "Sushil Tyagi"}, {"imdb_id": "nm1030688", "name": "Neeraj Kumar"}, {"imdb_id": "nm3464007", "name": "Narendra"}, {"imdb_id": "nm3464990", "name": "Mohit Rastogi"}, {"imdb_id": "nm3464328", "name": "Manoj Kumar"}, {"imdb_id": "nm1056156", "name": "Chandan Anand"}, {"imdb_id": "nm3883599", "name": "Siddharth Bhardwaj"}, {"imdb_id": "nm8407664", "name": "Sidharth Bhardwaj"}, {"imdb_id": "nm5010331", "name": "Kamlesh Gill"}]