[{"imdb_id": "nm1372788", "name": "Shahid Kapoor"}, {"imdb_id": "nm1231899", "name": "Priyanka Chopra"}, {"imdb_id": "nm0971111", "name": "Deb Mukherjee"}, {"imdb_id": "nm0837000", "name": "Shivkumar Subramaniam"}, {"imdb_id": "nm3204740", "name": "Chandan Roy Sanyal"}, {"imdb_id": "nm3571264", "name": "Tenzing Nima"}, {"imdb_id": "nm3406230", "name": "Hrishikesh Joshi"}, {"imdb_id": "nm0244900", "name": "Rajatabha Dutta"}, {"imdb_id": "nm1390115", "name": "Harish Khanna"}, {"imdb_id": "nm2138618", "name": "Carlos Paca"}, {"imdb_id": "nm2085703", "name": "Eric Santos"}, {"imdb_id": "nm1244760", "name": "Amole Gupte"}, {"imdb_id": "nm3722147", "name": "Sagar"}, {"imdb_id": "nm3722864", "name": "Samrat"}, {"imdb_id": "nm1675392", "name": "Vijay Raj"}, {"imdb_id": "nm3709409", "name": "Vishal Bhosle"}, {"imdb_id": "nm3721534", "name": "Omkar Govardhan"}, {"imdb_id": "nm3721849", "name": "Flavia"}, {"imdb_id": "nm1869223", "name": "Indivar Bhatia"}, {"imdb_id": "nm1683001", "name": "Satyajit Sharma"}, {"imdb_id": "nm3636662", "name": "Neena"}, {"imdb_id": "nm2127477", "name": "Veena"}, {"imdb_id": "nm3221779", "name": "Bugs Bhargava"}, {"imdb_id": "nm1843720", "name": "Nawab Khan"}, {"imdb_id": "nm2535507", "name": "Mukesh Chhabra"}, {"imdb_id": "nm3721677", "name": "Vishwanath Chatterjee"}, {"imdb_id": "nm1639099", "name": "Vinod Rai"}, {"imdb_id": "nm3721371", "name": "Aakash Dahiya"}, {"imdb_id": "nm3358585", "name": "Dheerendra Dwivedi"}, {"imdb_id": "nm3721206", "name": "Nandkishore Pant"}, {"imdb_id": "nm3709560", "name": "Puhja Verma"}, {"imdb_id": "nm3722085", "name": "Neha Shitoley"}, {"imdb_id": "nm3721418", "name": "Feroza Khan"}, {"imdb_id": "nm3720926", "name": "Geetanjali Chatterjee"}, {"imdb_id": "nm3709455", "name": "Aarti Kelkar"}, {"imdb_id": "nm3583019", "name": "Shashank Shende"}, {"imdb_id": "nm3721201", "name": "Eenesh Chavan"}, {"imdb_id": "nm3251419", "name": "Vishwas Sohoni"}, {"imdb_id": "nm3722525", "name": "Nachiket Purnapatre"}, {"imdb_id": "nm3708961", "name": "Deepak Damle"}, {"imdb_id": "nm3720947", "name": "Amit Kalyankar"}, {"imdb_id": "nm3722556", "name": "Ishandeep Singh"}, {"imdb_id": "nm3708819", "name": "Shantanu Vaidya"}, {"imdb_id": "nm3721109", "name": "Jay Aditya Giri"}, {"imdb_id": "nm1815205", "name": "Ambrish"}, {"imdb_id": "nm3722357", "name": "Ritika Handa"}, {"imdb_id": "nm3221465", "name": "Richashree"}, {"imdb_id": "nm3390278", "name": "Gayatri"}, {"imdb_id": "nm3721149", "name": "Anuja"}, {"imdb_id": "nm3722037", "name": "Ashlesha Tavhare"}, {"imdb_id": "nm1300009", "name": "Adil Hussain"}, {"imdb_id": "nm3720988", "name": "Ramesh"}, {"imdb_id": "nm3722034", "name": "Deepak"}, {"imdb_id": "nm2978504", "name": "Sandesh Jadhav"}, {"imdb_id": "nm0119987", "name": "Patr\u00edcia Bull"}, {"imdb_id": "nm3140050", "name": "Azaan Shah"}, {"imdb_id": "nm2777913", "name": "Punita Grover"}, {"imdb_id": "nm3721292", "name": "Deep Kulkarni"}, {"imdb_id": "nm3722244", "name": "Ejaz Khan"}, {"imdb_id": "nm1569138", "name": "Bittu"}, {"imdb_id": "nm0474606", "name": "Abhay Kulkarni"}, {"imdb_id": "nm1642705", "name": "Harish"}, {"imdb_id": "nm1914663", "name": "Jayant Gadekar"}, {"imdb_id": "nm3575262", "name": "Suresh Sharma"}, {"imdb_id": "nm2066005", "name": "Vidula Javalgekar"}, {"imdb_id": "nm3722669", "name": "Anjali"}, {"imdb_id": "nm1234545", "name": "Chandrakant Taneja"}, {"imdb_id": "nm3722153", "name": "Pavitra Sarkar"}, {"imdb_id": "nm2489624", "name": "Farhad Ahmed Dehlvi"}, {"imdb_id": "nm2936970", "name": "Ashok Kulkarni"}, {"imdb_id": "nm3720865", "name": "Suhas Sirsat"}, {"imdb_id": "nm2150888", "name": "Sanjay Vichare"}, {"imdb_id": "nm3709573", "name": "Ravi More"}, {"imdb_id": "nm3721139", "name": "Tanish Solanki"}, {"imdb_id": "nm3709138", "name": "Lalit Kumar"}, {"imdb_id": "nm3876111", "name": "William Collings"}, {"imdb_id": "nm1034261", "name": "Rammy C. Pandey"}, {"imdb_id": "nm2497875", "name": "Om Prakash"}, {"imdb_id": "nm1277676", "name": "Sagar Thawani"}, {"imdb_id": "nm2993505", "name": "Welket Bungu\u00e9"}]