[{"imdb_id": "nm1946407", "name": "Kay Kay Menon"}, {"imdb_id": "nm1758779", "name": "Raj Singh Chaudhary"}, {"imdb_id": "nm1670659", "name": "Jesse Randhawa"}, {"imdb_id": "nm1795232", "name": "Deepak Dobriyal"}, {"imdb_id": "nm2473054", "name": "Ayesha Mohan"}, {"imdb_id": "nm2977124", "name": "Mahie Gill"}, {"imdb_id": "nm0592795", "name": "Piyush Mishra"}, {"imdb_id": "nm1358872", "name": "Abhimanyu Singh"}, {"imdb_id": "nm0820282", "name": "Aditya Srivastava"}, {"imdb_id": "nm1201151", "name": "Mukesh Bhatt"}, {"imdb_id": "nm0422550", "name": "Pankaj Jha"}, {"imdb_id": "nm1916610", "name": "Savi Sidhu"}, {"imdb_id": "nm3035236", "name": "Vasan Bala"}, {"imdb_id": "nm2099797", "name": "Singh Bhupesh"}, {"imdb_id": "nm1671187", "name": "Jyoti Dogra"}, {"imdb_id": "nm1283105", "name": "Chittaranjan Giri"}, {"imdb_id": "nm3072625", "name": "Neel Guha"}, {"imdb_id": "nm2715305", "name": "Murari Kumar"}, {"imdb_id": "nm1686014", "name": "Sanjay Kumar"}, {"imdb_id": "nm1238336", "name": "Teddy Maurya"}, {"imdb_id": "nm1632823", "name": "Seema Rahmani"}, {"imdb_id": "nm4087804", "name": "Sanjeev"}, {"imdb_id": "nm3954024", "name": "Jay Sidhu"}, {"imdb_id": "nm3795946", "name": "Bharat Singh"}, {"imdb_id": "nm2240811", "name": "Ranvir Singh"}, {"imdb_id": "nm0440604", "name": "Anurag Kashyap"}]