[{"imdb_id": "nm0992000", "name": "Arjun Rampal"}, {"imdb_id": "nm1027719", "name": "Farhan Akhtar"}, {"imdb_id": "nm2219430", "name": "Luke Kenny"}, {"imdb_id": "nm1327322", "name": "Purab Kohli"}, {"imdb_id": "nm2278458", "name": "Prachi Desai"}, {"imdb_id": "nm2257218", "name": "Shahana Goswami"}, {"imdb_id": "nm1217675", "name": "Koel Purie"}, {"imdb_id": "nm3010199", "name": "Nicolette Bird"}, {"imdb_id": "nm2306491", "name": "Sai Gundewar"}, {"imdb_id": "nm8644383", "name": "Supreet Bedi"}, {"imdb_id": "nm2561546", "name": "Vinod Bere"}, {"imdb_id": "nm5401802", "name": "Randolph Correia"}, {"imdb_id": "nm8644382", "name": "Lindsay D'Mello"}, {"imdb_id": "nm8644379", "name": "Suzanne D'Mello"}, {"imdb_id": "nm7289401", "name": "Terence D'Souza"}, {"imdb_id": "nm3967480", "name": "Monica Dogra"}, {"imdb_id": "nm8644389", "name": "Aditya Gaikwad"}, {"imdb_id": "nm8644388", "name": "Alok Gaikwad"}, {"imdb_id": "nm2540695", "name": "Deepak Gamre"}, {"imdb_id": "nm2937676", "name": "Suraj Jagan"}, {"imdb_id": "nm3124498", "name": "Amay Kadakia"}, {"imdb_id": "nm1030373", "name": "Reema Kagti"}, {"imdb_id": "nm8644384", "name": "Punkaj Kalraa"}, {"imdb_id": "nm8644378", "name": "Jehangir Karkaria"}, {"imdb_id": "nm4607937", "name": "Kancha Karki"}, {"imdb_id": "nm8644392", "name": "Sameer Karve"}, {"imdb_id": "nm0451239", "name": "Jameel Khan"}, {"imdb_id": "nm8644386", "name": "Nisar Khan"}, {"imdb_id": "nm4466643", "name": "Chandresh Kudwa"}, {"imdb_id": "nm8644385", "name": "Lalu Makhija"}, {"imdb_id": "nm8644376", "name": "Mickey Makhija"}, {"imdb_id": "nm8644390", "name": "New Day"}, {"imdb_id": "nm8644377", "name": "Namdeo Patil"}, {"imdb_id": "nm8644387", "name": "'Musafir' Radio Performing"}, {"imdb_id": "nm3044426", "name": "Himanshu Powdwal"}, {"imdb_id": "nm8644375", "name": "Celine Rodrigues"}, {"imdb_id": "nm1092777", "name": "C\u00e9line Rodriguez"}, {"imdb_id": "nm8644391", "name": "Sandy"}, {"imdb_id": "nm8644381", "name": "Sonu Sangameshwaran"}, {"imdb_id": "nm1598327", "name": "Sharad Shah"}, {"imdb_id": "nm1335868", "name": "Anand Subaya"}, {"imdb_id": "nm8644374", "name": "Sweetie"}, {"imdb_id": "nm0846681", "name": "Dalip Tahil"}, {"imdb_id": "nm1754987", "name": "Adhuna Bhabani Akhtar"}, {"imdb_id": "nm0006182", "name": "Anu Malik"}]