[{"imdb_id": "nm0712546", "name": "Paresh Rawal"}, {"imdb_id": "nm1946407", "name": "Kay Kay Menon"}, {"imdb_id": "nm0451234", "name": "Irrfan Khan"}, {"imdb_id": "nm0534856", "name": "Madhavan"}, {"imdb_id": "nm1675786", "name": "Soha Ali Khan"}, {"imdb_id": "nm3237860", "name": "Sachin Pathak"}, {"imdb_id": "nm3001807", "name": "Santosh Juvekar"}, {"imdb_id": "nm3253318", "name": "Kavin Dave"}, {"imdb_id": "nm3253131", "name": "Syed Rizwan Ahmed"}, {"imdb_id": "nm1274869", "name": "Rajesh Bhosle"}, {"imdb_id": "nm3252731", "name": "Saksham Dayma"}, {"imdb_id": "nm3253964", "name": "Aakash"}, {"imdb_id": "nm3252857", "name": "Jeetendra Rai"}, {"imdb_id": "nm1282863", "name": "Sameer Dharmadhikari"}, {"imdb_id": "nm3250873", "name": "Gaurav Dhir"}, {"imdb_id": "nm1238337", "name": "Vijay Maurya"}, {"imdb_id": "nm1237974", "name": "Ramdas Jadhav"}, {"imdb_id": "nm3193511", "name": "Rajendra Shisatkar"}, {"imdb_id": "nm3128487", "name": "Dinkar Gavande"}, {"imdb_id": "nm3237783", "name": "Karan Trivedi"}, {"imdb_id": "nm3252088", "name": "Sanjay"}, {"imdb_id": "nm2778365", "name": "Sanjay Tripathi"}, {"imdb_id": "nm3254050", "name": "Mitali Rajadhyaksha"}, {"imdb_id": "nm3251890", "name": "Aanand Goradiya"}, {"imdb_id": "nm1215886", "name": "Ajit Bhagat"}, {"imdb_id": "nm3237748", "name": "Harry Shah"}, {"imdb_id": "nm3251419", "name": "Vishwas Sohoni"}, {"imdb_id": "nm2217498", "name": "Ayesha Raza"}, {"imdb_id": "nm3253335", "name": "Akshay Thakkar"}, {"imdb_id": "nm3253148", "name": "Sameer Bapat"}, {"imdb_id": "nm0419741", "name": "Smita Jaykar"}, {"imdb_id": "nm2711559", "name": "Deepak Shroff"}, {"imdb_id": "nm2490706", "name": "Ajay Rai"}, {"imdb_id": "nm3255580", "name": "Rajpal"}, {"imdb_id": "nm3256872", "name": "Rio Kapadia"}, {"imdb_id": "nm3255072", "name": "Anisha Prakash"}, {"imdb_id": "nm1819111", "name": "Punarvasu Naik"}, {"imdb_id": "nm3254679", "name": "Vasanthi Kuppuswamy"}, {"imdb_id": "nm3129705", "name": "Deepak Dadhwal"}, {"imdb_id": "nm3255219", "name": "Rahul Pethe"}, {"imdb_id": "nm3254199", "name": "Akash Dhopeshwarkar"}, {"imdb_id": "nm1586516", "name": "Bachan Pachehra"}, {"imdb_id": "nm2504810", "name": "Ashwini Apte"}, {"imdb_id": "nm2093242", "name": "Vijay Gupta"}, {"imdb_id": "nm2193087", "name": "Sunita Shirole"}, {"imdb_id": "nm2945270", "name": "Anand Tiwari"}, {"imdb_id": "nm3254979", "name": "Kadambari Ravi"}, {"imdb_id": "nm1416918", "name": "Kamlesh Sawant"}, {"imdb_id": "nm0904503", "name": "Shri Vallabh Vyas"}, {"imdb_id": "nm0415555", "name": "Divya Jagdale"}, {"imdb_id": "nm3254306", "name": "Varnita Agwale"}, {"imdb_id": "nm3254149", "name": "Deepjyoti Das"}, {"imdb_id": "nm2983890", "name": "Promod Ghosh"}, {"imdb_id": "nm3256676", "name": "Bhuvnesh Shetty"}, {"imdb_id": "nm3254770", "name": "Paras Jethva"}, {"imdb_id": "nm3256199", "name": "Sameer Chowgule"}, {"imdb_id": "nm3256326", "name": "Indumati Wairkar"}, {"imdb_id": "nm3256670", "name": "Rajashree Manohar"}, {"imdb_id": "nm3255444", "name": "Swapnil Khot"}, {"imdb_id": "nm1816334", "name": "Tejas D. Parvatkar"}, {"imdb_id": "nm3256131", "name": "Akshay"}, {"imdb_id": "nm3256908", "name": "Vinod Khandagale"}, {"imdb_id": "nm3258133", "name": "Dipti Jaitpal"}, {"imdb_id": "nm1473802", "name": "Dinesh Lamba"}, {"imdb_id": "nm3001695", "name": "Manoj Jadhav"}, {"imdb_id": "nm3239449", "name": "Mahesh Sawant"}, {"imdb_id": "nm3257525", "name": "Rakesh Vidua"}, {"imdb_id": "nm3257542", "name": "Prinal Oberoi"}, {"imdb_id": "nm3257972", "name": "Meenal Karpe"}, {"imdb_id": "nm3258440", "name": "Megha Joshi"}, {"imdb_id": "nm3258460", "name": "Praveena Deshpande"}, {"imdb_id": "nm1175601", "name": "Smita Hai"}, {"imdb_id": "nm3179723", "name": "Upendra Sidhaye"}, {"imdb_id": "nm3002502", "name": "Upendra Joshi"}, {"imdb_id": "nm3258537", "name": "Smita Sarvade"}, {"imdb_id": "nm3257175", "name": "Mihir Manek"}, {"imdb_id": "nm3257796", "name": "Sonal Khale"}, {"imdb_id": "nm2716621", "name": "Mahesh Subhedar"}, {"imdb_id": "nm3257667", "name": "Aadam Sheikh"}, {"imdb_id": "nm3257776", "name": "Mukesh Banekar"}, {"imdb_id": "nm1184441", "name": "Suhas Bhalekar"}, {"imdb_id": "nm3257460", "name": "Girish Mahajan"}, {"imdb_id": "nm1723225", "name": "Nishikant Kamat"}, {"imdb_id": "nm1875474", "name": "Narayani Shastri"}, {"imdb_id": "nm3258037", "name": "Vinit Sharma"}, {"imdb_id": "nm0019829", "name": "Alladdin"}, {"imdb_id": "nm3258679", "name": "Rajkumar Ravidas"}, {"imdb_id": "nm3258773", "name": "Devendra Mishra"}, {"imdb_id": "nm3258857", "name": "Harshada Rege"}, {"imdb_id": "nm3258114", "name": "Yashashri Upasani"}, {"imdb_id": "nm3258504", "name": "Sandeep Varadkar"}, {"imdb_id": "nm3257220", "name": "Radhika Sharma"}, {"imdb_id": "nm5375057", "name": "Akkash Basnet"}, {"imdb_id": "nm3252571", "name": "Vibhawari Deshpande"}, {"imdb_id": "nm3129483", "name": "Jitendra Rai"}, {"imdb_id": "nm0788931", "name": "Vineet Sharma"}]