[{"imdb_id": "nm3901368", "name": "Rajeev Khandelwal"}, {"imdb_id": "nm1027293", "name": "Aishwarya"}, {"imdb_id": "nm3035236", "name": "Vasan Bala"}, {"imdb_id": "nm3256703", "name": "Chinkal"}, {"imdb_id": "nm1492802", "name": "Shashanka Ghosh"}, {"imdb_id": "nm1514271", "name": "Rohitashv Gour"}, {"imdb_id": "nm2653281", "name": "Jhilmil Hazrika"}, {"imdb_id": "nm3256569", "name": "Junaid"}, {"imdb_id": "nm3603873", "name": "Amar Kaushik"}, {"imdb_id": "nm3255898", "name": "Abhas Khan"}, {"imdb_id": "nm3080979", "name": "Allauddin Khan"}, {"imdb_id": "nm9028639", "name": "Prasoon Narayan"}, {"imdb_id": "nm0710549", "name": "Gajraj Rao"}, {"imdb_id": "nm3254426", "name": "Sneha"}, {"imdb_id": "nm3062984", "name": "Rajeev Yadav"}]