[{"imdb_id": "nm1799038", "name": "Vidya Balan"}, {"imdb_id": "nm0787462", "name": "Naseeruddin Shah"}, {"imdb_id": "nm0451174", "name": "Arshad Warsi"}, {"imdb_id": "nm1426805", "name": "Salman Shahid"}, {"imdb_id": "nm1300009", "name": "Adil Hussain"}, {"imdb_id": "nm0788903", "name": "Rajesh Sharma"}, {"imdb_id": "nm3612256", "name": "Anupama Kumar"}, {"imdb_id": "nm3769063", "name": "Gauri Mala"}, {"imdb_id": "nm3750320", "name": "Alok Kumar"}, {"imdb_id": "nm3750231", "name": "Anisha Bano"}, {"imdb_id": "nm9241618", "name": "Rakesh Sharma"}, {"imdb_id": "nm1198512", "name": "Jai Singh"}]