[{"imdb_id": "nm0222426", "name": "Ajay Devgn"}, {"imdb_id": "nm1431656", "name": "Emraan Hashmi"}, {"imdb_id": "nm2144007", "name": "Kangana Ranaut"}, {"imdb_id": "nm2278458", "name": "Prachi Desai"}, {"imdb_id": "nm0393535", "name": "Randeep Hooda"}, {"imdb_id": "nm1240831", "name": "Naved Aslam"}, {"imdb_id": "nm1983446", "name": "Sanjeev Wilson"}, {"imdb_id": "nm3080979", "name": "Allauddin Khan"}, {"imdb_id": "nm3062984", "name": "Rajeev Yadav"}, {"imdb_id": "nm3124900", "name": "Sushil Pandey"}, {"imdb_id": "nm2013724", "name": "Mehul Bhojak"}, {"imdb_id": "nm2776317", "name": "Anjum Sharma"}, {"imdb_id": "nm3358585", "name": "Dheerendra Dwivedi"}, {"imdb_id": "nm4444484", "name": "Sumit Kaul"}, {"imdb_id": "nm1334512", "name": "Ravi Khanvilkar"}, {"imdb_id": "nm1234545", "name": "Chandrakant Taneja"}, {"imdb_id": "nm3174904", "name": "Asif Hussain"}, {"imdb_id": "nm1616485", "name": "Hemant Chaudhary"}, {"imdb_id": "nm3035025", "name": "Vikas Shrivastav"}, {"imdb_id": "nm1794460", "name": "Asif Basra"}, {"imdb_id": "nm0318622", "name": "Avtar Gill"}, {"imdb_id": "nm7365947", "name": "Pankaj Sharma"}, {"imdb_id": "nm3128487", "name": "Dinkar Gavande"}, {"imdb_id": "nm1566197", "name": "Gyan Prakash"}, {"imdb_id": "nm0958860", "name": "Prithvi Zutshi"}, {"imdb_id": "nm7365948", "name": "Tarang Nehra"}, {"imdb_id": "nm7081300", "name": "Rakesh Biduwa"}, {"imdb_id": "nm3138453", "name": "Krishna Raaz"}, {"imdb_id": "nm1242974", "name": "Meenal Patel"}, {"imdb_id": "nm2506844", "name": "Anuj Tikku"}, {"imdb_id": "nm4492997", "name": "Payal Nair"}, {"imdb_id": "nm2818040", "name": "Pradip Sagar"}, {"imdb_id": "nm2246740", "name": "Imran Hasnee"}, {"imdb_id": "nm7365949", "name": "Anamika Benn"}, {"imdb_id": "nm4107768", "name": "Amy Kingston"}, {"imdb_id": "nm4426779", "name": "Sanjay Roy"}, {"imdb_id": "nm4190866", "name": "Mahendra Shrivas"}, {"imdb_id": "nm3835549", "name": "Sanjay Kulkarni"}, {"imdb_id": "nm7365950", "name": "Dhanlaxmi"}, {"imdb_id": "nm6419802", "name": "Prashant Barot"}, {"imdb_id": "nm7365951", "name": "Resham Arora"}, {"imdb_id": "nm5587153", "name": "Ratan Lal"}, {"imdb_id": "nm4710418", "name": "Madhuri Bedekar"}, {"imdb_id": "nm2052194", "name": "Raaj Gopal Iyer"}, {"imdb_id": "nm3662667", "name": "Kamal Adeep"}, {"imdb_id": "nm2982943", "name": "Rohit Pathak"}, {"imdb_id": "nm7365952", "name": "Tareeq"}, {"imdb_id": "nm3936027", "name": "Anand Alkunte"}, {"imdb_id": "nm5578392", "name": "Krishna Choudhary"}, {"imdb_id": "nm1568415", "name": "Kamal Adib"}, {"imdb_id": "nm3193990", "name": "Varun Bagri"}, {"imdb_id": "nm4614232", "name": "Herbie Crasto"}, {"imdb_id": "nm4546597", "name": "Namit Dahiya"}, {"imdb_id": "nm1247401", "name": "Gauhar Khan"}, {"imdb_id": "nm0451171", "name": "Arbaaz Ali Khan"}]