[{"imdb_id": "nm1633541", "name": "Ranbir Kapoor"}, {"imdb_id": "nm1234298", "name": "Konkona Sen Sharma"}, {"imdb_id": "nm0665554", "name": "Supriya Pathak"}, {"imdb_id": "nm0451600", "name": "Anupam Kher"}, {"imdb_id": "nm0451391", "name": "Rahul Khanna"}, {"imdb_id": "nm0787447", "name": "Kashmira Shah"}, {"imdb_id": "nm2981021", "name": "Namit Das"}, {"imdb_id": "nm3646632", "name": "Shikha Talsania"}, {"imdb_id": "nm3831960", "name": "Shruti Bapna"}, {"imdb_id": "nm3831928", "name": "Krutika Bolaki"}, {"imdb_id": "nm3833991", "name": "Mohsin Ali Khan"}, {"imdb_id": "nm1224124", "name": "Munir Kabani"}, {"imdb_id": "nm3832935", "name": "Atisha Naik"}, {"imdb_id": "nm3774592", "name": "Rahul Pendkalkar"}, {"imdb_id": "nm3217731", "name": "Kainaz Motivala"}, {"imdb_id": "nm6031800", "name": "Asif Ali Baig"}, {"imdb_id": "nm2115677", "name": "Huzefa Gadiwala"}]