[{"imdb_id": "nm1867717", "name": "Abhay Deol"}, {"imdb_id": "nm2977124", "name": "Mahie Gill"}, {"imdb_id": "nm3202701", "name": "Kalki Koechlin"}, {"imdb_id": "nm0080349", "name": "Dibyendu Bhattacharya"}, {"imdb_id": "nm1126070", "name": "Gurkirtan"}, {"imdb_id": "nm3830290", "name": "Satwant Kaur"}, {"imdb_id": "nm2409622", "name": "Parakh Madan"}, {"imdb_id": "nm1568052", "name": "Kuldeep Sharma"}, {"imdb_id": "nm1665476", "name": "Jimi the Quiff"}, {"imdb_id": "nm3893870", "name": "Ammo 'Too Sweet'"}, {"imdb_id": "nm1686014", "name": "Sanjay Kumar"}, {"imdb_id": "nm3893565", "name": "Sinbad Phgura"}, {"imdb_id": "nm3880186", "name": "Aseem Sharma"}, {"imdb_id": "nm3893111", "name": "Shena Gamat"}, {"imdb_id": "nm3830203", "name": "Helen Jones"}, {"imdb_id": "nm3839111", "name": "Binnu Dhillon"}, {"imdb_id": "nm1596350", "name": "Nawazuddin Siddiqui"}, {"imdb_id": "nm3257749", "name": "Nitin Chainpuri"}, {"imdb_id": "nm3892962", "name": "Aekansh Vats"}, {"imdb_id": "nm4031329", "name": "Geeta Handa"}, {"imdb_id": "nm3880012", "name": "Sasha Shetty"}, {"imdb_id": "nm3880311", "name": "Anil Chopra"}, {"imdb_id": "nm3792384", "name": "Karamjit Anmol"}, {"imdb_id": "nm3893698", "name": "Sunil"}, {"imdb_id": "nm3880187", "name": "Anjum Batra"}, {"imdb_id": "nm3140197", "name": "Roopa Sood"}, {"imdb_id": "nm3880223", "name": "Mohinder Dogra"}, {"imdb_id": "nm3893147", "name": "Neha Kholsa"}, {"imdb_id": "nm3035236", "name": "Vasan Bala"}, {"imdb_id": "nm0362838", "name": "Hareesh"}, {"imdb_id": "nm2396167", "name": "Shlok Sharma"}, {"imdb_id": "nm3892479", "name": "Jasleen Kaur"}, {"imdb_id": "nm3880230", "name": "Ashutosh Sharma"}, {"imdb_id": "nm3222618", "name": "Gurdeepak Kaur"}, {"imdb_id": "nm3880191", "name": "Ramesh Bhardwaj"}, {"imdb_id": "nm3199248", "name": "Purshotam Hans"}, {"imdb_id": "nm3880121", "name": "Sanjay Oberoi"}, {"imdb_id": "nm3721371", "name": "Aakash Dahiya"}, {"imdb_id": "nm3434663", "name": "Thani"}, {"imdb_id": "nm3262773", "name": "Ashish R. Shukla"}, {"imdb_id": "nm0797773", "name": "Surekha Sikri"}, {"imdb_id": "nm3893488", "name": "Kundan"}, {"imdb_id": "nm1666431", "name": "Sanjay Maurya"}, {"imdb_id": "nm2490706", "name": "Ajay Rai"}, {"imdb_id": "nm3879996", "name": "Bimal Barua"}, {"imdb_id": "nm3880022", "name": "Navin Kaushik"}, {"imdb_id": "nm3894063", "name": "Avtaar Singh"}, {"imdb_id": "nm2395487", "name": "Anshul Sharma"}, {"imdb_id": "nm1355494", "name": "Parvez Khan"}, {"imdb_id": "nm0440604", "name": "Anurag Kashyap"}]