[{"imdb_id": "nm3493635", "name": "Omkar Das Manikpuri"}, {"imdb_id": "nm0944834", "name": "Raghuvir Yadav"}, {"imdb_id": "nm3492981", "name": "Shalini Vatsa"}, {"imdb_id": "nm1585543", "name": "Farrukh Jaffar"}, {"imdb_id": "nm2156413", "name": "Malaika Shenoy"}, {"imdb_id": "nm2119028", "name": "Vishal Om Prakash"}, {"imdb_id": "nm1596350", "name": "Nawazuddin Siddiqui"}, {"imdb_id": "nm0659162", "name": "Sitaram Panchal"}, {"imdb_id": "nm0787462", "name": "Naseeruddin Shah"}, {"imdb_id": "nm2085856", "name": "Aamir Bashir"}, {"imdb_id": "nm4606894", "name": "Pravin Singh Sisodia"}, {"imdb_id": "nm0015289", "name": "Masood Akhtar"}, {"imdb_id": "nm3171953", "name": "Maxima Basu"}, {"imdb_id": "nm3126451", "name": "Sakshi Bhatia"}, {"imdb_id": "nm0244865", "name": "Avijit Dutt"}, {"imdb_id": "nm2240830", "name": "Danish Husain"}, {"imdb_id": "nm4512080", "name": "Jugal Kishore"}, {"imdb_id": "nm3815425", "name": "Ajay Singh"}, {"imdb_id": "nm7973876", "name": "Shruti Singh"}, {"imdb_id": "nm6448658", "name": "Sandeep Yadav"}]