[{"imdb_id": "nm1633541", "name": "Ranbir Kapoor"}, {"imdb_id": "nm0159159", "name": "Prem Chopra"}, {"imdb_id": "nm1201151", "name": "Mukesh Bhatt"}, {"imdb_id": "nm1430018", "name": "D. Santosh"}, {"imdb_id": "nm3732824", "name": "Naveen Kaushik"}, {"imdb_id": "nm1247401", "name": "Gauhar Khan"}, {"imdb_id": "nm1472197", "name": "Manish Chaudhary"}, {"imdb_id": "nm3724228", "name": "Shazahn Padamsee"}, {"imdb_id": "nm9064471", "name": "Imtiaz Ahamed"}, {"imdb_id": "nm4455676", "name": "Kumar Amit"}, {"imdb_id": "nm9064469", "name": "Lakshya Raj Anand"}, {"imdb_id": "nm9064474", "name": "Saumya Sankar Chakraborty"}, {"imdb_id": "nm9064470", "name": "Amar Choudhary"}, {"imdb_id": "nm9002322", "name": "Kayaan Contractor"}, {"imdb_id": "nm3778915", "name": "Suumeet Darshan"}, {"imdb_id": "nm9064468", "name": "Debi Datta"}, {"imdb_id": "nm4211760", "name": "Mokshad Dodwani"}, {"imdb_id": "nm0324744", "name": "Ramesh Goyal"}, {"imdb_id": "nm1616785", "name": "Rajesh Jais"}, {"imdb_id": "nm1796211", "name": "Bikramjeet Kanwarpal"}, {"imdb_id": "nm3038391", "name": "Akshat Kapil"}, {"imdb_id": "nm9064479", "name": "Bharat Kapoor"}, {"imdb_id": "nm7608458", "name": "Rohit Kukreja"}, {"imdb_id": "nm2370798", "name": "Rashmi Kulkarni"}, {"imdb_id": "nm9064476", "name": "Rashmi Kulkarni"}, {"imdb_id": "nm9064477", "name": "Firdaus Mevawala"}, {"imdb_id": "nm9064472", "name": "Tanmay Monhan"}, {"imdb_id": "nm4426818", "name": "Sudhir Nema"}, {"imdb_id": "nm4506949", "name": "Nidhi Oza"}, {"imdb_id": "nm3728294", "name": "Amol Parashar"}, {"imdb_id": "nm9064478", "name": "Girish K.R. Sahdev"}, {"imdb_id": "nm9064473", "name": "Pawan Singh"}, {"imdb_id": "nm1617256", "name": "Neeraj Sood"}, {"imdb_id": "nm3475833", "name": "Gireesh Sahedev"}]