[{"imdb_id": "nm0004335", "name": "Hrithik Roshan"}, {"imdb_id": "nm0706787", "name": "Aishwarya Rai Bachchan"}, {"imdb_id": "nm1617909", "name": "Shernaz Patel"}, {"imdb_id": "nm3169069", "name": "Aditya Roy Kapoor"}, {"imdb_id": "nm0019465", "name": "Nafisa Ali"}, {"imdb_id": "nm3913061", "name": "Monikangana Dutta"}, {"imdb_id": "nm1833473", "name": "Suhel Seth"}, {"imdb_id": "nm0438496", "name": "Rajit Kapoor"}, {"imdb_id": "nm1601075", "name": "Ash Chandler"}, {"imdb_id": "nm0187960", "name": "Vijay Crishna"}, {"imdb_id": "nm0221218", "name": "Makrand Deshpande"}, {"imdb_id": "nm1717985", "name": "Olivier Lafont"}, {"imdb_id": "nm3914132", "name": "Jineet Rath"}, {"imdb_id": "nm4445001", "name": "Parveen Rabbani"}, {"imdb_id": "nm4445659", "name": "Farida Mistry"}, {"imdb_id": "nm1849065", "name": "Prahlad Kakar"}, {"imdb_id": "nm0595354", "name": "Mahabanoo Mody-Kotwal"}, {"imdb_id": "nm4445494", "name": "Chandraprakash"}, {"imdb_id": "nm1213227", "name": "Achint Kaur"}, {"imdb_id": "nm3283923", "name": "Swara Bhaskar"}, {"imdb_id": "nm2221037", "name": "Shawn Williams"}, {"imdb_id": "nm4445117", "name": "Priya Anantram"}, {"imdb_id": "nm3140757", "name": "Priyanka Bose"}, {"imdb_id": "nm4445045", "name": "John Julius"}, {"imdb_id": "nm4445444", "name": "Rafat Sheikh"}, {"imdb_id": "nm1924456", "name": "Polly Shroff"}, {"imdb_id": "nm3126747", "name": "Aayam Mehta"}, {"imdb_id": "nm1868230", "name": "Sujata Kumar"}, {"imdb_id": "nm4446082", "name": "Varsha Agnihotri"}, {"imdb_id": "nm4280910", "name": "Rohit Mehra"}, {"imdb_id": "nm4445796", "name": "Benaifer Kuka"}, {"imdb_id": "nm4445442", "name": "Chandani Batra"}, {"imdb_id": "nm4445393", "name": "Megha Mehratra"}, {"imdb_id": "nm5637095", "name": "Sahil Shah"}, {"imdb_id": "nm4446079", "name": "K.C. Shankar"}, {"imdb_id": "nm4445424", "name": "Abdul Rashid"}, {"imdb_id": "nm4445339", "name": "Lawrie D'Couza"}, {"imdb_id": "nm2282039", "name": "Raja Pandit"}, {"imdb_id": "nm4445350", "name": "Vernon"}, {"imdb_id": "nm4445580", "name": "Mukesh"}, {"imdb_id": "nm4446083", "name": "Colin Karzai"}, {"imdb_id": "nm4444935", "name": "Gangaram"}, {"imdb_id": "nm4445876", "name": "Vincent"}, {"imdb_id": "nm4444956", "name": "Ashwin"}, {"imdb_id": "nm3319985", "name": "Tony Martin"}, {"imdb_id": "nm4445409", "name": "K.K. Cory"}, {"imdb_id": "nm4444960", "name": "Olivia"}, {"imdb_id": "nm3549980", "name": "Aurelia Khazan"}, {"imdb_id": "nm4445824", "name": "Sanjay"}, {"imdb_id": "nm4445457", "name": "Behram"}, {"imdb_id": "nm4445013", "name": "Bhernaz"}, {"imdb_id": "nm4445143", "name": "Somesh"}, {"imdb_id": "nm4445052", "name": "Gopi"}, {"imdb_id": "nm2081925", "name": "Amit Singh Kharbanda"}, {"imdb_id": "nm4853525", "name": "Sujatha Kumar"}]