[{"imdb_id": "nm2776304", "name": "Ram Charan"}, {"imdb_id": "nm2570245", "name": "Kajal Aggarwal"}, {"imdb_id": "nm2289345", "name": "Dev Gill"}, {"imdb_id": "nm0820240", "name": "Srihari"}, {"imdb_id": "nm0764871", "name": "Sarath Babu"}, {"imdb_id": "nm1198628", "name": "Suneel"}, {"imdb_id": "nm0103977", "name": "Brahmanandam"}, {"imdb_id": "nm1127631", "name": "Surya"}, {"imdb_id": "nm1332553", "name": "Hema"}, {"imdb_id": "nm3559559", "name": "Rao Ramesh"}, {"imdb_id": "nm0765349", "name": "Subbaraya Sarma"}, {"imdb_id": "nm0158112", "name": "Chiranjeevi"}, {"imdb_id": "nm1892086", "name": "Mumait Khan"}, {"imdb_id": "nm6252875", "name": "Noel Sean"}, {"imdb_id": "nm6252873", "name": "Chandra Sekhar"}, {"imdb_id": "nm0788881", "name": "Kim Sharma"}]