[{"imdb_id": "nm1121870", "name": "Mahesh Babu"}, {"imdb_id": "nm2011932", "name": "Anushka Shetty"}, {"imdb_id": "nm0695177", "name": "Prakash Raj"}, {"imdb_id": "nm0103977", "name": "Brahmanandam"}, {"imdb_id": "nm0080238", "name": "Tanikella Bharani"}, {"imdb_id": "nm1198628", "name": "Suneel"}, {"imdb_id": "nm0837189", "name": "Sudha"}, {"imdb_id": "nm0019382", "name": "Ali"}, {"imdb_id": "nm0621263", "name": "M.S. Narayana"}, {"imdb_id": "nm2310461", "name": "Shafi"}, {"imdb_id": "nm1759615", "name": "Subbaraju"}, {"imdb_id": "nm0223506", "name": "Dharmavarapu Subramanyam"}, {"imdb_id": "nm2747117", "name": "Archana"}, {"imdb_id": "nm4442569", "name": "Joy Badlani"}, {"imdb_id": "nm3474130", "name": "Aman Dhaliwal"}, {"imdb_id": "nm3575688", "name": "Pawan Jam"}, {"imdb_id": "nm0439828", "name": "Supriya Karnik"}, {"imdb_id": "nm3559559", "name": "Rao Ramesh"}, {"imdb_id": "nm9855558", "name": "Pammi Sai"}, {"imdb_id": "nm5710665", "name": "Amit Tiwari"}]