[{"imdb_id": "nm0004335", "name": "Hrithik Roshan"}, {"imdb_id": "nm1027719", "name": "Farhan Akhtar"}, {"imdb_id": "nm1867717", "name": "Abhay Deol"}, {"imdb_id": "nm1229940", "name": "Katrina Kaif"}, {"imdb_id": "nm3202701", "name": "Kalki Koechlin"}, {"imdb_id": "nm1779186", "name": "Ariadna Cabrol"}, {"imdb_id": "nm0787462", "name": "Naseeruddin Shah"}, {"imdb_id": "nm0622732", "name": "Deepti Naval"}, {"imdb_id": "nm5209363", "name": "Surpreet Bedi"}, {"imdb_id": "nm3442808", "name": "Anisa Butt"}, {"imdb_id": "nm5208483", "name": "Juan Jose Amador"}, {"imdb_id": "nm3769223", "name": "Aashrita Kamath"}, {"imdb_id": "nm1299892", "name": "Lolo Herrero"}, {"imdb_id": "nm5207756", "name": "Barbara Holzer"}, {"imdb_id": "nm3785394", "name": "Ravi Khemu"}, {"imdb_id": "nm5207889", "name": "Pino Losada"}, {"imdb_id": "nm4392215", "name": "Raaghav Chanana"}, {"imdb_id": "nm1689533", "name": "Anuradha Chandan"}, {"imdb_id": "nm3750338", "name": "Prashant Prakash"}, {"imdb_id": "nm3473484", "name": "Ashish Sawhny"}, {"imdb_id": "nm5208164", "name": "Nandini Sen"}, {"imdb_id": "nm0897403", "name": "Arnau Vilardeb\u00f3"}, {"imdb_id": "nm5208783", "name": "Peter Wong"}, {"imdb_id": "nm5207982", "name": "Paloma Fantova Gonzalez"}, {"imdb_id": "nm0030080", "name": "Anisa"}, {"imdb_id": "nm5207811", "name": "Emmanuel Balayer"}, {"imdb_id": "nm5208227", "name": "Mayank Gupta"}, {"imdb_id": "nm5209137", "name": "Carlos Jos\u00e9 Mart\u00ednez \u00c1lvarez"}, {"imdb_id": "nm5207929", "name": "Serji Misas"}, {"imdb_id": "nm5208868", "name": "Concha Montero"}, {"imdb_id": "nm5208666", "name": "Pedro Angel Cuadra Mora"}, {"imdb_id": "nm5208117", "name": "Atul Nandra"}, {"imdb_id": "nm0670081", "name": "Miguel Pedregosa"}, {"imdb_id": "nm1099349", "name": "Stojan Petrov"}, {"imdb_id": "nm3733902", "name": "Isaac de los Reyes"}, {"imdb_id": "nm1833473", "name": "Suhel Seth"}, {"imdb_id": "nm3369678", "name": "Mandi Sidhu"}, {"imdb_id": "nm5209135", "name": "Shilpa Singh"}, {"imdb_id": "nm5209372", "name": "Leonardo Trivino"}, {"imdb_id": "nm9027573", "name": "Zuri Echea"}]