[{"imdb_id": "nm0451234", "name": "Irrfan Khan"}, {"imdb_id": "nm8450324", "name": "Hemendra Dandotiya"}, {"imdb_id": "nm1038184", "name": "Navneet Gairola"}, {"imdb_id": "nm2977124", "name": "Mahie Gill"}, {"imdb_id": "nm0348490", "name": "Rajendra Gupta"}, {"imdb_id": "nm0348491", "name": "Rajiv Gupta"}, {"imdb_id": "nm5847913", "name": "Jhakkad Guru"}, {"imdb_id": "nm0361637", "name": "Ashraf Ul Haq"}, {"imdb_id": "nm2246740", "name": "Imran Hasnee"}, {"imdb_id": "nm1664541", "name": "Zakir Hussain"}, {"imdb_id": "nm2240044", "name": "Brijendra Kala"}, {"imdb_id": "nm1375482", "name": "Jahangir Khan"}, {"imdb_id": "nm5672582", "name": "Swapnil kiiran Kotriwar"}, {"imdb_id": "nm8077384", "name": "Mamta Patel"}, {"imdb_id": "nm5225486", "name": "Ravi Sah"}, {"imdb_id": "nm1479650", "name": "Vipin Sharma"}, {"imdb_id": "nm1596350", "name": "Nawazuddin Siddiqui"}, {"imdb_id": "nm6120401", "name": "Dinesh Uniyal"}, {"imdb_id": "nm1019127", "name": "Sanjeeva Vatsa"}]