[{"imdb_id": "nm2486247", "name": "Manoj Kumar Manchu"}, {"imdb_id": "nm1084853", "name": "Allu Arjun"}, {"imdb_id": "nm2011932", "name": "Anushka Shetty"}, {"imdb_id": "nm0048075", "name": "Manoj Bajpayee"}, {"imdb_id": "nm3945388", "name": "Nagayya"}, {"imdb_id": "nm3945751", "name": "Deeksha Seth"}, {"imdb_id": "nm3262096", "name": "Lekha Washington"}, {"imdb_id": "nm0103977", "name": "Brahmanandam"}, {"imdb_id": "nm3884155", "name": "Siya"}, {"imdb_id": "nm1152338", "name": "Satyam Rajesh"}, {"imdb_id": "nm3046678", "name": "Ravi Prakash"}, {"imdb_id": "nm0692586", "name": "Krishna Murali Posani"}, {"imdb_id": "nm2179000", "name": "Pruthvi"}, {"imdb_id": "nm1298052", "name": "Raghu Babu"}, {"imdb_id": "nm4442569", "name": "Joy Badlani"}, {"imdb_id": "nm0157262", "name": "Kallu Chidambaram"}, {"imdb_id": "nm4827987", "name": "Sammeta Gandhi"}, {"imdb_id": "nm2145958", "name": "Vajja Venkata Giridhar"}, {"imdb_id": "nm3758453", "name": "Radha Krishna Jagarlamudi"}, {"imdb_id": "nm4031719", "name": "Nagineedu"}, {"imdb_id": "nm0764853", "name": "Saranya Ponvannan"}, {"imdb_id": "nm6004604", "name": "Rakesh Varre"}]