[{"imdb_id": "nm3888054", "name": "Rajat Barmecha"}, {"imdb_id": "nm0747172", "name": "Ronit Roy"}, {"imdb_id": "nm3190972", "name": "Manjot Singh"}, {"imdb_id": "nm0438632", "name": "Ram Kapoor"}, {"imdb_id": "nm3896575", "name": "Raja Hudda"}, {"imdb_id": "nm3896471", "name": "Varun Khettry"}, {"imdb_id": "nm1022182", "name": "Shashi Sharma"}, {"imdb_id": "nm4126850", "name": "Khushkeran Singh Sandhu"}, {"imdb_id": "nm2893551", "name": "Jayanta Das"}, {"imdb_id": "nm4718438", "name": "Akantuk Sharma"}, {"imdb_id": "nm4717596", "name": "Sahil Sahota"}, {"imdb_id": "nm3888908", "name": "Aayan Boradia"}, {"imdb_id": "nm4687359", "name": "Sonia Raisurana"}, {"imdb_id": "nm4126616", "name": "Mohammad Nizam"}, {"imdb_id": "nm4126678", "name": "Arvind Kumar"}, {"imdb_id": "nm4719033", "name": "Siddharth Sen"}, {"imdb_id": "nm2945270", "name": "Anand Tiwari"}, {"imdb_id": "nm3896726", "name": "Shaunak Sengupta"}, {"imdb_id": "nm3883527", "name": "Akshay Sachdev"}, {"imdb_id": "nm4127188", "name": "Sunil Motwane"}, {"imdb_id": "nm4126601", "name": "Raha Sarma"}, {"imdb_id": "nm4717853", "name": "Aarhan Roychowdhury"}, {"imdb_id": "nm4757603", "name": "Vikas Kumar"}, {"imdb_id": "nm4717609", "name": "Kashif Imam"}, {"imdb_id": "nm4718551", "name": "Khushtar Khan"}, {"imdb_id": "nm3952515", "name": "Amit Das"}, {"imdb_id": "nm4717981", "name": "Neeraj Shukla"}, {"imdb_id": "nm4717921", "name": "Sheikh Murshid Alam"}, {"imdb_id": "nm4718841", "name": "M.D. Shamin"}, {"imdb_id": "nm4717709", "name": "Gautam Shankar"}, {"imdb_id": "nm4718094", "name": "R. Pandey"}, {"imdb_id": "nm4126620", "name": "Rajani Shekhar"}, {"imdb_id": "nm4717967", "name": "Capt. Amitabh"}, {"imdb_id": "nm1749725", "name": "Ruchika Roy"}, {"imdb_id": "nm3897909", "name": "Sumant Mastkar"}, {"imdb_id": "nm4125793", "name": "Nichita Roy"}, {"imdb_id": "nm4718544", "name": "Jenny Shah"}, {"imdb_id": "nm4718614", "name": "Sana Parveen"}, {"imdb_id": "nm4125974", "name": "Jyoti Mishra"}, {"imdb_id": "nm4718185", "name": "Ronny D'Costa"}, {"imdb_id": "nm4717786", "name": "Marianne D'Costa"}, {"imdb_id": "nm4717772", "name": "Ryan D'Costa"}, {"imdb_id": "nm4717960", "name": "Roberta D'Costa"}, {"imdb_id": "nm4717845", "name": "Jerod Mody"}, {"imdb_id": "nm4718844", "name": "Neha Boradia"}, {"imdb_id": "nm2122608", "name": "Ishika Mohan Motwane"}, {"imdb_id": "nm1206811", "name": "Sanjay Gandhi"}]