[{"imdb_id": "nm0015001", "name": "Ajith Kumar"}, {"imdb_id": "nm0035018", "name": "Arjun Sarja"}, {"imdb_id": "nm1375534", "name": "Trisha Krishnan"}, {"imdb_id": "nm2908893", "name": "Premgi Amaren"}, {"imdb_id": "nm3163817", "name": "Vaibhav Reddy"}, {"imdb_id": "nm3592766", "name": "Anjali"}, {"imdb_id": "nm1942975", "name": "Andrea Jeremiah"}, {"imdb_id": "nm2843559", "name": "Raai Laxmi"}, {"imdb_id": "nm1525688", "name": "Aravind Akash"}, {"imdb_id": "nm4573920", "name": "Ashwin Kakumanu"}, {"imdb_id": "nm4019274", "name": "Mahat Raghavendra"}, {"imdb_id": "nm1957308", "name": "V. Jayaprakash"}, {"imdb_id": "nm4082417", "name": "Subbu Panchu"}, {"imdb_id": "nm5611465", "name": "Boys Rajan"}, {"imdb_id": "nm6427403", "name": "Ramya Subramanian"}, {"imdb_id": "nm0876310", "name": "Tulasi"}, {"imdb_id": "nm3586481", "name": "Vijay Vasanth"}, {"imdb_id": "nm3741799", "name": "Kainaat Arora"}]