[{"imdb_id": "nm3733098", "name": "Aida Elkashef"}, {"imdb_id": "nm6814353", "name": "Yogesh Shah"}, {"imdb_id": "nm3822917", "name": "Faraz Khan"}, {"imdb_id": "nm6814354", "name": "Hannan Youssef"}, {"imdb_id": "nm6814355", "name": "Narendra Shah"}, {"imdb_id": "nm6814356", "name": "Chitra Shah"}, {"imdb_id": "nm6814357", "name": "Manan Shah"}, {"imdb_id": "nm6814358", "name": "Aishwarya"}, {"imdb_id": "nm6814359", "name": "Balaji Janardhan"}, {"imdb_id": "nm6814360", "name": "Abbas K."}, {"imdb_id": "nm6814361", "name": "Bharat Pardesi"}, {"imdb_id": "nm6814362", "name": "Pradeep Sinha"}, {"imdb_id": "nm6814363", "name": "Akhtar Bhale"}, {"imdb_id": "nm1628647", "name": "Sidharth Meer"}, {"imdb_id": "nm6814364", "name": "Bonnie Chenevier"}, {"imdb_id": "nm6814365", "name": "Vivek Manek"}, {"imdb_id": "nm4501231", "name": "Megha Ramaswamy"}, {"imdb_id": "nm6814366", "name": "Wendy Gracias"}, {"imdb_id": "nm6814367", "name": "Orlando Gracias"}, {"imdb_id": "nm6814368", "name": "Kalist Cardoza"}, {"imdb_id": "nm1794424", "name": "Krishna Bansal"}, {"imdb_id": "nm4120169", "name": "R.N. Shukla"}, {"imdb_id": "nm4616691", "name": "Divya Bhatia"}, {"imdb_id": "nm3171953", "name": "Maxima Basu"}, {"imdb_id": "nm6814369", "name": "Maysoon El Masry"}, {"imdb_id": "nm4173131", "name": "Neeraj Kabi"}, {"imdb_id": "nm2946730", "name": "Vinay Shukla"}, {"imdb_id": "nm4639483", "name": "Jeetu Yadav"}, {"imdb_id": "nm4171349", "name": "Sunip Sen"}, {"imdb_id": "nm6814370", "name": "K.G. Munshi"}, {"imdb_id": "nm6814371", "name": "Kinnari Ramanathan"}, {"imdb_id": "nm6814372", "name": "Sachin Pandey"}, {"imdb_id": "nm2504589", "name": "Deepak Desai"}, {"imdb_id": "nm6814373", "name": "Bhumika Busa"}, {"imdb_id": "nm6814374", "name": "Amit Shah"}, {"imdb_id": "nm1687108", "name": "Vipul Binjola"}, {"imdb_id": "nm1982018", "name": "Manoj Shah"}, {"imdb_id": "nm6814375", "name": "Praful Gandhi"}, {"imdb_id": "nm6007406", "name": "Kuldeep Mamania"}, {"imdb_id": "nm6814376", "name": "Umarshi Dedhia"}, {"imdb_id": "nm4190866", "name": "Mahendra Shrivas"}, {"imdb_id": "nm6814378", "name": "Shahdat Ikram"}, {"imdb_id": "nm6814379", "name": "Subhash"}, {"imdb_id": "nm6814380", "name": "Rohit Mokariya"}, {"imdb_id": "nm6814381", "name": "Yagya Saxena"}, {"imdb_id": "nm6814382", "name": "Jayshree Gandhi"}, {"imdb_id": "nm6814383", "name": "Jyotsna Bhayani"}, {"imdb_id": "nm6814384", "name": "Bhayani"}, {"imdb_id": "nm6814385", "name": "Alka Desai"}, {"imdb_id": "nm6814386", "name": "Amita Mamaniya"}, {"imdb_id": "nm6269900", "name": "Khushbu Shah"}, {"imdb_id": "nm4174990", "name": "Ramnik Parekh"}, {"imdb_id": "nm6814388", "name": "Ragini Sen"}, {"imdb_id": "nm6814389", "name": "Dinkerrai Mehta"}, {"imdb_id": "nm6814390", "name": "Manav"}, {"imdb_id": "nm6814391", "name": "Aswani"}, {"imdb_id": "nm6814392", "name": "Preeti"}, {"imdb_id": "nm6814393", "name": "Krishna"}, {"imdb_id": "nm6814394", "name": "Vijay"}, {"imdb_id": "nm5852405", "name": "Swathi"}, {"imdb_id": "nm6814396", "name": "Santosh"}, {"imdb_id": "nm4208364", "name": "Arushi Nayar"}, {"imdb_id": "nm6814397", "name": "Neelam Pathania"}, {"imdb_id": "nm6814398", "name": "Maya"}, {"imdb_id": "nm3630374", "name": "Sohum Shah"}, {"imdb_id": "nm4173234", "name": "Sameer Khurana"}, {"imdb_id": "nm6814399", "name": "Arun Doshi"}, {"imdb_id": "nm3613184", "name": "Amba Sanyal"}, {"imdb_id": "nm6814400", "name": "Bhagwan 'Raju' Mahato"}, {"imdb_id": "nm6814401", "name": "Christina Zakiesato"}, {"imdb_id": "nm6814402", "name": "Mukhtiyar Ali"}, {"imdb_id": "nm1100902", "name": "Paromita Vohra"}, {"imdb_id": "nm2259446", "name": "Rakesh Yadav"}, {"imdb_id": "nm6814403", "name": "Damyanti Trivedi"}, {"imdb_id": "nm1693210", "name": "Sanjay Bhatia"}, {"imdb_id": "nm3374253", "name": "Madhavi Juvekar"}, {"imdb_id": "nm3304442", "name": "Yashwant Wasnik"}, {"imdb_id": "nm1688965", "name": "Rupesh Tillu"}, {"imdb_id": "nm1344135", "name": "Mats Qvistr\u00f6m"}, {"imdb_id": "nm2689481", "name": "Efva-Wiktoria Rodell"}, {"imdb_id": "nm6814404", "name": "Emma Gilljam"}, {"imdb_id": "nm2805503", "name": "Khushboo Ranka"}, {"imdb_id": "nm6595925", "name": "Siddharth Singh Tiwari"}, {"imdb_id": "nm6814406", "name": "K.P. Ramanadham"}, {"imdb_id": "nm6814407", "name": "Prince"}, {"imdb_id": "nm6814408", "name": "Vikram Singh"}, {"imdb_id": "nm6814409", "name": "Rekha Bhimani"}, {"imdb_id": "nm6814410", "name": "Niloufer"}, {"imdb_id": "nm1002414", "name": "Sanjay Bhatia"}, {"imdb_id": "nm9204849", "name": "Saar Kashyap"}, {"imdb_id": "nm6419824", "name": "Mattias Pettersson"}]