[{"imdb_id": "nm1799038", "name": "Vidya Balan"}, {"imdb_id": "nm1913625", "name": "Parambrata Chattopadhyay"}, {"imdb_id": "nm1778890", "name": "Indraneil Sengupta"}, {"imdb_id": "nm1596350", "name": "Nawazuddin Siddiqui"}, {"imdb_id": "nm0154122", "name": "Dhritiman Chatterjee"}, {"imdb_id": "nm1384413", "name": "Saswata Chatterjee"}, {"imdb_id": "nm1189762", "name": "Darshan Jariwala"}, {"imdb_id": "nm4970350", "name": "Sk. Azad Ahmed"}, {"imdb_id": "nm0015289", "name": "Masood Akhtar"}, {"imdb_id": "nm4971167", "name": "Mohd. Faiz Alam"}, {"imdb_id": "nm4970247", "name": "Roshni Ali"}, {"imdb_id": "nm3424482", "name": "Anindya Pulak Banerjee"}, {"imdb_id": "nm3358260", "name": "Kamalika Banerjee"}, {"imdb_id": "nm2158659", "name": "Dibyendu Bardhan"}, {"imdb_id": "nm4971355", "name": "Paresh Bhowmick"}, {"imdb_id": "nm4960275", "name": "Pamela Singh Bhutoria"}, {"imdb_id": "nm4959790", "name": "Colleen Blanche"}, {"imdb_id": "nm4970683", "name": "Mita Chakraborty"}, {"imdb_id": "nm4970635", "name": "Mithun Chakraborty"}, {"imdb_id": "nm3374672", "name": "Abir Chatterjee"}, {"imdb_id": "nm0159537", "name": "Kalyan Chatterjee"}, {"imdb_id": "nm2160929", "name": "Phalguni Chatterjee"}, {"imdb_id": "nm4959571", "name": "Rumki Chatterjee"}, {"imdb_id": "nm4970780", "name": "Vishal Chowdhury"}, {"imdb_id": "nm0201911", "name": "Saurav Das"}, {"imdb_id": "nm4970086", "name": "Shaubhik Das"}, {"imdb_id": "nm3374330", "name": "Nitya Ganguly"}, {"imdb_id": "nm4970155", "name": "Shankar Ghoshal"}, {"imdb_id": "nm2712038", "name": "Taranjit Kaur"}, {"imdb_id": "nm4970847", "name": "Bhaskar Majumdar"}, {"imdb_id": "nm1425584", "name": "Kharaj Mukherjee"}, {"imdb_id": "nm4959055", "name": "Rwitobroto Mukherjee"}, {"imdb_id": "nm3366443", "name": "Santilal Mukherjee"}, {"imdb_id": "nm1904027", "name": "Kunal Padhy"}, {"imdb_id": "nm4970769", "name": "Debdas Saha"}, {"imdb_id": "nm4971240", "name": "Debashish Sarkar"}, {"imdb_id": "nm4690844", "name": "Riddhi Sen"}, {"imdb_id": "nm1908800", "name": "Arindam Sil"}, {"imdb_id": "nm4971113", "name": "Nandadulal Tripathi"}, {"imdb_id": "nm4971135", "name": "Amit Vasudeva"}]