[{"imdb_id": "nm4541970", "name": "Irfan Khan"}, {"imdb_id": "nm4496849", "name": "Sanath Menon"}, {"imdb_id": "nm4496823", "name": "Rohan Grover"}, {"imdb_id": "nm4495315", "name": "Naman Jain"}, {"imdb_id": "nm4496851", "name": "Chinmay Chandraunshuh"}, {"imdb_id": "nm4244981", "name": "Visshesh Tiwari"}, {"imdb_id": "nm4496842", "name": "Aarav Khanna"}, {"imdb_id": "nm4496828", "name": "Vedant Desai"}, {"imdb_id": "nm4496860", "name": "Divji Handa"}, {"imdb_id": "nm1880042", "name": "Shriya Sharma"}, {"imdb_id": "nm5587247", "name": "Raju"}, {"imdb_id": "nm0788903", "name": "Rajesh Sharma"}, {"imdb_id": "nm3745258", "name": "Sonal Jha"}, {"imdb_id": "nm4288932", "name": "Satyadeep Misra"}, {"imdb_id": "nm3580431", "name": "Sonamoni Jayant Gadekar"}, {"imdb_id": "nm4591463", "name": "Ajay Kumar"}, {"imdb_id": "nm4372817", "name": "Rajinder Sharma Nanu"}, {"imdb_id": "nm3348178", "name": "Geeta Agrawal Sharma"}, {"imdb_id": "nm2535507", "name": "Mukesh Chhabra"}, {"imdb_id": "nm5587150", "name": "Shraddha Singh"}, {"imdb_id": "nm3190156", "name": "Rajinder Sethi"}, {"imdb_id": "nm2537123", "name": "Raakesh Maudgal"}, {"imdb_id": "nm5587098", "name": "Pratik Yadav"}, {"imdb_id": "nm5587516", "name": "Saurabh Menon"}, {"imdb_id": "nm5587010", "name": "Ravi Jhankar"}, {"imdb_id": "nm5587200", "name": "Sillo Aunty"}, {"imdb_id": "nm5587440", "name": "Mogali"}, {"imdb_id": "nm5587454", "name": "Sanjay Kumar"}, {"imdb_id": "nm1586516", "name": "Bachan Pachehra"}, {"imdb_id": "nm5587033", "name": "Sapra Send"}, {"imdb_id": "nm5587558", "name": "Shoumik Sen"}, {"imdb_id": "nm5587420", "name": "Tanu Vidyarthi"}, {"imdb_id": "nm3721371", "name": "Aakash Dahiya"}, {"imdb_id": "nm2160743", "name": "Kanika Dang"}, {"imdb_id": "nm5587507", "name": "Amandeep Pujara"}, {"imdb_id": "nm4204114", "name": "Jaswinder Gardner"}, {"imdb_id": "nm5587153", "name": "Ratan Lal"}, {"imdb_id": "nm5587626", "name": "Ashok"}, {"imdb_id": "nm5587244", "name": "Amol Bhonsle"}, {"imdb_id": "nm0659244", "name": "Rakesh Pandey"}, {"imdb_id": "nm5587146", "name": "Divjyot Sabarwal"}, {"imdb_id": "nm3237860", "name": "Sachin Pathak"}, {"imdb_id": "nm5587425", "name": "Istayak Arif Khan"}, {"imdb_id": "nm3583019", "name": "Shashank Shende"}, {"imdb_id": "nm2690647", "name": "Pankaj Tripathi"}, {"imdb_id": "nm2243979", "name": "Rucha Pathak"}, {"imdb_id": "nm4455509", "name": "Nitin Desai"}, {"imdb_id": "nm5587008", "name": "Aishwarya Tiwari"}, {"imdb_id": "nm2234698", "name": "Pradeep Kabra"}, {"imdb_id": "nm5587189", "name": "Rajan Ranga"}, {"imdb_id": "nm1238337", "name": "Vijay Maurya"}, {"imdb_id": "nm5587583", "name": "Monica"}, {"imdb_id": "nm5587458", "name": "Aashay Tulalwar"}, {"imdb_id": "nm4724591", "name": "Rajesh Shinde"}, {"imdb_id": "nm2209264", "name": "Ranjeeta Kaur"}, {"imdb_id": "nm5587312", "name": "Namrata Kanuga"}, {"imdb_id": "nm5587445", "name": "Urvashi Jadhav"}, {"imdb_id": "nm3283923", "name": "Swara Bhaskar"}, {"imdb_id": "nm1633541", "name": "Ranbir Kapoor"}, {"imdb_id": "nm0820283", "name": "Anjan Srivastav"}]