[{"imdb_id": "nm1633541", "name": "Ranbir Kapoor"}, {"imdb_id": "nm3668216", "name": "Nargis Fakhri"}, {"imdb_id": "nm0004433", "name": "Shammi Kapoor"}, {"imdb_id": "nm1122912", "name": "Kumud Mishra"}, {"imdb_id": "nm0592795", "name": "Piyush Mishra"}, {"imdb_id": "nm1617909", "name": "Shernaz Patel"}, {"imdb_id": "nm2390814", "name": "Aditi Rao Hydari"}, {"imdb_id": "nm4880714", "name": "Sanjana Sanghi"}, {"imdb_id": "nm3506172", "name": "Shikha Jain"}, {"imdb_id": "nm4188433", "name": "Jaideep Ahlawat"}, {"imdb_id": "nm4767750", "name": "Moufid Aziz"}, {"imdb_id": "nm9275065", "name": "Geetika Budhiraja"}, {"imdb_id": "nm3721371", "name": "Aakash Dahiya"}, {"imdb_id": "nm5440206", "name": "Sushil Dahiya"}, {"imdb_id": "nm1238336", "name": "Teddy Maurya"}, {"imdb_id": "nm1965269", "name": "Ram Menon"}, {"imdb_id": "nm4372817", "name": "Rajinder Sharma Nanu"}, {"imdb_id": "nm3753075", "name": "Shreya Narayan"}, {"imdb_id": "nm3464990", "name": "Mohit Rastogi"}, {"imdb_id": "nm0761189", "name": "Paritosh Sand"}, {"imdb_id": "nm1694989", "name": "Sharad Sharma"}, {"imdb_id": "nm5439879", "name": "Narendra Singh"}, {"imdb_id": "nm4082941", "name": "Aru Krishansh Verma"}, {"imdb_id": "nm6447088", "name": "M\u00e1ria Zajacov\u00e1-Ferencov\u00e1"}]