[{"imdb_id": "nm1405359", "name": "Imran Khan"}, {"imdb_id": "nm1983888", "name": "Vir Das"}, {"imdb_id": "nm2622986", "name": "Kunaal Roy Kapur"}, {"imdb_id": "nm1376654", "name": "Shenaz Treasury"}, {"imdb_id": "nm1567198", "name": "Poorna Jagannathan"}, {"imdb_id": "nm0091035", "name": "Kim Bodnia"}, {"imdb_id": "nm0304093", "name": "Paresh Ganatra"}, {"imdb_id": "nm0704694", "name": "Vijay Raaz"}, {"imdb_id": "nm6226758", "name": "Satindir Anand"}, {"imdb_id": "nm4540542", "name": "Ashraf-Ul-Haque"}, {"imdb_id": "nm6226724", "name": "Dipti Avlani"}, {"imdb_id": "nm3438304", "name": "Manoj Bakshi"}, {"imdb_id": "nm1794424", "name": "Krishna Bansal"}, {"imdb_id": "nm3813621", "name": "Dhaval Barbhaya"}, {"imdb_id": "nm3221779", "name": "Bugs Bhargava"}, {"imdb_id": "nm4616691", "name": "Divya Bhatia"}, {"imdb_id": "nm5817269", "name": "Zeena Bhatia"}, {"imdb_id": "nm2773871", "name": "Nikita Bhatt"}, {"imdb_id": "nm3206953", "name": "Renuka Bondre"}, {"imdb_id": "nm6226784", "name": "V.K. Chanana"}, {"imdb_id": "nm4482766", "name": "Neville Dadachanji"}, {"imdb_id": "nm6226779", "name": "Pranil Darzi"}, {"imdb_id": "nm6226726", "name": "Rajesh D. Desai"}, {"imdb_id": "nm3530385", "name": "Mansee Deshmukh"}, {"imdb_id": "nm2567850", "name": "Ayesha DeVitre"}, {"imdb_id": "nm1458356", "name": "Anusha Dhandekar"}, {"imdb_id": "nm4540508", "name": "Nayani Dixit"}, {"imdb_id": "nm1876057", "name": "Lushin Dubey"}, {"imdb_id": "nm6226786", "name": "Sashi Gupta"}, {"imdb_id": "nm0361637", "name": "Ashraf Ul Haq"}, {"imdb_id": "nm4540606", "name": "Janet Hookway"}, {"imdb_id": "nm4540585", "name": "Gabriel John"}, {"imdb_id": "nm2234698", "name": "Pradeep Kabra"}, {"imdb_id": "nm6226729", "name": "Sitaram Devasi Kadam"}, {"imdb_id": "nm3390011", "name": "Saagar Kale"}, {"imdb_id": "nm1566040", "name": "Zafar Karachiwala"}, {"imdb_id": "nm6226759", "name": "Jehangi Ratansha Karkaria"}, {"imdb_id": "nm6226682", "name": "Vishesh Kaul"}, {"imdb_id": "nm0451148", "name": "Aamir Khan"}, {"imdb_id": "nm1806100", "name": "Habib Khan"}, {"imdb_id": "nm6226728", "name": "Reyub Khan"}, {"imdb_id": "nm0437781", "name": "Ramesh Khanna"}, {"imdb_id": "nm1334512", "name": "Ravi Khanvilkar"}, {"imdb_id": "nm6226781", "name": "Rajesh S. Khatri"}, {"imdb_id": "nm1199508", "name": "Raju Kher"}, {"imdb_id": "nm2384936", "name": "Rani Kochhar"}, {"imdb_id": "nm6226725", "name": "Mangesh K. Kshirsagar"}, {"imdb_id": "nm6226727", "name": "Abhijit Kulkarni"}, {"imdb_id": "nm2198370", "name": "Avdesh Kumar"}, {"imdb_id": "nm3472981", "name": "Rakesh Kumar"}, {"imdb_id": "nm4663098", "name": "Shubhangi Latkar"}, {"imdb_id": "nm6226757", "name": "Kumar Manav"}, {"imdb_id": "nm0576577", "name": "Shilpa Mehta"}, {"imdb_id": "nm6226783", "name": "Uday Bhan Mourya"}, {"imdb_id": "nm1960924", "name": "Sunil Pandey"}, {"imdb_id": "nm3774592", "name": "Rahul Pendkalkar"}, {"imdb_id": "nm6226756", "name": "Salome Narayana Polaki"}, {"imdb_id": "nm4540561", "name": "Shinjini Raval"}, {"imdb_id": "nm6226782", "name": "Vanessa Rewrie"}, {"imdb_id": "nm1217893", "name": "Rajendra Sethi"}, {"imdb_id": "nm6117650", "name": "Shivam Sharma"}, {"imdb_id": "nm4540503", "name": "Dharmendar Singh"}, {"imdb_id": "nm0536799", "name": "Rahul Singh"}, {"imdb_id": "nm4540547", "name": "Sanjay Taneja"}, {"imdb_id": "nm3779049", "name": "Michael Terry"}, {"imdb_id": "nm4540558", "name": "Amjad Ali Warsi"}]