[{"imdb_id": "nm4428422", "name": "Partho A. Gupte"}, {"imdb_id": "nm4473016", "name": "Numaan Sheikh"}, {"imdb_id": "nm4473026", "name": "Abhishek Reddy"}, {"imdb_id": "nm4474558", "name": "Sai Shara Shetty"}, {"imdb_id": "nm4472448", "name": "Monty Sarkar"}, {"imdb_id": "nm4474306", "name": "Leo Crasto"}, {"imdb_id": "nm4475116", "name": "Tijo Thomas"}, {"imdb_id": "nm3003545", "name": "Ganesh Pujari"}, {"imdb_id": "nm4472409", "name": "Walter D'Souza"}, {"imdb_id": "nm0244890", "name": "Divya Dutta"}, {"imdb_id": "nm0415555", "name": "Divya Jagdale"}, {"imdb_id": "nm0958861", "name": "Raj Zutshi"}, {"imdb_id": "nm0536799", "name": "Rahul Singh"}, {"imdb_id": "nm1004575", "name": "Aditya Lakhia"}, {"imdb_id": "nm3583019", "name": "Shashank Shende"}, {"imdb_id": "nm3129483", "name": "Jitendra Rai"}, {"imdb_id": "nm4428415", "name": "Shiv Kumar Subramaniam"}, {"imdb_id": "nm4428199", "name": "Kadambari Shantshree"}, {"imdb_id": "nm4455087", "name": "Faraz Ansari"}, {"imdb_id": "nm1244760", "name": "Amole Gupte"}, {"imdb_id": "nm4651098", "name": "Vidyut Jammwal"}]