[{"imdb_id": "nm0048075", "name": "Manoj Bajpayee"}, {"imdb_id": "nm3190246", "name": "Richa Chadha"}, {"imdb_id": "nm1596350", "name": "Nawazuddin Siddiqui"}, {"imdb_id": "nm0223606", "name": "Tigmanshu Dhulia"}, {"imdb_id": "nm0451239", "name": "Jameel Khan"}, {"imdb_id": "nm0592795", "name": "Piyush Mishra"}, {"imdb_id": "nm4188433", "name": "Jaideep Ahlawat"}, {"imdb_id": "nm4806622", "name": "Huma Qureshi"}, {"imdb_id": "nm5113220", "name": "Zeishan Quadri"}, {"imdb_id": "nm1479650", "name": "Vipin Sharma"}, {"imdb_id": "nm3864624", "name": "Satyakam Anand"}, {"imdb_id": "nm4748818", "name": "Aditya Kumar"}, {"imdb_id": "nm1277547", "name": "Viineet Kumar"}, {"imdb_id": "nm3822770", "name": "Rajkummar Rao"}, {"imdb_id": "nm4435813", "name": "Sankalp Acharekar"}, {"imdb_id": "nm1082609", "name": "Aditya"}, {"imdb_id": "nm1082607", "name": "Akshat"}, {"imdb_id": "nm1082609", "name": "Hasrat Ali"}, {"imdb_id": "nm1082606", "name": "Mohammed Azam Ansari"}, {"imdb_id": "nm3035236", "name": "Vasan Bala"}, {"imdb_id": "nm5129212", "name": "Mahesh Balraj"}, {"imdb_id": "nm4488932", "name": "Rajat Bhagat"}, {"imdb_id": "nm1082604", "name": "Vidya Bhushan"}, {"imdb_id": "nm1082604", "name": "Bobby"}, {"imdb_id": "nm1082607", "name": "Niranjan Chaubey"}, {"imdb_id": "nm2535507", "name": "Mukesh Chhabra"}, {"imdb_id": "nm1082608", "name": "Tarzan Dada"}, {"imdb_id": "nm1082605", "name": "Sujata Das"}, {"imdb_id": "nm1082604", "name": "Dulaari Devi"}, {"imdb_id": "nm7436747", "name": "Shreedhar Dubey"}, {"imdb_id": "nm1082608", "name": "Karuna Dutt"}, {"imdb_id": "nm1082609", "name": "Upal Dutta"}, {"imdb_id": "nm5200693", "name": "Vivek Ghamande"}, {"imdb_id": "nm1082604", "name": "Amitabh Kishen Ghanekar"}, {"imdb_id": "nm1082604", "name": "Hemangini Ghanekar"}, {"imdb_id": "nm1082610", "name": "Neeraj Ghaywan"}, {"imdb_id": "nm1082611", "name": "Radhe Shyam Giri"}, {"imdb_id": "nm1082607", "name": "Guddu"}, {"imdb_id": "nm1082608", "name": "Siddharth Gupt"}, {"imdb_id": "nm4495315", "name": "Naman Jain"}, {"imdb_id": "nm4839358", "name": "Anurita Jha"}, {"imdb_id": "nm1082610", "name": "Lali Ji"}, {"imdb_id": "nm1082604", "name": "Chandan Kaif"}, {"imdb_id": "nm1082608", "name": "Sameer Kamble"}, {"imdb_id": "nm1082606", "name": "Omprakash Kashyap"}, {"imdb_id": "nm1082604", "name": "Zafar Khan"}, {"imdb_id": "nm1390115", "name": "Harish Khanna"}, {"imdb_id": "nm1082610", "name": "Amit Kumar"}, {"imdb_id": "nm2715305", "name": "Murari Kumar"}, {"imdb_id": "nm1082604", "name": "Sumit Kumar"}, {"imdb_id": "nm1082604", "name": "Vishnu Kumar"}, {"imdb_id": "nm1082604", "name": "Vishnu Kunwar"}, {"imdb_id": "nm1082609", "name": "Ram Lakhan"}, {"imdb_id": "nm1082611", "name": "Mahesh"}, {"imdb_id": "nm6763126", "name": "Faisal Malik"}, {"imdb_id": "nm1082607", "name": "Ashtabhuja Mishra"}, {"imdb_id": "nm1082605", "name": "Sudhanshu Mishra"}, {"imdb_id": "nm1082606", "name": "Vinay Mishra"}, {"imdb_id": "nm1665339", "name": "Pranay Narayan"}, {"imdb_id": "nm1082606", "name": "Bhola Nath"}, {"imdb_id": "nm1082610", "name": "Kaushal Nigel"}, {"imdb_id": "nm1082610", "name": "Balram Pandey"}, {"imdb_id": "nm1082611", "name": "Ila Pandey"}, {"imdb_id": "nm1221483", "name": "Pramod Pathak"}, {"imdb_id": "nm1082605", "name": "Suman Pathak"}, {"imdb_id": "nm1082606", "name": "Sankata Prasad"}, {"imdb_id": "nm1082608", "name": "Tilak Raj"}, {"imdb_id": "nm3771295", "name": "Vijesh Rajan"}, {"imdb_id": "nm1082608", "name": "Amritraj Rana"}, {"imdb_id": "nm1082606", "name": "Ravi"}, {"imdb_id": "nm1082606", "name": "Khan Saab"}, {"imdb_id": "nm1082610", "name": "Veena Sahay"}, {"imdb_id": "nm1032614", "name": "Reema Sen"}, {"imdb_id": "nm1082603", "name": "Ashfaque Shaikh"}, {"imdb_id": "nm1082608", "name": "Gaurav Sharma"}, {"imdb_id": "nm9856002", "name": "Gaurav Sharma"}, {"imdb_id": "nm6422090", "name": "Rajesh Kumar Sharma"}, {"imdb_id": "nm1082610", "name": "Shlok Sharma"}, {"imdb_id": "nm1082609", "name": "Tez Bahadur Sharma"}, {"imdb_id": "nm1004985", "name": "Yashpal Sharma"}, {"imdb_id": "nm1082607", "name": "Zahir Sheikh"}, {"imdb_id": "nm1082607", "name": "Suhas Shirsat"}, {"imdb_id": "nm1082605", "name": "Shivam"}, {"imdb_id": "nm1082607", "name": "Shubham"}, {"imdb_id": "nm1082605", "name": "Vijay Shukla"}, {"imdb_id": "nm1082606", "name": "Janmajaya Singh"}, {"imdb_id": "nm1082608", "name": "Nitin Raj Singh"}, {"imdb_id": "nm1082609", "name": "Nityanand Singh"}, {"imdb_id": "nm7372243", "name": "Pawan Singh"}, {"imdb_id": "nm1082605", "name": "Ram Raksha Singh"}, {"imdb_id": "nm7916099", "name": "Sanjay Singh"}, {"imdb_id": "nm1082610", "name": "Santosh Singh"}, {"imdb_id": "nm1082608", "name": "Vivek Singh"}, {"imdb_id": "nm4518724", "name": "Akash Sinha"}, {"imdb_id": "nm1082605", "name": "Varun Sinha"}, {"imdb_id": "nm3720865", "name": "Suhas Sirsat"}, {"imdb_id": "nm1082605", "name": "Praveen Sisodia"}, {"imdb_id": "nm4606894", "name": "Pravin Singh Sisodia"}, {"imdb_id": "nm1082610", "name": "Shilpa Srivasrava"}, {"imdb_id": "nm1082606", "name": "Amreesh Srivastava"}, {"imdb_id": "nm1082605", "name": "Anup Srivastava"}, {"imdb_id": "nm1082609", "name": "Mamta Tiwari"}, {"imdb_id": "nm1082609", "name": "Prerna Tiwari"}, {"imdb_id": "nm1082606", "name": "Rajnikant Trigul"}, {"imdb_id": "nm2690647", "name": "Pankaj Tripathi"}, {"imdb_id": "nm2768833", "name": "Rati Shankar Tripathi"}, {"imdb_id": "nm1082609", "name": "Vijay Tripathi"}, {"imdb_id": "nm1082607", "name": "Utkarsh"}, {"imdb_id": "nm1082607", "name": "Sanjeeva Vats"}, {"imdb_id": "nm1082608", "name": "Sagar Verma"}, {"imdb_id": "nm6451984", "name": "Jack Wayne"}, {"imdb_id": "nm1082609", "name": "Luv Yadav"}, {"imdb_id": "nm1082605", "name": "Rambhu Yadav"}, {"imdb_id": "nm1082607", "name": "Rashmi Yadav"}, {"imdb_id": "nm1082611", "name": "Tripurari Yadav"}, {"imdb_id": "nm1082610", "name": "Kiran Yaday"}, {"imdb_id": "nm4731845", "name": "Rohit Pandey"}, {"imdb_id": "nm1019127", "name": "Sanjeeva Vatsa"}]