[{"imdb_id": "nm1633541", "name": "Ranbir Kapoor"}, {"imdb_id": "nm1231899", "name": "Priyanka Chopra"}, {"imdb_id": "nm2299825", "name": "Ileana D'Cruz"}, {"imdb_id": "nm0795661", "name": "Saurabh Shukla"}, {"imdb_id": "nm0304345", "name": "Rupa Ganguly"}, {"imdb_id": "nm0896573", "name": "Ashish Vidyarthi"}, {"imdb_id": "nm5269876", "name": "Bholaraj Sapkota"}, {"imdb_id": "nm1702868", "name": "Jishu Sengupta"}, {"imdb_id": "nm0052329", "name": "Haradhan Bannerjee"}, {"imdb_id": "nm0452021", "name": "Akash Khurana"}, {"imdb_id": "nm0050187", "name": "Arun Bali"}, {"imdb_id": "nm1277705", "name": "Uday Tikekar"}, {"imdb_id": "nm3472437", "name": "Preiti Mamgain"}, {"imdb_id": "nm3817076", "name": "Sumona Chakravarti"}, {"imdb_id": "nm2585314", "name": "Sujata Sehgal"}, {"imdb_id": "nm1199163", "name": "Kenneth Desai"}, {"imdb_id": "nm3124482", "name": "Neeraj Khetrapal"}, {"imdb_id": "nm2287214", "name": "Rajeev Mishra"}, {"imdb_id": "nm6740068", "name": "Nirmala D. Thappa"}, {"imdb_id": "nm6740069", "name": "Apurva Pranjape"}, {"imdb_id": "nm6740070", "name": "Rahul Malhothra"}, {"imdb_id": "nm6740071", "name": "Bhagyashree Dembla"}, {"imdb_id": "nm6740072", "name": "Subhankar Ghosh"}, {"imdb_id": "nm2414088", "name": "Purva Parag"}, {"imdb_id": "nm4820659", "name": "Archana Dani"}, {"imdb_id": "nm5269881", "name": "Rahul Garg"}, {"imdb_id": "nm5311552", "name": "Nigam Thakur"}]