[{"imdb_id": "nm0897201", "name": "Joseph Vijay"}, {"imdb_id": "nm2570245", "name": "Kajal Aggarwal"}, {"imdb_id": "nm4651098", "name": "Vidyut Jammwal"}, {"imdb_id": "nm3561501", "name": "Sathyan"}, {"imdb_id": "nm1664541", "name": "Zakir Hussain"}, {"imdb_id": "nm0419688", "name": "Jayaram"}, {"imdb_id": "nm5117787", "name": "Deepthi Nambiar"}, {"imdb_id": "nm6189798", "name": "Sanjana Sarathy"}, {"imdb_id": "nm2639953", "name": "Steven Clarke"}, {"imdb_id": "nm1436693", "name": "A.R. Murugadoss"}, {"imdb_id": "nm0007144", "name": "Santosh Sivan"}, {"imdb_id": "nm7700946", "name": "MD Asif"}, {"imdb_id": "nm4442569", "name": "Joy Badlani"}, {"imdb_id": "nm5566329", "name": "Akshara Gowda"}, {"imdb_id": "nm6058340", "name": "Sumesh Krishnan"}, {"imdb_id": "nm3612256", "name": "Anupama Kumar"}, {"imdb_id": "nm3766373", "name": "Gautam Kurup"}, {"imdb_id": "nm5560667", "name": "Prayas Mann"}, {"imdb_id": "nm1007581", "name": "Manobala"}, {"imdb_id": "nm4975518", "name": "Prashant Nair"}, {"imdb_id": "nm7745794", "name": "Sadh Orhan"}, {"imdb_id": "nm1042670", "name": "Manngala Radhakrishnan"}, {"imdb_id": "nm8437434", "name": "Vishal Saroye"}, {"imdb_id": "nm3816684", "name": "Chirag Sethi"}, {"imdb_id": "nm3475833", "name": "Gireesh Sahedev"}]