[{"imdb_id": "nm3822770", "name": "Rajkummar Rao"}, {"imdb_id": "nm4269474", "name": "Mohammed Zeeshan Ayyub"}, {"imdb_id": "nm5201771", "name": "Baljinder Kaur"}, {"imdb_id": "nm0223606", "name": "Tigmanshu Dhulia"}, {"imdb_id": "nm1946407", "name": "Kay Kay Menon"}, {"imdb_id": "nm1479650", "name": "Vipin Sharma"}, {"imdb_id": "nm3492981", "name": "Shalini Vatsa"}, {"imdb_id": "nm4521892", "name": "Vinod Rawat"}, {"imdb_id": "nm5200812", "name": "Suvinder Pal"}, {"imdb_id": "nm5201875", "name": "Pawan Kumar"}, {"imdb_id": "nm5200693", "name": "Vivek Ghamande"}, {"imdb_id": "nm0761189", "name": "Paritosh Sand"}, {"imdb_id": "nm4726664", "name": "Prabal Panjabi"}, {"imdb_id": "nm5201815", "name": "Yusuf Husain"}, {"imdb_id": "nm2535507", "name": "Mukesh Chhabra"}, {"imdb_id": "nm1914663", "name": "Jayant Gadekar"}, {"imdb_id": "nm4451937", "name": "Prabhleen Sandhu"}, {"imdb_id": "nm6041936", "name": "Dharmendra Singh"}, {"imdb_id": "nm7372243", "name": "Pawan Singh"}, {"imdb_id": "nm4518724", "name": "Akash Sinha"}, {"imdb_id": "nm6028533", "name": "Vaibhav Vishant"}]