[{"imdb_id": "nm2144007", "name": "Kangana Ranaut"}, {"imdb_id": "nm0534856", "name": "Madhavan"}, {"imdb_id": "nm0792116", "name": "Jimmy Sheirgill"}, {"imdb_id": "nm1795232", "name": "Deepak Dobriyal"}, {"imdb_id": "nm3283923", "name": "Swara Bhaskar"}, {"imdb_id": "nm1144611", "name": "Eijaz Khan"}, {"imdb_id": "nm4269474", "name": "Mohammed Zeeshan Ayyub"}, {"imdb_id": "nm0348490", "name": "Rajendra Gupta"}, {"imdb_id": "nm1106067", "name": "Navni Parihar"}, {"imdb_id": "nm0706953", "name": "K.K. Raina"}, {"imdb_id": "nm4388776", "name": "Dipti Misra"}, {"imdb_id": "nm2477148", "name": "Rahul Chahan"}, {"imdb_id": "nm0788918", "name": "Shishir Sharma"}, {"imdb_id": "nm1099043", "name": "Gulzar Dastur"}, {"imdb_id": "nm0788903", "name": "Rajesh Sharma"}, {"imdb_id": "nm5951787", "name": "Raj Awasti"}, {"imdb_id": "nm2286188", "name": "Manu Rishi Chadha"}, {"imdb_id": "nm3721371", "name": "Aakash Dahiya"}, {"imdb_id": "nm7247557", "name": "Alex Jaep"}, {"imdb_id": "nm1001137", "name": "Gaurav Mishra"}]