[{"imdb_id": "nm0004437", "name": "Sridevi"}, {"imdb_id": "nm1300009", "name": "Adil Hussain"}, {"imdb_id": "nm0623854", "name": "Mehdi Nebbou"}, {"imdb_id": "nm3591550", "name": "Priya Anand"}, {"imdb_id": "nm0221222", "name": "Sulabha Deshpande"}, {"imdb_id": "nm9128663", "name": "Michael Patrick Hoban"}, {"imdb_id": "nm4853525", "name": "Sujatha Kumar"}, {"imdb_id": "nm4885134", "name": "Navika Kotia"}, {"imdb_id": "nm4885099", "name": "Shivansh Kotia"}, {"imdb_id": "nm4939516", "name": "Cory Hibbs"}, {"imdb_id": "nm3569470", "name": "Rajeev Ravindranathan"}, {"imdb_id": "nm5114303", "name": "Maria Romano"}, {"imdb_id": "nm4853598", "name": "Sumeet Vyas"}, {"imdb_id": "nm1665561", "name": "Ruth Aguilar"}, {"imdb_id": "nm3849477", "name": "Ross Nathan"}, {"imdb_id": "nm4879301", "name": "Damian Thompson"}, {"imdb_id": "nm4875709", "name": "Neelu Sodhi"}, {"imdb_id": "nm1760354", "name": "Greer C. Morrison"}, {"imdb_id": "nm4564678", "name": "Santana Dempsey"}, {"imdb_id": "nm4536310", "name": "Maria Pendolino"}, {"imdb_id": "nm3288485", "name": "Nate Steinwachs"}, {"imdb_id": "nm2915929", "name": "Sean LeeRoy"}, {"imdb_id": "nm1989009", "name": "Rob Murat"}, {"imdb_id": "nm4214205", "name": "Jared Thompson"}, {"imdb_id": "nm4764101", "name": "Charly Wenzel"}, {"imdb_id": "nm0000821", "name": "Amitabh Bachchan"}, {"imdb_id": "nm0015001", "name": "Ajith Kumar"}, {"imdb_id": "nm5085440", "name": "Carina Castagna"}, {"imdb_id": "nm0191450", "name": "Chris J. Cullen"}, {"imdb_id": "nm3924223", "name": "Rayvin Disla"}, {"imdb_id": "nm3858665", "name": "Heather Gault"}, {"imdb_id": "nm3040987", "name": "John-Mark Hostetler"}, {"imdb_id": "nm4105692", "name": "Cindy Jordan-Meryll"}, {"imdb_id": "nm1063870", "name": "Madara Kanele"}, {"imdb_id": "nm4555247", "name": "Beth Katehis"}, {"imdb_id": "nm5358962", "name": "Chris Kepford"}, {"imdb_id": "nm1868230", "name": "Sujata Kumar"}, {"imdb_id": "nm4499353", "name": "Robert Leckington"}, {"imdb_id": "nm6467532", "name": "Caroline Christl Long"}, {"imdb_id": "nm0551179", "name": "Skyler Marshall"}, {"imdb_id": "nm5693748", "name": "Bryan A. Miranda"}, {"imdb_id": "nm6071249", "name": "Rajeev Pahuja"}, {"imdb_id": "nm4493906", "name": "Yumi Vong"}, {"imdb_id": "nm3851173", "name": "Frank Amoruso"}, {"imdb_id": "nm4031108", "name": "Marc I. Daniels"}, {"imdb_id": "nm3089273", "name": "Vin Kridakorn"}, {"imdb_id": "nm4858710", "name": "Justin Orman"}, {"imdb_id": "nm4141050", "name": "Shindo Ki Rodriguez"}]