[{"imdb_id": "nm4921260", "name": "Dulquer Salmaan"}, {"imdb_id": "nm0858128", "name": "Thilakan"}, {"imdb_id": "nm1388202", "name": "Siddique"}, {"imdb_id": "nm3383930", "name": "Nithya Menon"}, {"imdb_id": "nm0541126", "name": "Mammukoya"}, {"imdb_id": "nm4737131", "name": "Jinu Joseph"}, {"imdb_id": "nm1957308", "name": "V. Jayaprakash"}, {"imdb_id": "nm0683477", "name": "Maniyanpilla Raju"}, {"imdb_id": "nm4027847", "name": "Bhagath Baby Manuel"}, {"imdb_id": "nm5465692", "name": "Sreenath Bhasi"}, {"imdb_id": "nm7108031", "name": "Littil Swayamp"}, {"imdb_id": "nm5452835", "name": "Joseph Chakola"}, {"imdb_id": "nm0475070", "name": "Kunchan"}, {"imdb_id": "nm1517703", "name": "Jishnu"}, {"imdb_id": "nm0695171", "name": "Prem Prakash"}, {"imdb_id": "nm2639753", "name": "Ramesh Varma"}, {"imdb_id": "nm0695595", "name": "Praveena"}, {"imdb_id": "nm2445419", "name": "Lena"}, {"imdb_id": "nm5698351", "name": "Sija Rose"}, {"imdb_id": "nm7108032", "name": "Raj Kalesh"}, {"imdb_id": "nm7108033", "name": "Justin Vandenbrink"}, {"imdb_id": "nm3175230", "name": "Kalabhavan Shajohn"}, {"imdb_id": "nm7108034", "name": "Kalabhavan Sinaj"}, {"imdb_id": "nm4992079", "name": "Theepetti Ganesan"}, {"imdb_id": "nm7108035", "name": "Sasikumar"}, {"imdb_id": "nm3495929", "name": "Kalabhavan Haneef"}, {"imdb_id": "nm4527995", "name": "Vinod Kovoor"}, {"imdb_id": "nm4584689", "name": "Sunil Sukhada"}, {"imdb_id": "nm3981484", "name": "Asif Ali"}, {"imdb_id": "nm4584258", "name": "Favour Francis"}, {"imdb_id": "nm7726073", "name": "Assim Jamal"}, {"imdb_id": "nm4425773", "name": "Alencier Ley Lopez"}, {"imdb_id": "nm6325281", "name": "Malavika Nair"}, {"imdb_id": "nm1078320", "name": "Meghna Nair"}, {"imdb_id": "nm9215682", "name": "Jagan Reju"}, {"imdb_id": "nm8255073", "name": "Sal Yusuf"}]