[{"imdb_id": "nm1679372", "name": "Sudeep"}, {"imdb_id": "nm3761004", "name": "Nani"}, {"imdb_id": "nm3606487", "name": "Samantha Ruth Prabhu"}, {"imdb_id": "nm2334720", "name": "Hamsa Nandini"}, {"imdb_id": "nm1190372", "name": "Crazy Mohan"}, {"imdb_id": "nm1962272", "name": "Santhanam"}, {"imdb_id": "nm2178111", "name": "Adithya Menon"}, {"imdb_id": "nm6252873", "name": "Chandra Sekhar"}, {"imdb_id": "nm2210188", "name": "Srinivasa Reddy"}, {"imdb_id": "nm6252874", "name": "Sivannarayana"}, {"imdb_id": "nm2011414", "name": "Devadarshini Chetan"}, {"imdb_id": "nm6252875", "name": "Noel Sean"}, {"imdb_id": "nm3648279", "name": "Dhanraj"}, {"imdb_id": "nm5159260", "name": "Thagubothu Ramesh"}, {"imdb_id": "nm6252872", "name": "Venkatesh Chakravarthy"}, {"imdb_id": "nm2541032", "name": "Micky Makhija"}, {"imdb_id": "nm5668195", "name": "J. Karthik"}]