[{"imdb_id": "nm0712546", "name": "Paresh Rawal"}, {"imdb_id": "nm0474774", "name": "Akshay Kumar"}, {"imdb_id": "nm0149822", "name": "Mithun Chakraborty"}, {"imdb_id": "nm0700875", "name": "Om Puri"}, {"imdb_id": "nm0542498", "name": "Mahesh Manjrekar"}, {"imdb_id": "nm0620636", "name": "Govind Namdeo"}, {"imdb_id": "nm1302330", "name": "Murli Sharma"}, {"imdb_id": "nm1913309", "name": "Nikhil Ratnaparkhi"}, {"imdb_id": "nm3891905", "name": "Lubna Salim"}, {"imdb_id": "nm1030307", "name": "Poonam Jhawer"}, {"imdb_id": "nm1330618", "name": "Yusuf Hussain"}, {"imdb_id": "nm5314927", "name": "Jaineeraj Rajpurohit"}, {"imdb_id": "nm4999775", "name": "Nidhi Subbaiah"}, {"imdb_id": "nm4559606", "name": "Apoorva Arora"}, {"imdb_id": "nm3140050", "name": "Azaan Shah"}, {"imdb_id": "nm5315050", "name": "Honey Chaaya"}, {"imdb_id": "nm4443385", "name": "Krunal Pandit"}, {"imdb_id": "nm4005751", "name": "Bhakti Ratnaparkhi"}, {"imdb_id": "nm0050187", "name": "Arun Bali"}, {"imdb_id": "nm5315020", "name": "Pradeep Vengurlekar"}, {"imdb_id": "nm5315022", "name": "Kukul Taramaster"}, {"imdb_id": "nm7523299", "name": "Nilesh Pandya"}, {"imdb_id": "nm7523300", "name": "Pravin Naik"}, {"imdb_id": "nm5557230", "name": "Puja Gupta"}, {"imdb_id": "nm7523301", "name": "Suneel Chouhan"}, {"imdb_id": "nm7523302", "name": "Shashi Omprakash Sati"}, {"imdb_id": "nm7317036", "name": "Vidya Patwardhan"}, {"imdb_id": "nm7523303", "name": "Vinad Khanna"}, {"imdb_id": "nm5315046", "name": "Karandeep Singh"}, {"imdb_id": "nm7523304", "name": "Chirag Vora"}, {"imdb_id": "nm7457338", "name": "Dimple Danda"}, {"imdb_id": "nm7523305", "name": "Abdul Majid Shiakha"}, {"imdb_id": "nm5363398", "name": "Ishita Vyas"}, {"imdb_id": "nm7523306", "name": "Anil Badola"}, {"imdb_id": "nm6953296", "name": "Jayesh More"}, {"imdb_id": "nm1095921", "name": "Ajay Upadhyay"}, {"imdb_id": "nm5637026", "name": "Pathik Desai"}, {"imdb_id": "nm0222150", "name": "Prabhu Deva"}, {"imdb_id": "nm2276202", "name": "Bhavesh Mandalia"}, {"imdb_id": "nm1084488", "name": "Umesh Shukla"}, {"imdb_id": "nm3848064", "name": "Sonakshi Sinha"}, {"imdb_id": "nm1979258", "name": "Chirag Vohra"}]