[{"imdb_id": "nm3828984", "name": "Ranveer Singh"}, {"imdb_id": "nm3848064", "name": "Sonakshi Sinha"}, {"imdb_id": "nm0151285", "name": "Barun Chanda"}, {"imdb_id": "nm1300009", "name": "Adil Hussain"}, {"imdb_id": "nm5750828", "name": "Vikrant Massey"}, {"imdb_id": "nm0080349", "name": "Dibyendu Bhattacharya"}, {"imdb_id": "nm0952232", "name": "Arif Zakaria"}, {"imdb_id": "nm5585474", "name": "Pratap Jaiswal"}, {"imdb_id": "nm5474878", "name": "Shirin Guha"}, {"imdb_id": "nm0244890", "name": "Divya Dutta"}, {"imdb_id": "nm7297245", "name": "Palan Kundu"}, {"imdb_id": "nm5619278", "name": "Anirban Basu"}, {"imdb_id": "nm4945929", "name": "Amit Saha"}, {"imdb_id": "nm1931724", "name": "Dhruv Mookerji"}, {"imdb_id": "nm5297279", "name": "Newton"}, {"imdb_id": "nm1588618", "name": "Govind Pandey"}, {"imdb_id": "nm7297246", "name": "Kodamath Saha"}, {"imdb_id": "nm3484693", "name": "Sushil Tyagi"}, {"imdb_id": "nm2160929", "name": "Phalguni Chatterjee"}, {"imdb_id": "nm7297247", "name": "Mithu"}, {"imdb_id": "nm7297248", "name": "Mukesh Chaddha"}, {"imdb_id": "nm7297249", "name": "Ashwani Chauhdhry"}, {"imdb_id": "nm7297250", "name": "Surya Bahl"}, {"imdb_id": "nm1789346", "name": "Gurvinder Singh"}]