[{"imdb_id": "nm3822770", "name": "Rajkummar Rao"}, {"imdb_id": "nm2815326", "name": "Amit Sadh"}, {"imdb_id": "nm3818286", "name": "Sushant Singh Rajput"}, {"imdb_id": "nm3629670", "name": "Amrita Puri"}, {"imdb_id": "nm5695367", "name": "Digvijay Deshmukh"}, {"imdb_id": "nm1794460", "name": "Asif Basra"}, {"imdb_id": "nm1964139", "name": "Manav Kaul"}, {"imdb_id": "nm5030347", "name": "Ashish Kakkad"}, {"imdb_id": "nm1257474", "name": "Muni Jha"}, {"imdb_id": "nm5651050", "name": "Morli Patel"}, {"imdb_id": "nm1576124", "name": "Amitabh Srivastava"}, {"imdb_id": "nm1016876", "name": "Bina Shah"}, {"imdb_id": "nm4541970", "name": "Irfan Khan"}, {"imdb_id": "nm3795810", "name": "Tahir Raj Bhasin"}, {"imdb_id": "nm1398205", "name": "Ajay Jadeja"}, {"imdb_id": "nm9028643", "name": "Sunil Upadhyay"}]