[{"imdb_id": "nm1121870", "name": "Mahesh Babu"}, {"imdb_id": "nm5305841", "name": "Kriti Sanon"}, {"imdb_id": "nm0621937", "name": "Nassar"}, {"imdb_id": "nm1004887", "name": "Pradeep Singh Rawat"}, {"imdb_id": "nm5958983", "name": "Anu Hassan"}, {"imdb_id": "nm1795256", "name": "Kelly Dorji"}, {"imdb_id": "nm0793851", "name": "Sayaji Shinde"}, {"imdb_id": "nm0692586", "name": "Krishna Murali Posani"}, {"imdb_id": "nm2210188", "name": "Srinivasa Reddy"}, {"imdb_id": "nm5624098", "name": "Ravi Varma"}, {"imdb_id": "nm0025606", "name": "Anand"}, {"imdb_id": "nm5036526", "name": "Supreeth Reddy"}, {"imdb_id": "nm1862678", "name": "Sophiya Chaudhary"}, {"imdb_id": "nm6169009", "name": "Gautham Ghattamaneni"}, {"imdb_id": "nm5153714", "name": "Hayley Joanne Bacon"}, {"imdb_id": "nm6289521", "name": "Frank Cannon"}, {"imdb_id": "nm5525290", "name": "Michael Chapman"}, {"imdb_id": "nm2639953", "name": "Steven Clarke"}, {"imdb_id": "nm4304212", "name": "Pamela Betsy Cooper"}, {"imdb_id": "nm0179477", "name": "David Corden"}, {"imdb_id": "nm4701008", "name": "Chris Cowlin"}, {"imdb_id": "nm6817038", "name": "Surya Kumar Bhagawan Das"}, {"imdb_id": "nm7303783", "name": "Daniel Eghan"}, {"imdb_id": "nm6189661", "name": "Magnus Emaka Einang"}, {"imdb_id": "nm5233378", "name": "Timothy Fergusson"}, {"imdb_id": "nm4556488", "name": "David Golt"}, {"imdb_id": "nm5369513", "name": "John W.G. Harley"}, {"imdb_id": "nm5783428", "name": "Nadia Kendall"}, {"imdb_id": "nm4071279", "name": "John Kokken"}, {"imdb_id": "nm2314909", "name": "Damian Mavis"}, {"imdb_id": "nm5783429", "name": "Sinead-Marie McAllister"}, {"imdb_id": "nm5387921", "name": "Stephen McDade"}, {"imdb_id": "nm5126775", "name": "Bharat Mistri"}, {"imdb_id": "nm2392703", "name": "Leah O'Rourke"}, {"imdb_id": "nm5126893", "name": "Kumud Pant"}, {"imdb_id": "nm6066701", "name": "Leah Perkins"}, {"imdb_id": "nm5189611", "name": "Naveen Polishetty"}, {"imdb_id": "nm4605797", "name": "Adam Prickett"}, {"imdb_id": "nm6041689", "name": "Straid Samuel Duncan"}, {"imdb_id": "nm4036568", "name": "Kris Sommerville"}, {"imdb_id": "nm5642308", "name": "Samuel Duncan Straid"}, {"imdb_id": "nm2154519", "name": "Nick Thomas-Webster"}, {"imdb_id": "nm5710665", "name": "Amit Tiwari"}, {"imdb_id": "nm4880315", "name": "Vic Waghorn"}, {"imdb_id": "nm0085944", "name": "Paul Blackwell"}, {"imdb_id": "nm4558280", "name": "Hannah Blamires"}, {"imdb_id": "nm5967072", "name": "James Bleakney"}, {"imdb_id": "nm0564981", "name": "Paddy McCarney"}, {"imdb_id": "nm5108056", "name": "Lindy Pieri"}, {"imdb_id": "nm4701028", "name": "Scott Stevenson"}]