[{"imdb_id": "nm0451234", "name": "Irrfan Khan"}, {"imdb_id": "nm1909661", "name": "Nimrat Kaur"}, {"imdb_id": "nm1596350", "name": "Nawazuddin Siddiqui"}, {"imdb_id": "nm0239267", "name": "Lillete Dubey"}, {"imdb_id": "nm0883165", "name": "Nakul Vaid"}, {"imdb_id": "nm1162961", "name": "Bharti Achrekar"}, {"imdb_id": "nm5682548", "name": "Yashvi Puneet Nagar"}, {"imdb_id": "nm1336722", "name": "Denzil Smith"}, {"imdb_id": "nm3831960", "name": "Shruti Bapna"}, {"imdb_id": "nm1177893", "name": "Nasirr Khan"}, {"imdb_id": "nm4393618", "name": "Lokesh Raj"}, {"imdb_id": "nm6320715", "name": "Sadashiv Kondaji Pokarkar"}, {"imdb_id": "nm6320716", "name": "Aarti Rathod"}, {"imdb_id": "nm6320717", "name": "Krishna Bai"}, {"imdb_id": "nm5569241", "name": "Raj Rishi More"}, {"imdb_id": "nm6320718", "name": "Santosh Kumar Chaurasiya"}, {"imdb_id": "nm4867086", "name": "Avijit Khanwilkar"}, {"imdb_id": "nm6320720", "name": "Aakash Sinha"}, {"imdb_id": "nm6320721", "name": "Xavier Hodges"}, {"imdb_id": "nm6320722", "name": "Rosemary Hodges"}, {"imdb_id": "nm6320723", "name": "Hubart Vossoaker"}, {"imdb_id": "nm6320724", "name": "Rosemary Vossoaker"}, {"imdb_id": "nm6320725", "name": "Flory Vossoaker"}, {"imdb_id": "nm6320726", "name": "Sebastian Vossoaker"}, {"imdb_id": "nm6320727", "name": "Quitira Vossoaker"}, {"imdb_id": "nm6320728", "name": "Baaburao Sankpal"}, {"imdb_id": "nm6320729", "name": "Chandrakantha Rajani"}, {"imdb_id": "nm4607937", "name": "Kancha Karki"}, {"imdb_id": "nm4767239", "name": "Rajendra Dubey"}, {"imdb_id": "nm6320730", "name": "Narendra Arora"}, {"imdb_id": "nm2868854", "name": "Ashwin Desai"}, {"imdb_id": "nm6320731", "name": "Mahesh Mahadev Salavkar"}, {"imdb_id": "nm6320732", "name": "Krishna Mandal"}, {"imdb_id": "nm6320733", "name": "Calvin Desilva"}, {"imdb_id": "nm6320734", "name": "Craig Narona"}, {"imdb_id": "nm6320735", "name": "Kyeron Kandoria"}, {"imdb_id": "nm6320736", "name": "Shubh Jadav"}, {"imdb_id": "nm5369575", "name": "Rita Sonal Panjatan"}, {"imdb_id": "nm1056311", "name": "Swapnil Shrirao"}]