[{"imdb_id": "nm1027719", "name": "Farhan Akhtar"}, {"imdb_id": "nm2128238", "name": "Sonam Kapoor"}, {"imdb_id": "nm0539497", "name": "Pavan Malhotra"}, {"imdb_id": "nm0539562", "name": "Art Malik"}, {"imdb_id": "nm0244890", "name": "Divya Dutta"}, {"imdb_id": "nm5800951", "name": "Japtej Singh"}, {"imdb_id": "nm1127958", "name": "Yograj Singh"}, {"imdb_id": "nm3883599", "name": "Siddharth Bhardwaj"}, {"imdb_id": "nm6856186", "name": "Jass Bhatia"}, {"imdb_id": "nm2843024", "name": "Rebecca Breeds"}, {"imdb_id": "nm5800539", "name": "Divjot Singh Chandhok"}, {"imdb_id": "nm4496851", "name": "Chinmay Chandraunshuh"}, {"imdb_id": "nm5805004", "name": "Chandan Gill"}, {"imdb_id": "nm2289345", "name": "Dev Gill"}, {"imdb_id": "nm7915649", "name": "Shveta Grover"}, {"imdb_id": "nm3966365", "name": "Sumit Gulati"}, {"imdb_id": "nm5897302", "name": "Sanjay Gurbaxani"}, {"imdb_id": "nm5796547", "name": "Hikaru Ito"}, {"imdb_id": "nm5796548", "name": "Shanta Kumar"}, {"imdb_id": "nm5783934", "name": "Marcel Alexander Larsen"}, {"imdb_id": "nm3655888", "name": "Shelley Marshall"}, {"imdb_id": "nm1018493", "name": "Rakeysh Omprakash Mehra"}, {"imdb_id": "nm5440968", "name": "Poorva Neeraj"}, {"imdb_id": "nm3919861", "name": "Diana Pinto"}, {"imdb_id": "nm3996393", "name": "Md. Sahidur Rahaman"}, {"imdb_id": "nm8539073", "name": "Sahidur Rahaman"}, {"imdb_id": "nm0706953", "name": "K.K. Raina"}, {"imdb_id": "nm0695177", "name": "Prakash Raj"}, {"imdb_id": "nm5694220", "name": "Yash Saxena"}, {"imdb_id": "nm4723652", "name": "Meesha Shafi"}, {"imdb_id": "nm1167594", "name": "Nawab Shah"}, {"imdb_id": "nm3348178", "name": "Geeta Agrawal Sharma"}, {"imdb_id": "nm5546451", "name": "Shriswara"}, {"imdb_id": "nm8958963", "name": "Bharat Singal"}, {"imdb_id": "nm0846681", "name": "Dalip Tahil"}, {"imdb_id": "nm3822788", "name": "Herry Tangiri"}, {"imdb_id": "nm5801399", "name": "Richard White"}, {"imdb_id": "nm3746935", "name": "Preity \u00dcpala"}, {"imdb_id": "nm6560386", "name": "Ranjit Batra"}]