[{"imdb_id": "nm4731677", "name": "Ayushmann Khurrana"}, {"imdb_id": "nm4417069", "name": "Yami Gautam"}, {"imdb_id": "nm0438465", "name": "Annu Kapoor"}, {"imdb_id": "nm0014081", "name": "Dolly Ahluwalia"}, {"imdb_id": "nm1303433", "name": "John Abraham"}, {"imdb_id": "nm4380888", "name": "Tarun Bali"}, {"imdb_id": "nm3883599", "name": "Siddharth Bhardwaj"}, {"imdb_id": "nm4380889", "name": "Krishna Singh Bisht"}, {"imdb_id": "nm2893551", "name": "Jayanta Das"}, {"imdb_id": "nm5000540", "name": "Swaroopa Ghosh"}, {"imdb_id": "nm5010331", "name": "Kamlesh Gill"}, {"imdb_id": "nm5557230", "name": "Puja Gupta"}, {"imdb_id": "nm2526461", "name": "Bhupesh Pandya"}, {"imdb_id": "nm2983853", "name": "Inder Pal Singh"}]