[{"imdb_id": "nm0451148", "name": "Aamir Khan"}, {"imdb_id": "nm3087728", "name": "Anushka Sharma"}, {"imdb_id": "nm0795661", "name": "Saurabh Shukla"}, {"imdb_id": "nm0004569", "name": "Sanjay Dutt"}, {"imdb_id": "nm1224082", "name": "Boman Irani"}, {"imdb_id": "nm3818286", "name": "Sushant Singh Rajput"}, {"imdb_id": "nm0756378", "name": "Parikshat Sahni"}, {"imdb_id": "nm1030306", "name": "Amardeep Jha"}, {"imdb_id": "nm4427212", "name": "Reema Debnath"}, {"imdb_id": "nm3358585", "name": "Dheerendra Dwivedi"}, {"imdb_id": "nm2306491", "name": "Sai Gundewar"}, {"imdb_id": "nm1082338", "name": "Ram P. Sethi"}, {"imdb_id": "nm1360697", "name": "Rukhsar Rehman"}, {"imdb_id": "nm0050187", "name": "Arun Bali"}, {"imdb_id": "nm6123790", "name": "Pallavi Batra"}, {"imdb_id": "nm4376717", "name": "Anil Charanjeett"}, {"imdb_id": "nm3473336", "name": "Shaji Chaudhary"}, {"imdb_id": "nm3457881", "name": "Rahoul Daswani"}, {"imdb_id": "nm3116470", "name": "Maanvi Gagroo"}, {"imdb_id": "nm5010331", "name": "Kamlesh Gill"}, {"imdb_id": "nm4688818", "name": "Nimisha Goswami"}, {"imdb_id": "nm1514271", "name": "Rohitashv Gour"}, {"imdb_id": "nm0348491", "name": "Rajiv Gupta"}, {"imdb_id": "nm4113243", "name": "Karim Hajee"}, {"imdb_id": "nm7134198", "name": "Harish Iyer"}, {"imdb_id": "nm2240044", "name": "Brijendra Kala"}, {"imdb_id": "nm1633541", "name": "Ranbir Kapoor"}, {"imdb_id": "nm1023968", "name": "Rishabh Kapoor"}, {"imdb_id": "nm8602109", "name": "Narendra Khatri"}, {"imdb_id": "nm4372817", "name": "Rajinder Sharma Nanu"}, {"imdb_id": "nm8026847", "name": "Alok Pandey"}, {"imdb_id": "nm5092843", "name": "Sachin Parikh"}, {"imdb_id": "nm9171656", "name": "Raj Sharma"}, {"imdb_id": "nm8101919", "name": "Nitant Shrivastava"}]