[{"imdb_id": "nm3828984", "name": "Ranveer Singh"}, {"imdb_id": "nm1017633", "name": "Alia Bhatt"}, {"imdb_id": "nm8237564", "name": "Siddhant Chaturvedi"}, {"imdb_id": "nm0704694", "name": "Vijay Raaz"}, {"imdb_id": "nm1576284", "name": "Amruta Subhash"}, {"imdb_id": "nm1994146", "name": "Vijay Varma"}, {"imdb_id": "nm3202701", "name": "Kalki Koechlin"}, {"imdb_id": "nm1038430", "name": "Ikhlaque Khan"}, {"imdb_id": "nm0149441", "name": "Sheeba Chaddha"}, {"imdb_id": "nm1533122", "name": "Jyoti Subhash"}, {"imdb_id": "nm1038431", "name": "Rahul Piske"}, {"imdb_id": "nm4393513", "name": "Nakul Sachdeva"}, {"imdb_id": "nm3175339", "name": "Shruti Chauhan"}, {"imdb_id": "nm7929139", "name": "Aishwarya Desai"}, {"imdb_id": "nm3591303", "name": "Kubbra Sait"}, {"imdb_id": "nm4842401", "name": "Tina Bhatia"}, {"imdb_id": "nm1038431", "name": "Vikrant Dhote"}, {"imdb_id": "nm1038431", "name": "Kulsen Chougule"}, {"imdb_id": "nm1038431", "name": "Alvaro Ruiz Garcia"}, {"imdb_id": "nm8801722", "name": "Naveen Chaudhary"}, {"imdb_id": "nm5143861", "name": "Rahil Gilani"}, {"imdb_id": "nm0336374", "name": "Jan Graveson"}, {"imdb_id": "nm8811916", "name": "Nitin Gupta"}, {"imdb_id": "nm8317100", "name": "Soma Jain"}, {"imdb_id": "nm6636296", "name": "Svar Kamble"}, {"imdb_id": "nm1018245", "name": "Mohan Kapoor"}, {"imdb_id": "nm1007959", "name": "Omi Kashyap"}, {"imdb_id": "nm1038431", "name": "Krishna Kaul"}, {"imdb_id": "nm8715561", "name": "Anil Khopkar"}, {"imdb_id": "nm9119259", "name": "R. Bhakti Klein"}, {"imdb_id": "nm1038431", "name": "Prateek Kumar"}, {"imdb_id": "nm1067557", "name": "Saarthak Lal"}, {"imdb_id": "nm1238337", "name": "Vijay Maurya"}, {"imdb_id": "nm1000230", "name": "Brian Nathan"}, {"imdb_id": "nm1038430", "name": "Lucille Perrier"}, {"imdb_id": "nm1038431", "name": "Ayaan Zubair Rahmani"}, {"imdb_id": "nm3129731", "name": "Rohini Ramanathan"}, {"imdb_id": "nm7231910", "name": "Jasleen Royal"}, {"imdb_id": "nm3000723", "name": "Sonali Sachdev"}, {"imdb_id": "nm4739989", "name": "Nakul Sahdev"}, {"imdb_id": "nm3473484", "name": "Ashish Sawhny"}, {"imdb_id": "nm6421778", "name": "Chaitnya Sharma"}, {"imdb_id": "nm7957066", "name": "Dub Sharma"}, {"imdb_id": "nm9241618", "name": "Rakesh Sharma"}, {"imdb_id": "nm8261761", "name": "Srishti Shrivastava"}, {"imdb_id": "nm7467801", "name": "Mallika Singh"}, {"imdb_id": "nm1085839", "name": "Sushant Singh"}, {"imdb_id": "nm6728006", "name": "Michaela Talwar"}, {"imdb_id": "nm1038431", "name": "Manasi Tare"}, {"imdb_id": "nm2018867", "name": "Ved Thappar"}, {"imdb_id": "nm9012442", "name": "Sanjay Udeshi"}, {"imdb_id": "nm1024165", "name": "Emiway Bantai"}, {"imdb_id": "nm1049035", "name": "Kaam Bhaari"}, {"imdb_id": "nm6698724", "name": "Anuradha Chandan"}, {"imdb_id": "nm1062035", "name": "Shruti Chauhan"}, {"imdb_id": "nm8629330", "name": "Nikhil Dave"}, {"imdb_id": "nm1003612", "name": "Divine"}, {"imdb_id": "nm1062035", "name": "Bobby Friction"}, {"imdb_id": "nm1075093", "name": "Vivek Garg"}, {"imdb_id": "nm1062035", "name": "Haresh Khatri"}, {"imdb_id": "nm1010025", "name": "Hanif Kureshi"}, {"imdb_id": "nm1062035", "name": "Hanif Kureshi"}, {"imdb_id": "nm8367133", "name": "Dee M.C."}, {"imdb_id": "nm1114254", "name": "Kushraj Mehra"}, {"imdb_id": "nm7102262", "name": "Manj Musik"}, {"imdb_id": "nm9872656", "name": "Naezy"}, {"imdb_id": "nm1062035", "name": "Rajesh Radhakrishnan"}, {"imdb_id": "nm1062035", "name": "Rajakumari"}, {"imdb_id": "nm1051189", "name": "Rahul Shahani"}, {"imdb_id": "nm1062035", "name": "Aamir Shaikh"}, {"imdb_id": "nm1056260", "name": "Rakesh Sharma"}, {"imdb_id": "nm1062060", "name": "Slowcheeta"}, {"imdb_id": "nm1056309", "name": "Deepa Unnikrishnan"}, {"imdb_id": "nm7845572", "name": "Vandhana Waknis"}, {"imdb_id": "nm9860563", "name": "Sanaya Irani Zohrabi"}]