[{"imdb_id": "nm0474774", "name": "Akshay Kumar"}, {"imdb_id": "nm0451600", "name": "Anupam Kher"}, {"imdb_id": "nm0048075", "name": "Manoj Bajpayee"}, {"imdb_id": "nm0792116", "name": "Jimmy Sheirgill"}, {"imdb_id": "nm2570245", "name": "Kajal Aggarwal"}, {"imdb_id": "nm0244890", "name": "Divya Dutta"}, {"imdb_id": "nm0434263", "name": "Kishore Kadam"}, {"imdb_id": "nm0788903", "name": "Rajesh Sharma"}, {"imdb_id": "nm1516058", "name": "Deep Raj Rana"}, {"imdb_id": "nm1479650", "name": "Vipin Sharma"}, {"imdb_id": "nm2747851", "name": "Sukhwinder Chahal"}, {"imdb_id": "nm3665336", "name": "Abha Parmar"}, {"imdb_id": "nm1201151", "name": "Mukesh Bhatt"}, {"imdb_id": "nm2717649", "name": "Ujjwal Chopra"}, {"imdb_id": "nm0848308", "name": "Tiku Talsania"}, {"imdb_id": "nm0761189", "name": "Paritosh Sand"}, {"imdb_id": "nm7355458", "name": "Aparna Ghoshal"}, {"imdb_id": "nm7355459", "name": "Sumeet"}, {"imdb_id": "nm2345638", "name": "Gurpal Singh"}, {"imdb_id": "nm2496622", "name": "Jarnail Singh"}, {"imdb_id": "nm4738846", "name": "Rajbir Kaur"}, {"imdb_id": "nm7355460", "name": "Ronika"}, {"imdb_id": "nm0802183", "name": "Neetu Singh"}, {"imdb_id": "nm7355461", "name": "Khushmeet Gill"}, {"imdb_id": "nm3632934", "name": "Prema Sakhardande"}, {"imdb_id": "nm1425584", "name": "Kharaj Mukherjee"}, {"imdb_id": "nm2116437", "name": "Kanwar Jagdish"}, {"imdb_id": "nm7355462", "name": "Mohan Kaushik"}, {"imdb_id": "nm1221805", "name": "Aditya Sharma"}, {"imdb_id": "nm3901857", "name": "Vijay Badlani"}, {"imdb_id": "nm7355463", "name": "Sharad Shetty"}, {"imdb_id": "nm3071285", "name": "Suraj Gupta"}, {"imdb_id": "nm3165492", "name": "Sachin Nayak"}, {"imdb_id": "nm7355464", "name": "Neelam Gupta"}, {"imdb_id": "nm7355465", "name": "Happy Taneja"}, {"imdb_id": "nm4540508", "name": "Nayani Dixit"}, {"imdb_id": "nm7355466", "name": "Gaurav Sharma"}, {"imdb_id": "nm6058340", "name": "Sumesh Krishnan"}, {"imdb_id": "nm7355467", "name": "Dipak Tokes"}, {"imdb_id": "nm4443443", "name": "Bhagwan Tiwari"}, {"imdb_id": "nm3035025", "name": "Vikas Shrivastav"}, {"imdb_id": "nm7355468", "name": "Rajesh Singh"}, {"imdb_id": "nm2691198", "name": "Chandra Prakash"}, {"imdb_id": "nm4941387", "name": "Adithi Kalkunte"}, {"imdb_id": "nm5363398", "name": "Ishita Vyas"}, {"imdb_id": "nm4921194", "name": "Shweta Dadhich"}, {"imdb_id": "nm3226979", "name": "Umar Wani"}, {"imdb_id": "nm3074168", "name": "Bobby Bedii"}, {"imdb_id": "nm4452726", "name": "Atul Sharma"}, {"imdb_id": "nm4381050", "name": "Chirag Dave"}, {"imdb_id": "nm7355469", "name": "Anshuman Pandey"}, {"imdb_id": "nm7355470", "name": "Raj S. Singh"}, {"imdb_id": "nm3778915", "name": "Suumeet Darshan"}, {"imdb_id": "nm7745794", "name": "Sadh Orhan"}, {"imdb_id": "nm7355471", "name": "Hemant Bhist"}, {"imdb_id": "nm7355472", "name": "Sahitya Gupta"}, {"imdb_id": "nm7355473", "name": "Ram Mehr"}, {"imdb_id": "nm7355474", "name": "Ashraf Ali"}, {"imdb_id": "nm4608648", "name": "Bunty Chopra"}, {"imdb_id": "nm6389513", "name": "Suchhi Kumar"}, {"imdb_id": "nm7355476", "name": "Amit Shukla"}, {"imdb_id": "nm7355477", "name": "Bajaj Aprajita"}, {"imdb_id": "nm6199208", "name": "Vishwa Bhanu"}, {"imdb_id": "nm2989104", "name": "Richa Srivastava"}, {"imdb_id": "nm3350578", "name": "Firoz Khan"}, {"imdb_id": "nm7355478", "name": "Gaurav Samiley"}, {"imdb_id": "nm7355479", "name": "Kimberly"}, {"imdb_id": "nm7355480", "name": "Akhil Alvi"}, {"imdb_id": "nm7355481", "name": "Rajesh Rao"}, {"imdb_id": "nm7355482", "name": "Rajesh Pandey"}, {"imdb_id": "nm7355483", "name": "Sandeep Pandey"}, {"imdb_id": "nm7355484", "name": "Abishake Sanqar"}, {"imdb_id": "nm7355485", "name": "Rajesh Shukla"}, {"imdb_id": "nm4563111", "name": "A.R. Rama"}, {"imdb_id": "nm5796588", "name": "Joydeep Mukherjee"}, {"imdb_id": "nm7355486", "name": "Avdhesh Kumar"}, {"imdb_id": "nm6058350", "name": "Libert"}, {"imdb_id": "nm1866539", "name": "Romi Siddique"}, {"imdb_id": "nm7355487", "name": "Binit Goenka"}, {"imdb_id": "nm7355488", "name": "Gaurav Walia"}, {"imdb_id": "nm7355489", "name": "Hariom Kalra"}, {"imdb_id": "nm7355490", "name": "Gopal Bhardwaj"}, {"imdb_id": "nm7355491", "name": "Javed Alam"}, {"imdb_id": "nm7355492", "name": "Maansingh Meena"}, {"imdb_id": "nm7355493", "name": "Ajmer Singh"}, {"imdb_id": "nm7355494", "name": "Binda Paaji"}, {"imdb_id": "nm7355495", "name": "Mukhtiar Singh"}, {"imdb_id": "nm7355457", "name": "Ritik Dhawan"}, {"imdb_id": "nm1006633", "name": "Rajbir Singh Anand"}, {"imdb_id": "nm1263093", "name": "Neeru Bajwa"}]