[{"imdb_id": "nm1333687", "name": "Dhanush"}, {"imdb_id": "nm2128238", "name": "Sonam Kapoor"}, {"imdb_id": "nm4269474", "name": "Mohammed Zeeshan Ayyub"}, {"imdb_id": "nm3283923", "name": "Swara Bhaskar"}, {"imdb_id": "nm1867717", "name": "Abhay Deol"}, {"imdb_id": "nm5741419", "name": "Shilpi Marwaha"}, {"imdb_id": "nm5741420", "name": "Suraj Singh"}, {"imdb_id": "nm1122912", "name": "Kumud Mishra"}, {"imdb_id": "nm2478391", "name": "Deepika Amin"}, {"imdb_id": "nm5741421", "name": "Nisha Jindal"}, {"imdb_id": "nm1479650", "name": "Vipin Sharma"}, {"imdb_id": "nm4495315", "name": "Naman Jain"}, {"imdb_id": "nm5873798", "name": "Arvind Gaur"}, {"imdb_id": "nm1868230", "name": "Sujata Kumar"}, {"imdb_id": "nm5873799", "name": "Ishwak Singh"}, {"imdb_id": "nm5873800", "name": "Tejpal Singh"}, {"imdb_id": "nm5873801", "name": "Ginny Singh"}, {"imdb_id": "nm3424698", "name": "Saniya Anklesaria"}, {"imdb_id": "nm9154928", "name": "Manveer Choudhary"}, {"imdb_id": "nm0004569", "name": "Sanjay Dutt"}, {"imdb_id": "nm6701829", "name": "Shiv Kanungo"}, {"imdb_id": "nm4853525", "name": "Sujatha Kumar"}, {"imdb_id": "nm1001137", "name": "Gaurav Mishra"}, {"imdb_id": "nm5648329", "name": "Rahul Tanwar"}]