[{"imdb_id": "nm4043111", "name": "Vijay Sethupathi"}, {"imdb_id": "nm2463487", "name": "Ramya Nambeeshan"}, {"imdb_id": "nm4861046", "name": "Aadukalam Naren"}, {"imdb_id": "nm5369429", "name": "Karunakaran"}, {"imdb_id": "nm3264948", "name": "Jayakumar"}, {"imdb_id": "nm5654277", "name": "Bobby Simha"}, {"imdb_id": "nm5411911", "name": "Pooja Ramachandran"}, {"imdb_id": "nm3723396", "name": "Veera Santhanam"}, {"imdb_id": "nm4442569", "name": "Joy Badlani"}, {"imdb_id": "nm7043293", "name": "Ragavendra Prasad"}]