[{"imdb_id": "nm0451174", "name": "Arshad Warsi"}, {"imdb_id": "nm1182255", "name": "Amrita Rao"}, {"imdb_id": "nm1224082", "name": "Boman Irani"}, {"imdb_id": "nm0795661", "name": "Saurabh Shukla"}, {"imdb_id": "nm1122077", "name": "Harsh Chhaya"}, {"imdb_id": "nm1018245", "name": "Mohan Kapoor"}, {"imdb_id": "nm0012881", "name": "Mohan Agashe"}, {"imdb_id": "nm0219946", "name": "Ramesh Deo"}, {"imdb_id": "nm0592799", "name": "Sanjay Mishra"}, {"imdb_id": "nm3000617", "name": "Rajeev Siddhartha"}, {"imdb_id": "nm2913438", "name": "Vibha Chhibber"}, {"imdb_id": "nm4708140", "name": "Kartick Sitaraman"}, {"imdb_id": "nm5897303", "name": "Kannan Arunachalam"}, {"imdb_id": "nm1569092", "name": "Mukund Bhatt"}, {"imdb_id": "nm2093242", "name": "Vijay Gupta"}, {"imdb_id": "nm2240044", "name": "Brijendra Kala"}, {"imdb_id": "nm3065607", "name": "Ishtiyak Khan"}, {"imdb_id": "nm5886606", "name": "Veena Malji"}, {"imdb_id": "nm4288932", "name": "Satyadeep Misra"}, {"imdb_id": "nm3124900", "name": "Sushil Pandey"}, {"imdb_id": "nm2119028", "name": "Vishal Om Prakash"}, {"imdb_id": "nm7711673", "name": "Aneel Rana"}, {"imdb_id": "nm3557875", "name": "Navmeet Singh"}]