[{"imdb_id": "nm1659141", "name": "Prabhas"}, {"imdb_id": "nm2281292", "name": "Rana Daggubati"}, {"imdb_id": "nm0471447", "name": "Ramya Krishnan"}, {"imdb_id": "nm0766470", "name": "Sathyaraj"}, {"imdb_id": "nm2011932", "name": "Anushka Shetty"}, {"imdb_id": "nm1961459", "name": "Tamannaah Bhatia"}, {"imdb_id": "nm0621937", "name": "Nassar"}, {"imdb_id": "nm1679372", "name": "Sudeep"}, {"imdb_id": "nm7319988", "name": "Prabhakar"}, {"imdb_id": "nm6845066", "name": "Rajsekhar Aningi"}, {"imdb_id": "nm4992192", "name": "Gabriela Bertante"}, {"imdb_id": "nm9860260", "name": "Bhanu Sri"}, {"imdb_id": "nm0080238", "name": "Tanikella Bharani"}, {"imdb_id": "nm6598222", "name": "Nora Fatehi"}, {"imdb_id": "nm9842626", "name": "Sri Simha Koduri"}, {"imdb_id": "nm4071279", "name": "John Kokken"}, {"imdb_id": "nm9637391", "name": "Venkat Prasad"}, {"imdb_id": "nm1094188", "name": "Rohini"}, {"imdb_id": "nm0765349", "name": "Subbaraya Sarma"}, {"imdb_id": "nm3414188", "name": "Adivi Sesh"}, {"imdb_id": "nm1126708", "name": "Pingpong Surya"}, {"imdb_id": "nm8198252", "name": "Madhussneha Upadhyay"}, {"imdb_id": "nm4828532", "name": "Venkat Vadisetti"}, {"imdb_id": "nm6004604", "name": "Rakesh Varre"}, {"imdb_id": "nm5805978", "name": "Scarlett Mellish Wilson"}, {"imdb_id": "nm3746935", "name": "Preity \u00dcpala"}, {"imdb_id": "nm1442514", "name": "S.S. Rajamouli"}]