[{"imdb_id": "nm1303433", "name": "John Abraham"}, {"imdb_id": "nm3668216", "name": "Nargis Fakhri"}, {"imdb_id": "nm5637317", "name": "Raashi Khanna"}, {"imdb_id": "nm5787869", "name": "Prakash Belawadi"}, {"imdb_id": "nm9856002", "name": "Gaurav Sharma"}, {"imdb_id": "nm8850112", "name": "Vishnu Govindhan"}, {"imdb_id": "nm0244865", "name": "Avijit Dutt"}, {"imdb_id": "nm5897302", "name": "Sanjay Gurbaxani"}, {"imdb_id": "nm3126747", "name": "Aayam Mehta"}, {"imdb_id": "nm5897303", "name": "Kannan Arunachalam"}, {"imdb_id": "nm8464449", "name": "Sudhanva Deshpande"}, {"imdb_id": "nm3440031", "name": "Dinesh Nair"}, {"imdb_id": "nm5897304", "name": "Leena Maria Paul"}, {"imdb_id": "nm4380888", "name": "Tarun Bali"}, {"imdb_id": "nm1559782", "name": "Ajay Ratnam"}, {"imdb_id": "nm1504630", "name": "Siddartha Basu"}, {"imdb_id": "nm5787872", "name": "Dibang"}, {"imdb_id": "nm3557638", "name": "Vinod Kumar"}, {"imdb_id": "nm5897305", "name": "Piyush Pandey"}, {"imdb_id": "nm1629074", "name": "Alok Jain"}, {"imdb_id": "nm7753751", "name": "K.R. Parmeshwar"}, {"imdb_id": "nm3806318", "name": "Steve Fahl"}, {"imdb_id": "nm5787871", "name": "Agnello Dias"}, {"imdb_id": "nm9139831", "name": "Rajeev Rajan"}, {"imdb_id": "nm5000540", "name": "Swaroopa Ghosh"}]