[{"imdb_id": "nm4043111", "name": "Vijay Sethupathi"}, {"imdb_id": "nm4195102", "name": "Sanchita Shetty"}, {"imdb_id": "nm1099597", "name": "Radha Ravi"}, {"imdb_id": "nm2132667", "name": "M.S. Bhaskar"}, {"imdb_id": "nm5654277", "name": "Bobby Simha"}, {"imdb_id": "nm5654463", "name": "Ashok Selvan"}, {"imdb_id": "nm5654687", "name": "Ramesh Thilak"}, {"imdb_id": "nm5369429", "name": "Karunakaran"}, {"imdb_id": "nm2909348", "name": "Yog Japee"}, {"imdb_id": "nm4725798", "name": "Aruldoss"}, {"imdb_id": "nm5611465", "name": "Boys Rajan"}, {"imdb_id": "nm6662187", "name": "Radha"}, {"imdb_id": "nm6662188", "name": "Kannayiram"}, {"imdb_id": "nm6662210", "name": "Mippu"}, {"imdb_id": "nm5431037", "name": "Gaana Bala"}, {"imdb_id": "nm6489058", "name": "Yogi Babu"}, {"imdb_id": "nm6046822", "name": "Gajaraj"}, {"imdb_id": "nm6106368", "name": "Munishkanth"}, {"imdb_id": "nm9638669", "name": "Anjali Rao"}]