[{"imdb_id": "nm1178211", "name": "Rahul Bhat"}, {"imdb_id": "nm0747172", "name": "Ronit Roy"}, {"imdb_id": "nm1339267", "name": "Tejaswini Kolhapure"}, {"imdb_id": "nm1277547", "name": "Viineet Kumar"}, {"imdb_id": "nm4015689", "name": "Surveen Chawla"}, {"imdb_id": "nm4948769", "name": "Siddhant Kapoor"}, {"imdb_id": "nm2978504", "name": "Sandesh Jadhav"}, {"imdb_id": "nm4492872", "name": "Anshikaa Shrivastava"}, {"imdb_id": "nm2715305", "name": "Murari Kumar"}, {"imdb_id": "nm1571393", "name": "Abir Goswami"}, {"imdb_id": "nm2685911", "name": "Madhavi Singh"}, {"imdb_id": "nm2626269", "name": "Manoj Khalatkar"}, {"imdb_id": "nm5678959", "name": "Ajay Purkar"}, {"imdb_id": "nm2971390", "name": "Girish Kulkarni"}, {"imdb_id": "nm1914663", "name": "Jayant Gadekar"}, {"imdb_id": "nm6561621", "name": "Prakash Ramachandran"}, {"imdb_id": "nm6723513", "name": "Sameer Patil"}, {"imdb_id": "nm2718834", "name": "Abhijeet Chavan"}, {"imdb_id": "nm1274869", "name": "Rajesh Bhosle"}, {"imdb_id": "nm4650592", "name": "Aslam R. Wadkar"}, {"imdb_id": "nm6154417", "name": "Mahilani Tarun"}, {"imdb_id": "nm7365116", "name": "Piyush Sharma"}, {"imdb_id": "nm1017633", "name": "Alia Bhatt"}, {"imdb_id": "nm7365119", "name": "Arya Modh"}, {"imdb_id": "nm7292865", "name": "Vivek Lagoo"}, {"imdb_id": "nm7365111", "name": "Uma Gokhale"}, {"imdb_id": "nm1004690", "name": "Pramatesh Mehta"}, {"imdb_id": "nm7365112", "name": "Sujata Joag"}, {"imdb_id": "nm7365114", "name": "Santok"}, {"imdb_id": "nm7365127", "name": "Sujay Shankarwar"}, {"imdb_id": "nm2525932", "name": "Ram Bahadur Renu"}, {"imdb_id": "nm7365121", "name": "Gouri Dutt"}, {"imdb_id": "nm5926431", "name": "Saharsh Kumar Shukla"}, {"imdb_id": "nm7365117", "name": "Aashish Chawla"}, {"imdb_id": "nm7365123", "name": "Bala"}, {"imdb_id": "nm7365124", "name": "Bala Subramaniam"}, {"imdb_id": "nm7365115", "name": "Jehangir"}, {"imdb_id": "nm7365120", "name": "Athavale"}, {"imdb_id": "nm4014932", "name": "Aseem Hattangadi"}, {"imdb_id": "nm0038970", "name": "Mohammed Ashiq"}, {"imdb_id": "nm7365125", "name": "Yash Kumar"}, {"imdb_id": "nm7365113", "name": "Harishchand"}, {"imdb_id": "nm7365128", "name": "Harish Kumar"}, {"imdb_id": "nm4952940", "name": "Dhruv Raj"}, {"imdb_id": "nm7365122", "name": "Michale"}, {"imdb_id": "nm1363713", "name": "Girish Joshi"}, {"imdb_id": "nm7365126", "name": "Aarti Solanki"}, {"imdb_id": "nm3125578", "name": "Achin Jain"}, {"imdb_id": "nm3035236", "name": "Vasan Bala"}, {"imdb_id": "nm2396167", "name": "Shlok Sharma"}, {"imdb_id": "nm5804507", "name": "Abhinav Pareek"}, {"imdb_id": "nm7365118", "name": "Riya Pareekh"}]