[{"imdb_id": "nm1017633", "name": "Alia Bhatt"}, {"imdb_id": "nm0393535", "name": "Randeep Hooda"}, {"imdb_id": "nm6294201", "name": "Durgesh Kumar"}, {"imdb_id": "nm6294202", "name": "Pradeep Nagar"}, {"imdb_id": "nm5926431", "name": "Saharsh Kumar Shukla"}, {"imdb_id": "nm8193143", "name": "Hemant Mathur"}, {"imdb_id": "nm1205687", "name": "Shakeel Khan"}, {"imdb_id": "nm8193144", "name": "Mohit Choudhary"}, {"imdb_id": "nm6560387", "name": "Reuben Israel"}, {"imdb_id": "nm6311520", "name": "Arjun Malhotra"}, {"imdb_id": "nm8193145", "name": "Naina Trivedi"}, {"imdb_id": "nm8193146", "name": "Mohd. Kaif"}, {"imdb_id": "nm8193147", "name": "Samar Mudasir Bakshi"}, {"imdb_id": "nm8193148", "name": "Pinu Verma"}, {"imdb_id": "nm8193149", "name": "Misha Bhalla"}, {"imdb_id": "nm1596505", "name": "Avtar Sahani"}, {"imdb_id": "nm3844619", "name": "Sandeep Leyzell"}, {"imdb_id": "nm3464990", "name": "Mohit Rastogi"}, {"imdb_id": "nm8193150", "name": "Rajeev Sharmam"}, {"imdb_id": "nm1532972", "name": "Vikram Seth"}, {"imdb_id": "nm8193151", "name": "Dr. Vivek Rajpal"}, {"imdb_id": "nm1538581", "name": "Sanjay Chauhan"}, {"imdb_id": "nm6560388", "name": "Kavita Seth"}, {"imdb_id": "nm6560386", "name": "Ranjit Batra"}, {"imdb_id": "nm8193152", "name": "Renu Malhotra"}, {"imdb_id": "nm8193153", "name": "Rohan Malhotra"}, {"imdb_id": "nm8193154", "name": "Chandini Kanvar"}, {"imdb_id": "nm7689697", "name": "Subhash Dedha"}, {"imdb_id": "nm8193155", "name": "Dev Chouhan"}, {"imdb_id": "nm6057773", "name": "Vikram Dahiya"}, {"imdb_id": "nm8193156", "name": "Prodipto"}, {"imdb_id": "nm8193157", "name": "Ranji"}, {"imdb_id": "nm1937218", "name": "Darshan Aulakh"}, {"imdb_id": "nm6633440", "name": "Karamjeet Brar"}, {"imdb_id": "nm5839531", "name": "Harinder Bhullar"}, {"imdb_id": "nm8193158", "name": "Satish Khukral"}, {"imdb_id": "nm8193159", "name": "Harry Khurana"}, {"imdb_id": "nm8193160", "name": "Ishu"}, {"imdb_id": "nm8193161", "name": "Arshad Hussain"}, {"imdb_id": "nm5201875", "name": "Pawan Kumar"}, {"imdb_id": "nm4764113", "name": "Bilal Bhatt"}, {"imdb_id": "nm7919316", "name": "Imtiaz"}, {"imdb_id": "nm8193162", "name": "Vikas Sharma"}, {"imdb_id": "nm8193163", "name": "Jaan Begum"}, {"imdb_id": "nm7037592", "name": "Razia"}, {"imdb_id": "nm8193164", "name": "Nurnisan"}, {"imdb_id": "nm8193165", "name": "Sawan Khan"}, {"imdb_id": "nm8193166", "name": "Devu Khan"}, {"imdb_id": "nm8193167", "name": "Dare Khan"}, {"imdb_id": "nm8193168", "name": "Manzoor Khan"}, {"imdb_id": "nm8193169", "name": "Roze Khan"}, {"imdb_id": "nm8193170", "name": "Karmali"}, {"imdb_id": "nm8193171", "name": "Sawai Khan"}, {"imdb_id": "nm8193172", "name": "Shokat Khan"}, {"imdb_id": "nm8193173", "name": "Javed"}, {"imdb_id": "nm8193174", "name": "Bilal"}, {"imdb_id": "nm4144531", "name": "Mukhtiar"}, {"imdb_id": "nm7928798", "name": "Yakub"}, {"imdb_id": "nm8193175", "name": "Bibi"}, {"imdb_id": "nm6560395", "name": "Shivani Agrawal"}, {"imdb_id": "nm6560399", "name": "Nayantara Batra"}, {"imdb_id": "nm6560394", "name": "Divya Johar"}, {"imdb_id": "nm6560398", "name": "Seher Kochhar"}, {"imdb_id": "nm6560393", "name": "Kaajal Koyal"}, {"imdb_id": "nm6560396", "name": "Naina Kukreja"}, {"imdb_id": "nm6560389", "name": "Neeraj Kukreja"}, {"imdb_id": "nm6560390", "name": "Arpana Langer"}, {"imdb_id": "nm6560397", "name": "Sanah Langer"}, {"imdb_id": "nm1195399", "name": "Hemanth Mahaur"}, {"imdb_id": "nm8193176", "name": "Shamima"}, {"imdb_id": "nm6560392", "name": "Niharika Yadav"}, {"imdb_id": "nm6560391", "name": "Nikita Yadav"}]