[{"imdb_id": "nm0004463", "name": "Akkineni Nageshwara Rao"}, {"imdb_id": "nm0015459", "name": "Nagarjuna Akkineni"}, {"imdb_id": "nm3602118", "name": "Naga Chaitanya Akkineni"}, {"imdb_id": "nm3606487", "name": "Samantha Ruth Prabhu"}, {"imdb_id": "nm1328152", "name": "Shriya Saran"}, {"imdb_id": "nm0000821", "name": "Amitabh Bachchan"}, {"imdb_id": "nm0103977", "name": "Brahmanandam"}, {"imdb_id": "nm0621263", "name": "M.S. Narayana"}, {"imdb_id": "nm1366335", "name": "Akhil Akkineni"}, {"imdb_id": "nm0019382", "name": "Ali"}, {"imdb_id": "nm0992003", "name": "Jayaprakash Reddy"}, {"imdb_id": "nm0692586", "name": "Krishna Murali Posani"}, {"imdb_id": "nm0023839", "name": "Amala Akkineni"}, {"imdb_id": "nm2210188", "name": "Srinivasa Reddy"}, {"imdb_id": "nm5637317", "name": "Raashi Khanna"}, {"imdb_id": "nm0149867", "name": "Chalapathi Rao"}, {"imdb_id": "nm3809856", "name": "Krishnudu"}, {"imdb_id": "nm1911617", "name": "Neetu Chandra"}, {"imdb_id": "nm5959236", "name": "Kaushal Sharma"}, {"imdb_id": "nm5959235", "name": "Tejaswi Madivada"}, {"imdb_id": "nm0577856", "name": "Melkote"}, {"imdb_id": "nm5959238", "name": "Srikar Chittarbu"}, {"imdb_id": "nm8637598", "name": "Ramanaw Mallam"}, {"imdb_id": "nm1714868", "name": "Duvvasi Mohan"}, {"imdb_id": "nm6207440", "name": "Ramachandra"}, {"imdb_id": "nm1759549", "name": "Chitram Seenu"}, {"imdb_id": "nm8797293", "name": "Jimmeey Sirole"}, {"imdb_id": "nm5194945", "name": "Lavanya Tripathi"}, {"imdb_id": "nm5959237", "name": "Krishna Yadavin"}]