[{"imdb_id": "nm2144007", "name": "Kangana Ranaut"}, {"imdb_id": "nm3822770", "name": "Rajkummar Rao"}, {"imdb_id": "nm3629863", "name": "Lisa Haydon"}, {"imdb_id": "nm7832790", "name": "Jeffrey Ho"}, {"imdb_id": "nm5062737", "name": "Marco Canadea"}, {"imdb_id": "nm6141087", "name": "Guithob Joseph"}, {"imdb_id": "nm0863171", "name": "Yogendra Tiku"}, {"imdb_id": "nm7478179", "name": "Alka Badola Kaushal"}, {"imdb_id": "nm7303322", "name": "Tripta Lakhanpal"}, {"imdb_id": "nm4496851", "name": "Chinmay Chandraunshuh"}, {"imdb_id": "nm4540508", "name": "Nayani Dixit"}, {"imdb_id": "nm3356469", "name": "Sabeeka Imam"}, {"imdb_id": "nm7640228", "name": "Ayaan Malik"}, {"imdb_id": "nm7640229", "name": "Ramesh Kalra"}, {"imdb_id": "nm5676789", "name": "Poonam Mathur"}, {"imdb_id": "nm0301102", "name": "Mahesh Gahalot"}, {"imdb_id": "nm7640230", "name": "Monica Kohli"}, {"imdb_id": "nm3464243", "name": "Navnindra Behl"}, {"imdb_id": "nm7491936", "name": "Sakshi Kalra"}, {"imdb_id": "nm4120824", "name": "Mish Boyko"}, {"imdb_id": "nm6666573", "name": "Shailendra Bholasingh"}, {"imdb_id": "nm6506797", "name": "Rik Hoveling"}, {"imdb_id": "nm6506796", "name": "Tamara Hoveling"}, {"imdb_id": "nm5153129", "name": "Benjamin Korver"}, {"imdb_id": "nm6506795", "name": "Melanie Rebergen"}, {"imdb_id": "nm4969616", "name": "Marco Schutte"}, {"imdb_id": "nm4310340", "name": "Bob Smit"}, {"imdb_id": "nm3253719", "name": "Dani Stauder"}, {"imdb_id": "nm6506798", "name": "Kimberly van Engelen"}, {"imdb_id": "nm5085462", "name": "Adri Doppenberg"}, {"imdb_id": "nm4811708", "name": "Nico van den Bergh"}]