[{"imdb_id": "nm3132784", "name": "Kishore Kumar G."}, {"imdb_id": "nm5756214", "name": "Rakshit Shetty"}, {"imdb_id": "nm4551514", "name": "Thara"}, {"imdb_id": "nm5724719", "name": "Achyuth Kumar"}, {"imdb_id": "nm6142895", "name": "Rishab Shetty"}, {"imdb_id": "nm6142894", "name": "Sheetal Shetty"}, {"imdb_id": "nm5754202", "name": "Yagna Shetty"}, {"imdb_id": "nm5741813", "name": "Dinesh Mangaluru"}, {"imdb_id": "nm6390108", "name": "Raghu Pandeshwar"}, {"imdb_id": "nm5859418", "name": "B. Suresha"}, {"imdb_id": "nm6514032", "name": "Pramod Shetty"}, {"imdb_id": "nm9086371", "name": "Kavya Hande"}, {"imdb_id": "nm5079341", "name": "Sohan Shetty"}, {"imdb_id": "nm6405878", "name": "K.P. Hegde"}, {"imdb_id": "nm6405880", "name": "Raghavendra P. Hegde"}, {"imdb_id": "nm6405879", "name": "Shivananda Kota"}, {"imdb_id": "nm6514033", "name": "Arun Prakash Shetty"}]