[{"imdb_id": "nm0007102", "name": "Tabu"}, {"imdb_id": "nm1372788", "name": "Shahid Kapoor"}, {"imdb_id": "nm3601766", "name": "Shraddha Kapoor"}, {"imdb_id": "nm1946407", "name": "Kay Kay Menon"}, {"imdb_id": "nm2368423", "name": "Narendra Jha"}, {"imdb_id": "nm0451425", "name": "Kulbhushan Kharbanda"}, {"imdb_id": "nm1391032", "name": "Lalit Parimoo"}, {"imdb_id": "nm0896573", "name": "Ashish Vidyarthi"}, {"imdb_id": "nm2085856", "name": "Aamir Bashir"}, {"imdb_id": "nm4444484", "name": "Sumit Kaul"}, {"imdb_id": "nm4488932", "name": "Rajat Bhagat"}, {"imdb_id": "nm2586977", "name": "Ashwath Bhatt"}, {"imdb_id": "nm0451234", "name": "Irrfan Khan"}, {"imdb_id": "nm6527505", "name": "Anshuman Malhotra"}, {"imdb_id": "nm7499800", "name": "Lankesh Bhardwaj"}, {"imdb_id": "nm9093959", "name": "Bhawani Muzamil"}, {"imdb_id": "nm6487252", "name": "Mohommed Ali Shah"}]