[{"imdb_id": "nm6277267", "name": "Bhumi Pednekar"}, {"imdb_id": "nm4731677", "name": "Ayushmann Khurrana"}, {"imdb_id": "nm0592799", "name": "Sanjay Mishra"}, {"imdb_id": "nm0764384", "name": "Kumar Sanu"}, {"imdb_id": "nm0149441", "name": "Sheeba Chaddha"}, {"imdb_id": "nm7212569", "name": "Devika Vatsa"}, {"imdb_id": "nm1260157", "name": "Seema Bhargava"}, {"imdb_id": "nm1320935", "name": "Alka Amin"}, {"imdb_id": "nm7156561", "name": "Shardul Rana"}, {"imdb_id": "nm3588052", "name": "Mahesh Sharma"}, {"imdb_id": "nm6509791", "name": "Chandrachoor Rai"}, {"imdb_id": "nm5440968", "name": "Poorva Neeraj"}, {"imdb_id": "nm1652170", "name": "V.K. Sharma"}, {"imdb_id": "nm5376667", "name": "Shrikant Verma"}, {"imdb_id": "nm8328758", "name": "Poonam Gidwani"}, {"imdb_id": "nm9001171", "name": "Mudrika Gupta"}, {"imdb_id": "nm9001177", "name": "Yogesh Bhatt"}, {"imdb_id": "nm6358294", "name": "Swedha Singh"}, {"imdb_id": "nm8892835", "name": "Krishna Dubey"}, {"imdb_id": "nm7156560", "name": "Sanjeeva Vatsa"}, {"imdb_id": "nm7187455", "name": "Kiran Rana"}, {"imdb_id": "nm9001167", "name": "Kunal Shamshere"}, {"imdb_id": "nm8325534", "name": "Umesh Shrivastav"}, {"imdb_id": "nm9001182", "name": "Kailash Kandwal"}, {"imdb_id": "nm9001175", "name": "Rekha Badlani"}, {"imdb_id": "nm9001169", "name": "Sonali Sharma Anand"}, {"imdb_id": "nm9001166", "name": "Aneesh Kumar"}, {"imdb_id": "nm3195297", "name": "Anurag Verma"}, {"imdb_id": "nm9001173", "name": "Akhilesh Narayan"}, {"imdb_id": "nm9001172", "name": "Naman Tiwari"}, {"imdb_id": "nm9001191", "name": "Deepak Bangwal"}, {"imdb_id": "nm9001183", "name": "Janki Dobhal"}, {"imdb_id": "nm9001168", "name": "Anuradha Gupta"}, {"imdb_id": "nm9001176", "name": "Rohan Tiwari"}, {"imdb_id": "nm9001184", "name": "Suman Pathak"}, {"imdb_id": "nm9001174", "name": "Bk Suyal"}, {"imdb_id": "nm9001190", "name": "Abhishek Mandola"}, {"imdb_id": "nm7746210", "name": "Urmila Kandwal"}, {"imdb_id": "nm9001179", "name": "Anil Kumar"}, {"imdb_id": "nm9001187", "name": "Mukesh Sharma"}, {"imdb_id": "nm0430802", "name": "Master Joshi"}, {"imdb_id": "nm9001189", "name": "Pankaj Kumar"}, {"imdb_id": "nm9001188", "name": "Raja Diwan"}, {"imdb_id": "nm9001178", "name": "Deepak Sharma"}, {"imdb_id": "nm9001185", "name": "Gyaneshwar Shukla"}]