[{"imdb_id": "nm0482320", "name": "Mohanlal"}, {"imdb_id": "nm0576169", "name": "Meena"}, {"imdb_id": "nm5242011", "name": "Asha Sharath"}, {"imdb_id": "nm6189602", "name": "Ansiba"}, {"imdb_id": "nm6189601", "name": "Esther Anil"}, {"imdb_id": "nm3617629", "name": "Baiju V.K."}, {"imdb_id": "nm3175230", "name": "Kalabhavan Shajohn"}, {"imdb_id": "nm1388202", "name": "Siddique"}, {"imdb_id": "nm5573884", "name": "Roshan Basheer"}, {"imdb_id": "nm6697626", "name": "Neeraj Madhav"}, {"imdb_id": "nm5574220", "name": "Pradeep Chandran"}, {"imdb_id": "nm3495929", "name": "Kalabhavan Haneef"}, {"imdb_id": "nm1411548", "name": "Irshad"}, {"imdb_id": "nm1334387", "name": "Koottickal Jayachandran"}, {"imdb_id": "nm0475070", "name": "Kunchan"}, {"imdb_id": "nm4920900", "name": "Aneesh Menon"}, {"imdb_id": "nm2072883", "name": "Shobha Mohan"}, {"imdb_id": "nm1985564", "name": "Narayanan Nair"}, {"imdb_id": "nm1367755", "name": "Antony Perumbavoor"}, {"imdb_id": "nm1105428", "name": "Amin Aminem"}, {"imdb_id": "nm0039596", "name": "Asokan"}, {"imdb_id": "nm2320466", "name": "Kalabhavan Rahman"}, {"imdb_id": "nm1115581", "name": "Amin Salahloo"}, {"imdb_id": "nm7775811", "name": "Sepehr Salehi"}, {"imdb_id": "nm6947814", "name": "Balaji Sarma"}, {"imdb_id": "nm0820200", "name": "Sreekumar"}]