[{"imdb_id": "nm1596350", "name": "Nawazuddin Siddiqui"}, {"imdb_id": "nm2331000", "name": "Radhika Apte"}, {"imdb_id": "nm6199189", "name": "Ashutosh Acharya"}, {"imdb_id": "nm3552176", "name": "Shahzad Ahmad"}, {"imdb_id": "nm6199186", "name": "Aishwarya Arora"}, {"imdb_id": "nm6199205", "name": "Suraj Bajjua"}, {"imdb_id": "nm6199208", "name": "Vishwa Bhanu"}, {"imdb_id": "nm6199200", "name": "Ravi Bhushan"}, {"imdb_id": "nm6199188", "name": "Anil Chaudhary"}, {"imdb_id": "nm1848057", "name": "Abhishek Chauhan"}, {"imdb_id": "nm6199201", "name": "Samvedna Anish Choudhary"}, {"imdb_id": "nm0223606", "name": "Tigmanshu Dhulia"}, {"imdb_id": "nm3021185", "name": "Gaurav Dwivedi"}, {"imdb_id": "nm4848938", "name": "Amar Gaikwad"}, {"imdb_id": "nm6199207", "name": "Vijay Gupta"}, {"imdb_id": "nm0361637", "name": "Ashraf Ul Haq"}, {"imdb_id": "nm6199181", "name": "Ashraful Haq"}, {"imdb_id": "nm6199206", "name": "Trushant Ingle"}, {"imdb_id": "nm7460671", "name": "Sheikh Noor Islam"}, {"imdb_id": "nm6199190", "name": "Banwari Lal Jhol"}, {"imdb_id": "nm6199187", "name": "Akbar Khan"}, {"imdb_id": "nm1334616", "name": "Kunal Kumar"}, {"imdb_id": "nm6199199", "name": "Rahul Kumar"}, {"imdb_id": "nm6199203", "name": "Sudarshan Kumar"}, {"imdb_id": "nm6199191", "name": "Chandani Kumari"}, {"imdb_id": "nm6199194", "name": "Hema Kumari"}, {"imdb_id": "nm6199198", "name": "Pooja Kumari"}, {"imdb_id": "nm5043571", "name": "Urmila Mahanta"}, {"imdb_id": "nm4407957", "name": "Brahma Mishra"}, {"imdb_id": "nm1241910", "name": "Prashant Narayanan"}, {"imdb_id": "nm6199202", "name": "Sneha Pallavi"}, {"imdb_id": "nm3793990", "name": "Gulshan Pandey"}, {"imdb_id": "nm4044591", "name": "N.K. Pant"}, {"imdb_id": "nm6199197", "name": "Nand Pant"}, {"imdb_id": "nm6199204", "name": "Sulekha Rani"}, {"imdb_id": "nm2818543", "name": "Jagat Rawat"}, {"imdb_id": "nm0756313", "name": "Deepa Sahi"}, {"imdb_id": "nm5423279", "name": "Vishwas Sakat"}, {"imdb_id": "nm2298027", "name": "Rashaana Shah"}, {"imdb_id": "nm6199195", "name": "Kriti Jyotsna Sharma"}, {"imdb_id": "nm6199193", "name": "Harshad Shinde"}, {"imdb_id": "nm4190866", "name": "Mahendra Shrivas"}, {"imdb_id": "nm6199185", "name": "Lata Shukla"}, {"imdb_id": "nm6199209", "name": "Yashvardhan Singh"}, {"imdb_id": "nm3130055", "name": "Basant Sinha"}, {"imdb_id": "nm5676754", "name": "Varadraj Swami"}, {"imdb_id": "nm2690647", "name": "Pankaj Tripathi"}, {"imdb_id": "nm7460670", "name": "Ghama Verma"}, {"imdb_id": "nm6199192", "name": "Dnyanesh Wadekar"}, {"imdb_id": "nm3062984", "name": "Rajeev Yadav"}]