[{"imdb_id": "nm3818286", "name": "Sushant Singh Rajput"}, {"imdb_id": "nm2945270", "name": "Anand Tiwari"}, {"imdb_id": "nm4173131", "name": "Neeraj Kabi"}, {"imdb_id": "nm7072115", "name": "Divya Menon"}, {"imdb_id": "nm3054665", "name": "Swastika Mukherjee"}, {"imdb_id": "nm2738962", "name": "Meiyang Chang"}, {"imdb_id": "nm1204791", "name": "Mark Bennington"}, {"imdb_id": "nm0452855", "name": "Taka Higuchi"}, {"imdb_id": "nm7072116", "name": "Shivam"}, {"imdb_id": "nm7072117", "name": "Kaushik Ghosh"}, {"imdb_id": "nm3424482", "name": "Anindya Pulak Banerjee"}, {"imdb_id": "nm3519074", "name": "Arindol Bagchi"}, {"imdb_id": "nm7072119", "name": "Peter Wong"}, {"imdb_id": "nm7072120", "name": "Pradipto Kumar Chakraborty"}, {"imdb_id": "nm7072121", "name": "Manoshi Nath"}, {"imdb_id": "nm7072122", "name": "Moumita Chakraborty"}, {"imdb_id": "nm7072123", "name": "Tirtha Mallick"}, {"imdb_id": "nm7072127", "name": "Shaktipada Dey"}, {"imdb_id": "nm3374021", "name": "Prasun Gayen"}, {"imdb_id": "nm5992648", "name": "Aryann Bhowmick"}, {"imdb_id": "nm7072130", "name": "Nishant Kumar"}, {"imdb_id": "nm7072126", "name": "Prashant Kumar"}, {"imdb_id": "nm7072128", "name": "Sandip Bhattacharya"}, {"imdb_id": "nm7072129", "name": "Piyali Ray"}, {"imdb_id": "nm8732335", "name": "Kanwaljeet Singh Banga"}]