[{"imdb_id": "nm1413459", "name": "Siddharth"}, {"imdb_id": "nm5654277", "name": "Bobby Simha"}, {"imdb_id": "nm5068044", "name": "Lakshmi Menon"}, {"imdb_id": "nm0621937", "name": "Nassar"}, {"imdb_id": "nm4861046", "name": "Aadukalam Naren"}, {"imdb_id": "nm5626435", "name": "Guru Somasundaram"}, {"imdb_id": "nm5369429", "name": "Karunakaran"}, {"imdb_id": "nm3905156", "name": "Sangili Murugan"}, {"imdb_id": "nm0304265", "name": "Delhi Ganesh"}, {"imdb_id": "nm0024302", "name": "Ambika"}, {"imdb_id": "nm6678944", "name": "Sudha"}, {"imdb_id": "nm5408984", "name": "Bagavathi Perumal"}, {"imdb_id": "nm5408510", "name": "Rajkumar"}, {"imdb_id": "nm6678966", "name": "Vinodhini Vaidynathan"}, {"imdb_id": "nm6670078", "name": "Ramachandran"}, {"imdb_id": "nm6327438", "name": "Soundara Raja"}, {"imdb_id": "nm6678945", "name": "Kaalaiyan"}, {"imdb_id": "nm4717390", "name": "Thennavan"}, {"imdb_id": "nm1563842", "name": "Bala Singh"}, {"imdb_id": "nm1559782", "name": "Ajay Ratnam"}, {"imdb_id": "nm6678946", "name": "Senthil Kumaran"}, {"imdb_id": "nm5654096", "name": "Anthony Dasan"}, {"imdb_id": "nm4043111", "name": "Vijay Sethupathi"}, {"imdb_id": "nm4274575", "name": "Vetrimaaran"}, {"imdb_id": "nm6674676", "name": "Ramachandran Durairaj"}, {"imdb_id": "nm6046822", "name": "Gajaraj"}, {"imdb_id": "nm5650589", "name": "Nalan Kumarasamy"}, {"imdb_id": "nm6106368", "name": "Munishkanth"}]