[{"imdb_id": "nm0592799", "name": "Sanjay Mishra"}, {"imdb_id": "nm1260157", "name": "Seema Bhargava"}, {"imdb_id": "nm0438494", "name": "Rajat Kapoor"}, {"imdb_id": "nm2712038", "name": "Taranjit Kaur"}, {"imdb_id": "nm3823273", "name": "Maya Sarao"}, {"imdb_id": "nm6509791", "name": "Chandrachoor Rai"}, {"imdb_id": "nm2981021", "name": "Namit Das"}, {"imdb_id": "nm2240044", "name": "Brijendra Kala"}, {"imdb_id": "nm6509792", "name": "Alka Chatwal"}, {"imdb_id": "nm2286188", "name": "Manu Rishi Chadha"}, {"imdb_id": "nm3588052", "name": "Mahesh Sharma"}, {"imdb_id": "nm6199188", "name": "Anil Chaudhary"}, {"imdb_id": "nm6509794", "name": "Manish Karnatak"}, {"imdb_id": "nm1835847", "name": "Dhruv Uday Singh"}, {"imdb_id": "nm0795661", "name": "Saurabh Shukla"}, {"imdb_id": "nm2240830", "name": "Danish Husain"}, {"imdb_id": "nm0863171", "name": "Yogendra Tiku"}, {"imdb_id": "nm6509797", "name": "Chaitanya Mahawar"}, {"imdb_id": "nm5686215", "name": "Chetan Sharma"}, {"imdb_id": "nm6509798", "name": "Shivam Sethi"}, {"imdb_id": "nm3464009", "name": "Naresh Gosain"}, {"imdb_id": "nm7354228", "name": "Suman Chowdry"}, {"imdb_id": "nm7354229", "name": "Sandip Chowdry"}, {"imdb_id": "nm7354230", "name": "Munish Bhardwaj"}, {"imdb_id": "nm7162833", "name": "Jiya Bhardwaj"}, {"imdb_id": "nm7354232", "name": "Mukesh Kumar"}, {"imdb_id": "nm7354233", "name": "Yadvendra Brar"}, {"imdb_id": "nm0451242", "name": "Javed Khan"}, {"imdb_id": "nm6500027", "name": "Pratik Chandarana"}, {"imdb_id": "nm7354234", "name": "Sohan Kumar Jha"}, {"imdb_id": "nm4405714", "name": "Vidya Bhushan"}, {"imdb_id": "nm3002751", "name": "Majid Khan"}, {"imdb_id": "nm7354235", "name": "Bitoo Chhabra"}, {"imdb_id": "nm6500029", "name": "Mansi Jain"}, {"imdb_id": "nm5376667", "name": "Shrikant Verma"}, {"imdb_id": "nm1249116", "name": "Ranvir Shorey"}]