[{"imdb_id": "nm2601111", "name": "Nazriya Nazim"}, {"imdb_id": "nm4028885", "name": "Nivin Pauly"}, {"imdb_id": "nm4921260", "name": "Dulquer Salmaan"}, {"imdb_id": "nm1335704", "name": "Fahadh Faasil"}, {"imdb_id": "nm2527173", "name": "Parvathy Thiruvothu"}, {"imdb_id": "nm1589340", "name": "Isha Talwar"}, {"imdb_id": "nm3383930", "name": "Nithya Menon"}, {"imdb_id": "nm1427780", "name": "Kalpana"}, {"imdb_id": "nm0683477", "name": "Maniyanpilla Raju"}, {"imdb_id": "nm0695595", "name": "Praveena"}, {"imdb_id": "nm1066795", "name": "Vijayaraghavan"}, {"imdb_id": "nm7328054", "name": "Sijoy Varghese"}, {"imdb_id": "nm6325282", "name": "Sajid Yahiya"}, {"imdb_id": "nm0693092", "name": "Prathap Pothen"}, {"imdb_id": "nm1110573", "name": "Vinaya Prakash"}, {"imdb_id": "nm7711918", "name": "Paris Laxmi"}, {"imdb_id": "nm7909121", "name": "Ajith"}, {"imdb_id": "nm2366511", "name": "Bhagyalakshmi"}, {"imdb_id": "nm7807992", "name": "Gautam Pisharody"}, {"imdb_id": "nm2459678", "name": "Krishna Prasad"}, {"imdb_id": "nm9969854", "name": "Rekha"}, {"imdb_id": "nm7909122", "name": "Sharan"}, {"imdb_id": "nm1196428", "name": "Sagar Shiyas"}]