[{"imdb_id": "nm3315894", "name": "Varun Dhawan"}, {"imdb_id": "nm1596350", "name": "Nawazuddin Siddiqui"}, {"imdb_id": "nm4417069", "name": "Yami Gautam"}, {"imdb_id": "nm4806622", "name": "Huma Qureshi"}, {"imdb_id": "nm8350839", "name": "Neel Tyagi"}, {"imdb_id": "nm0665555", "name": "Vinay Pathak"}, {"imdb_id": "nm2331000", "name": "Radhika Apte"}, {"imdb_id": "nm0443699", "name": "Pratima Kazmi"}, {"imdb_id": "nm0244890", "name": "Divya Dutta"}, {"imdb_id": "nm1122912", "name": "Kumud Mishra"}, {"imdb_id": "nm1817397", "name": "Ashwini Kalsekar"}, {"imdb_id": "nm1302330", "name": "Murli Sharma"}, {"imdb_id": "nm3385526", "name": "Gopal K. Singh"}, {"imdb_id": "nm1664541", "name": "Zakir Hussain"}, {"imdb_id": "nm8476436", "name": "Avishek Lama"}, {"imdb_id": "nm7372243", "name": "Pawan Singh"}]