[{"imdb_id": "nm2138653", "name": "Deepika Padukone"}, {"imdb_id": "nm0000821", "name": "Amitabh Bachchan"}, {"imdb_id": "nm0451234", "name": "Irrfan Khan"}, {"imdb_id": "nm0154139", "name": "Moushumi Chatterjee"}, {"imdb_id": "nm0944834", "name": "Raghuvir Yadav"}, {"imdb_id": "nm1702868", "name": "Jishu Sengupta"}, {"imdb_id": "nm7464979", "name": "Balendar Singh"}, {"imdb_id": "nm5000540", "name": "Swaroopa Ghosh"}, {"imdb_id": "nm7602180", "name": "Sajal Bhattacharya"}, {"imdb_id": "nm7602181", "name": "Rupsa Banerjee"}, {"imdb_id": "nm7602182", "name": "Nutan Mathur"}, {"imdb_id": "nm4114810", "name": "Prerna Chawla"}, {"imdb_id": "nm7602183", "name": "Aniruddha Roy Chowdhury"}, {"imdb_id": "nm0154119", "name": "Bishwadeep Chatterjee"}, {"imdb_id": "nm0244865", "name": "Avijit Dutt"}, {"imdb_id": "nm0643348", "name": "Akshay Oberoi"}, {"imdb_id": "nm4461768", "name": "Sumanto Chattopadhyay"}, {"imdb_id": "nm1863643", "name": "Kumar Thakur"}, {"imdb_id": "nm2127514", "name": "Manish Jain"}, {"imdb_id": "nm1130698", "name": "Raj Tilak"}, {"imdb_id": "nm3464303", "name": "Gajendra Rathi"}, {"imdb_id": "nm7602184", "name": "Jolly Guha"}, {"imdb_id": "nm7602185", "name": "Sudha Banik"}, {"imdb_id": "nm7602186", "name": "Saachi"}, {"imdb_id": "nm7602187", "name": "Kopal Naithani"}, {"imdb_id": "nm7428660", "name": "Sukomol Chatterjee"}, {"imdb_id": "nm1806150", "name": "Dinesh Raut"}, {"imdb_id": "nm7602188", "name": "Mrs. Raaj Paul"}, {"imdb_id": "nm7602189", "name": "Shivaji"}, {"imdb_id": "nm7602190", "name": "Tapas Chakrabarti"}, {"imdb_id": "nm7464992", "name": "Vivek Krishnani"}, {"imdb_id": "nm7602191", "name": "Arjun"}, {"imdb_id": "nm7602192", "name": "Razzaque Ahmed"}, {"imdb_id": "nm7602193", "name": "Parijat Bannerjee"}, {"imdb_id": "nm7602194", "name": "Aparupa Banerjee"}, {"imdb_id": "nm7602195", "name": "Dipak Thakur"}, {"imdb_id": "nm7677315", "name": "Kanupriya Sharma"}]