[{"imdb_id": "nm0897201", "name": "Joseph Vijay"}, {"imdb_id": "nm3606487", "name": "Samantha Ruth Prabhu"}, {"imdb_id": "nm1778703", "name": "Neil Nitin Mukesh"}, {"imdb_id": "nm1421628", "name": "Tota Roy Chowdhury"}, {"imdb_id": "nm3951906", "name": "Sathish"}, {"imdb_id": "nm6862143", "name": "Rupesh Gupta"}, {"imdb_id": "nm3723396", "name": "Veera Santhanam"}, {"imdb_id": "nm2163396", "name": "Tamiko Brownlee"}, {"imdb_id": "nm0139323", "name": "Elisabeth P. Carpenter"}, {"imdb_id": "nm1436693", "name": "A.R. Murugadoss"}, {"imdb_id": "nm6288596", "name": "Venkat Mohan"}, {"imdb_id": "nm2755754", "name": "Sudip Mukherjee"}]