[{"imdb_id": "nm0006795", "name": "Salman Khan"}, {"imdb_id": "nm7372970", "name": "Harshaali Malhotra"}, {"imdb_id": "nm1596350", "name": "Nawazuddin Siddiqui"}, {"imdb_id": "nm0004626", "name": "Kareena Kapoor"}, {"imdb_id": "nm0768296", "name": "Sharat Saxena"}, {"imdb_id": "nm7478179", "name": "Alka Badola Kaushal"}, {"imdb_id": "nm0700875", "name": "Om Puri"}, {"imdb_id": "nm2016476", "name": "Meher Vij"}, {"imdb_id": "nm0788903", "name": "Rajesh Sharma"}, {"imdb_id": "nm6661769", "name": "Mir Sarwar"}, {"imdb_id": "nm9171688", "name": "Khushaal Pawar"}, {"imdb_id": "nm4443385", "name": "Krunal Pandit"}, {"imdb_id": "nm3438304", "name": "Manoj Bakshi"}, {"imdb_id": "nm8013346", "name": "Mursaleem Qureshi"}, {"imdb_id": "nm7916018", "name": "Yudhvir Dahiya"}, {"imdb_id": "nm0451152", "name": "Adnan Sami"}, {"imdb_id": "nm3547329", "name": "Sunil Chitkara"}, {"imdb_id": "nm0044339", "name": "Habib Azmi"}, {"imdb_id": "nm9171684", "name": "Kamal Awasthi"}, {"imdb_id": "nm4563323", "name": "Uday Atrolia"}, {"imdb_id": "nm1937218", "name": "Darshan Aulakh"}, {"imdb_id": "nm9171657", "name": "Azad"}, {"imdb_id": "nm7823633", "name": "Bhuvan Azad"}, {"imdb_id": "nm5700459", "name": "Dimple Bagroy"}, {"imdb_id": "nm9093959", "name": "Bhawani Muzamil"}, {"imdb_id": "nm3919952", "name": "Shahnawaz Bhat"}, {"imdb_id": "nm9171691", "name": "Ishant Bhanushli"}, {"imdb_id": "nm7805704", "name": "Babul Bhavsar"}, {"imdb_id": "nm9171683", "name": "Sonia Chaudhary"}, {"imdb_id": "nm9171667", "name": "Rashi Gupta Vikram Chauhan"}, {"imdb_id": "nm9171687", "name": "Abdul Wahid Chisti"}, {"imdb_id": "nm9171669", "name": "Nivya Chemburkar"}, {"imdb_id": "nm9171673", "name": "Somnath Chauhan"}, {"imdb_id": "nm3124687", "name": "Bharat Kumar Dhingra"}, {"imdb_id": "nm5817344", "name": "Singh Dhananjay"}, {"imdb_id": "nm9171651", "name": "Ghulam Din"}, {"imdb_id": "nm8413604", "name": "Helena Fonseca"}, {"imdb_id": "nm9083545", "name": "Alok Gagdekar"}, {"imdb_id": "nm9171703", "name": "Imran Farooq Gani"}, {"imdb_id": "nm5010331", "name": "Kamlesh Gill"}, {"imdb_id": "nm7800477", "name": "Rawat Dev Goswami"}, {"imdb_id": "nm9171659", "name": "Grish"}, {"imdb_id": "nm7915649", "name": "Shveta Grover"}, {"imdb_id": "nm9171681", "name": "Hazel Gupta"}, {"imdb_id": "nm9171674", "name": "Manish Raj Gupta"}, {"imdb_id": "nm5535147", "name": "Sanjeev Jaiswal"}, {"imdb_id": "nm9113077", "name": "Pradeep Jangid"}, {"imdb_id": "nm9171676", "name": "Jimmy"}, {"imdb_id": "nm9171665", "name": "Sujata Jog"}, {"imdb_id": "nm4556340", "name": "Jeet Kaur"}, {"imdb_id": "nm9171672", "name": "Sharvjeet Kaur"}, {"imdb_id": "nm4193741", "name": "Rajan Kavrata"}, {"imdb_id": "nm9171670", "name": "Akshay Keswani"}, {"imdb_id": "nm9171702", "name": "Javed Ahamad Khan"}, {"imdb_id": "nm6909983", "name": "Najeem Khan"}, {"imdb_id": "nm2520617", "name": "Ravi Khanna"}, {"imdb_id": "nm0456096", "name": "Usha Kiran"}, {"imdb_id": "nm8567991", "name": "Kashvi Kothari"}, {"imdb_id": "nm3651657", "name": "Shahid Afridi"}, {"imdb_id": "nm9171690", "name": "Yuvraaj Bajwa"}, {"imdb_id": "nm8295122", "name": "Yuvraj Singh Bajwa"}, {"imdb_id": "nm9171692", "name": "Harish Chauhan Banchta"}, {"imdb_id": "nm2323513", "name": "Rajesh Barsewal"}, {"imdb_id": "nm9171701", "name": "Bilal Ahamad Bhagat"}, {"imdb_id": "nm6891886", "name": "Aman Kumar"}, {"imdb_id": "nm9001166", "name": "Aneesh Kumar"}, {"imdb_id": "nm9171654", "name": "Manoj Kumar"}, {"imdb_id": "nm9171671", "name": "Yash Kumar"}, {"imdb_id": "nm9171649", "name": "Bashir Lone"}, {"imdb_id": "nm9171704", "name": "Showkat Magray"}, {"imdb_id": "nm9171706", "name": "Karan Mehat"}, {"imdb_id": "nm9171705", "name": "Arshin Mehta"}, {"imdb_id": "nm9171664", "name": "Umesh Kumar Mihani"}, {"imdb_id": "nm2035601", "name": "Janardhan Mishra"}, {"imdb_id": "nm2577046", "name": "Mohd"}, {"imdb_id": "nm9171700", "name": "Tahi Ahamad Nagar"}, {"imdb_id": "nm9028639", "name": "Prasoon Narayan"}, {"imdb_id": "nm9171682", "name": "Tania Narula"}, {"imdb_id": "nm9171660", "name": "Tofik Niraj"}, {"imdb_id": "nm9171707", "name": "Chand Nizami"}, {"imdb_id": "nm9171708", "name": "Shadab Nizami"}, {"imdb_id": "nm9171709", "name": "Sohrab Nizami"}, {"imdb_id": "nm8510817", "name": "Sagar Pandey"}, {"imdb_id": "nm9171666", "name": "Gopal Krishna Pandit"}, {"imdb_id": "nm7932517", "name": "Sahil Patel"}, {"imdb_id": "nm9171668", "name": "Surendra Prasad"}, {"imdb_id": "nm9171648", "name": "Sunita Raina"}, {"imdb_id": "nm9171661", "name": "Rajkumar"}, {"imdb_id": "nm9171662", "name": "Raju"}, {"imdb_id": "nm8498092", "name": "Abdul Rashid"}, {"imdb_id": "nm9171658", "name": "Sabhir Ravinder"}, {"imdb_id": "nm4430842", "name": "Sunil Saraswat"}, {"imdb_id": "nm7943212", "name": "Abhimanyu Sarkar"}, {"imdb_id": "nm9171699", "name": "Manzoor Shah"}, {"imdb_id": "nm9171698", "name": "Maqbool Shah"}, {"imdb_id": "nm6487252", "name": "Mohommed Ali Shah"}, {"imdb_id": "nm3870124", "name": "Imran Shaikh"}, {"imdb_id": "nm4482784", "name": "Tasleem Shaikh"}, {"imdb_id": "nm9171686", "name": "Mohammed Shakir"}, {"imdb_id": "nm5401097", "name": "Abhishek Sharma"}, {"imdb_id": "nm9171689", "name": "Kunal Sharma"}, {"imdb_id": "nm9171656", "name": "Raj Sharma"}, {"imdb_id": "nm9171678", "name": "Kamal Shera"}, {"imdb_id": "nm2193087", "name": "Sunita Shirole"}, {"imdb_id": "nm4558245", "name": "Ashok Shivpuri"}, {"imdb_id": "nm9171655", "name": "Arush Shukla"}, {"imdb_id": "nm1427076", "name": "Shilpa Shukla"}, {"imdb_id": "nm9171677", "name": "Guru Shankar Singh"}, {"imdb_id": "nm6998032", "name": "Harsh Singh"}, {"imdb_id": "nm9171685", "name": "Pawan Singh"}, {"imdb_id": "nm5514899", "name": "Vikrant Singh"}, {"imdb_id": "nm1594666", "name": "Atul Srivastava"}, {"imdb_id": "nm7110235", "name": "Rohit Tada"}, {"imdb_id": "nm9171675", "name": "Karan Tamboli"}, {"imdb_id": "nm9171663", "name": "Tasleem"}, {"imdb_id": "nm9171652", "name": "Teji"}, {"imdb_id": "nm7555789", "name": "Chandraprakash Thakur"}, {"imdb_id": "nm9171680", "name": "Kartikesh Thakur"}, {"imdb_id": "nm8350839", "name": "Neel Tyagi"}, {"imdb_id": "nm9171653", "name": "Omprakash Upadhyay"}, {"imdb_id": "nm9171679", "name": "Khemchand Verma"}, {"imdb_id": "nm9171650", "name": "Rayees Rashid Wathoori"}, {"imdb_id": "nm9093958", "name": "Bhavani Bashir Yasir"}]