[{"imdb_id": "nm0474774", "name": "Akshay Kumar"}, {"imdb_id": "nm0219939", "name": "Danny Denzongpa"}, {"imdb_id": "nm2281292", "name": "Rana Daggubati"}, {"imdb_id": "nm3966456", "name": "Taapsee Pannu"}, {"imdb_id": "nm0451600", "name": "Anupam Kher"}, {"imdb_id": "nm1946407", "name": "Kay Kay Menon"}, {"imdb_id": "nm0839820", "name": "Sushant Singh"}, {"imdb_id": "nm3257717", "name": "Madhurima Tuli"}, {"imdb_id": "nm2671989", "name": "Mikaal Zulfiqar"}, {"imdb_id": "nm7091487", "name": "Hasan Noman"}, {"imdb_id": "nm2727191", "name": "Rasheed Naz"}, {"imdb_id": "nm7061978", "name": "Kerem Sarikaya"}, {"imdb_id": "nm1882579", "name": "Zachary Coffin"}, {"imdb_id": "nm7727977", "name": "Karan Aanand"}, {"imdb_id": "nm7077186", "name": "Kiran Anand"}, {"imdb_id": "nm5343500", "name": "Ali Balkan Avci"}, {"imdb_id": "nm7484787", "name": "Sandeep Bharadwaj"}, {"imdb_id": "nm6195447", "name": "Sajjad Delafrooz"}, {"imdb_id": "nm6013100", "name": "Anupam Gahoi"}, {"imdb_id": "nm9033338", "name": "Syed Ahad Hussain"}, {"imdb_id": "nm9854025", "name": "Onur Can Karatas"}, {"imdb_id": "nm8738711", "name": "Dishita Sehgal"}, {"imdb_id": "nm1302330", "name": "Murli Sharma"}, {"imdb_id": "nm5144690", "name": "Sanjeev Tyagi"}, {"imdb_id": "nm1277861", "name": "Jaywant Wadkar"}]