[{"imdb_id": "nm3818286", "name": "Sushant Singh Rajput"}, {"imdb_id": "nm6442009", "name": "Kiara Advani"}, {"imdb_id": "nm0451600", "name": "Anupam Kher"}, {"imdb_id": "nm7796669", "name": "Disha Patani"}, {"imdb_id": "nm0154653", "name": "Bhoomika Chawla"}, {"imdb_id": "nm3220990", "name": "Sanjay Dadich"}, {"imdb_id": "nm2227818", "name": "Kali Prasad Mukherjee"}, {"imdb_id": "nm8484525", "name": "Zeeshaan"}, {"imdb_id": "nm2394380", "name": "Mithu Chakraborty"}, {"imdb_id": "nm6455555", "name": "Kranti Prakash Jha"}, {"imdb_id": "nm4466595", "name": "Ashrut Jain"}, {"imdb_id": "nm2240044", "name": "Brijendra Kala"}, {"imdb_id": "nm1201151", "name": "Mukesh Bhatt"}, {"imdb_id": "nm4028442", "name": "Jitin Gulati"}, {"imdb_id": "nm9406156", "name": "Sahil Gyan"}, {"imdb_id": "nm8521799", "name": "Sushil Kumar Dutta"}, {"imdb_id": "nm8521800", "name": "Sarvadaman Banerjee"}, {"imdb_id": "nm3439791", "name": "Deepak Dutta"}, {"imdb_id": "nm8814464", "name": "Mayur Bansiwal"}, {"imdb_id": "nm3126571", "name": "Rajendra Chawla"}, {"imdb_id": "nm3366443", "name": "Santilal Mukherjee"}, {"imdb_id": "nm8501265", "name": "Sandeep Nahar"}, {"imdb_id": "nm3822788", "name": "Herry Tangiri"}, {"imdb_id": "nm8026847", "name": "Alok Pandey"}, {"imdb_id": "nm0788903", "name": "Rajesh Sharma"}, {"imdb_id": "nm1122912", "name": "Kumud Mishra"}, {"imdb_id": "nm1081975", "name": "Mayur Bansiwal"}, {"imdb_id": "nm2605014", "name": "Mahendra Singh Dhoni"}, {"imdb_id": "nm8784315", "name": "Vijay Kumar Dogra"}, {"imdb_id": "nm0451148", "name": "Aamir Khan"}, {"imdb_id": "nm2463153", "name": "Swini Khara"}, {"imdb_id": "nm8667438", "name": "Virat Kohli"}, {"imdb_id": "nm2378839", "name": "Anish Kuruvilla"}, {"imdb_id": "nm0542510", "name": "Ravindra Mankani"}, {"imdb_id": "nm8484051", "name": "Kiran More"}, {"imdb_id": "nm2605159", "name": "Muttiah Muralitharan"}, {"imdb_id": "nm3343416", "name": "Virender Sehwag"}, {"imdb_id": "nm8521798", "name": "Joginder Sharma"}, {"imdb_id": "nm8325277", "name": "Rhea Sharma"}, {"imdb_id": "nm1340094", "name": "Sachin Tendulkar"}]