[{"imdb_id": "nm7111158", "name": "Nirup Bhandari"}, {"imdb_id": "nm7111159", "name": "Radhika Chetan"}, {"imdb_id": "nm4419440", "name": "Avantika Shetty"}, {"imdb_id": "nm0474871", "name": "Sai Kumar"}, {"imdb_id": "nm2867072", "name": "Anantha Velu"}, {"imdb_id": "nm7465867", "name": "Aravind Rao"}, {"imdb_id": "nm7465869", "name": "Siddu Moolimani"}, {"imdb_id": "nm7519999", "name": "Karthik Rao Kordale"}, {"imdb_id": "nm5880181", "name": "Shankar Ashwath"}, {"imdb_id": "nm6105569", "name": "Srinath Vasista"}, {"imdb_id": "nm7465868", "name": "Chethan Raj"}, {"imdb_id": "nm7465870", "name": "Roshni Kore"}, {"imdb_id": "nm7465871", "name": "Swapna Raj"}, {"imdb_id": "nm0719915", "name": "Renuka"}, {"imdb_id": "nm7465866", "name": "Shilpa Singh"}, {"imdb_id": "nm7881718", "name": "Patla Sathish Shetty"}]