[{"imdb_id": "nm1372788", "name": "Shahid Kapoor"}, {"imdb_id": "nm1017633", "name": "Alia Bhatt"}, {"imdb_id": "nm0004626", "name": "Kareena Kapoor"}, {"imdb_id": "nm4362492", "name": "Diljit Dosanjh"}, {"imdb_id": "nm0442479", "name": "Satish Kaushik"}, {"imdb_id": "nm2435847", "name": "Manav Vij"}, {"imdb_id": "nm3119274", "name": "Vansh Bhardwaj"}, {"imdb_id": "nm8237562", "name": "Suhail Nayyar"}, {"imdb_id": "nm8253714", "name": "Prabhjyot Singh"}, {"imdb_id": "nm6422090", "name": "Rajesh Kumar Sharma"}, {"imdb_id": "nm1033153", "name": "Kamal Tiwari"}, {"imdb_id": "nm1206435", "name": "Mahabir Bhullar"}, {"imdb_id": "nm4167503", "name": "Suvinder Vicky"}, {"imdb_id": "nm5669149", "name": "Dilawar Sidhu"}, {"imdb_id": "nm8998462", "name": "Lovely Sidhu"}, {"imdb_id": "nm8998463", "name": "Vishu Sharma"}, {"imdb_id": "nm5451926", "name": "Harpreet Singh"}, {"imdb_id": "nm5317125", "name": "Gurpreet Toti"}, {"imdb_id": "nm8998464", "name": "Ikhattar Singh"}, {"imdb_id": "nm7924032", "name": "Pargat Singh"}, {"imdb_id": "nm8998465", "name": "Gaurav Sharma"}, {"imdb_id": "nm8998466", "name": "Zeeshan Balouch"}, {"imdb_id": "nm8998467", "name": "Geetangali Singh"}, {"imdb_id": "nm8998468", "name": "Amar Chaudhary"}, {"imdb_id": "nm8998470", "name": "Sukh Kunwar"}, {"imdb_id": "nm6487008", "name": "Harrdy Sandhu"}, {"imdb_id": "nm5045022", "name": "Annastasia Hamulka"}, {"imdb_id": "nm0467868", "name": "Kaizaad Kotwal"}, {"imdb_id": "nm8001631", "name": "Vishal Handa"}, {"imdb_id": "nm6378385", "name": "Pawan Singh"}, {"imdb_id": "nm2020109", "name": "Ishaan Khattar"}, {"imdb_id": "nm4718913", "name": "Aaradhna Uppal"}, {"imdb_id": "nm3830290", "name": "Satwant Kaur"}, {"imdb_id": "nm2430054", "name": "Anita Shabdeesh"}, {"imdb_id": "nm7256591", "name": "Satpal Singh"}, {"imdb_id": "nm1372255", "name": "Nina Tiwana"}, {"imdb_id": "nm8492590", "name": "Swairaj Sandhu"}, {"imdb_id": "nm8624891", "name": "Ravi Aneja"}, {"imdb_id": "nm9357064", "name": "Sandeep Jit Pateela"}, {"imdb_id": "nm8013030", "name": "Madhumita Barik"}, {"imdb_id": "nm9357065", "name": "Mayahans Nath"}, {"imdb_id": "nm7987779", "name": "Narinder Nina"}, {"imdb_id": "nm9357066", "name": "Mahinder Pal Singh"}, {"imdb_id": "nm4788055", "name": "Taran Bajaj"}, {"imdb_id": "nm9357067", "name": "Varnesh Sharma"}, {"imdb_id": "nm9357068", "name": "Vikas Joshi"}, {"imdb_id": "nm9357069", "name": "Rahi"}, {"imdb_id": "nm9357070", "name": "Gaura Smith"}, {"imdb_id": "nm9357071", "name": "Varun Arya"}, {"imdb_id": "nm9357072", "name": "Kishore Sharma"}, {"imdb_id": "nm4546294", "name": "Pradeep Singh"}, {"imdb_id": "nm5711779", "name": "Amandeep Singh"}, {"imdb_id": "nm7296431", "name": "Sukhdev Singh"}, {"imdb_id": "nm9012454", "name": "Bhawsheel Sahni"}, {"imdb_id": "nm1028863", "name": "Jaswant Daman"}, {"imdb_id": "nm5158351", "name": "Binny Singh"}, {"imdb_id": "nm9357074", "name": "Abishek Chandana"}, {"imdb_id": "nm9357075", "name": "Abishek Arora"}, {"imdb_id": "nm9357076", "name": "Shubham Kumar"}, {"imdb_id": "nm9357077", "name": "Lakhwinder Pal Singh"}, {"imdb_id": "nm4465744", "name": "Satnam Singh"}, {"imdb_id": "nm9357078", "name": "Jasbir Chingiria"}, {"imdb_id": "nm5310990", "name": "Lakha Lehri"}, {"imdb_id": "nm9357080", "name": "Mani Kular"}, {"imdb_id": "nm3728642", "name": "Manpreet Singh"}, {"imdb_id": "nm9357081", "name": "Vikram Chouhan"}, {"imdb_id": "nm3798812", "name": "Satyajeet Rajput"}, {"imdb_id": "nm9357082", "name": "Sukhvinder Saini"}, {"imdb_id": "nm9357083", "name": "Sikhander Tripathi"}, {"imdb_id": "nm9357084", "name": "Abreet Pal"}, {"imdb_id": "nm9357085", "name": "Kanwar Pal Singh"}, {"imdb_id": "nm9357086", "name": "Randhir"}, {"imdb_id": "nm9357087", "name": "Simardeep Singh"}, {"imdb_id": "nm9357088", "name": "Kuldeep Singh Sran"}, {"imdb_id": "nm9357089", "name": "Shivender Sharma"}, {"imdb_id": "nm9357090", "name": "Robin Toor"}, {"imdb_id": "nm9357091", "name": "Dr. Kurundeep Singh"}, {"imdb_id": "nm9357092", "name": "Bhavya Khanna"}, {"imdb_id": "nm9357093", "name": "Gourish Khanna"}, {"imdb_id": "nm9028640", "name": "Ashok"}, {"imdb_id": "nm9357094", "name": "Bhatt"}, {"imdb_id": "nm7937896", "name": "Bharat Bhushan"}, {"imdb_id": "nm9357095", "name": "Rajender Chaudhary"}, {"imdb_id": "nm8563829", "name": "Anna Ador"}, {"imdb_id": "nm5844875", "name": "Arvinder Bhatti"}, {"imdb_id": "nm6200000", "name": "Mansi Jhingran"}, {"imdb_id": "nm7372243", "name": "Pawan Singh"}]