[{"imdb_id": "nm0222426", "name": "Ajay Devgn"}, {"imdb_id": "nm1328152", "name": "Shriya Saran"}, {"imdb_id": "nm0007102", "name": "Tabu"}, {"imdb_id": "nm0438494", "name": "Rajat Kapoor"}, {"imdb_id": "nm7181900", "name": "Ishita Dutta"}, {"imdb_id": "nm7648609", "name": "Mrunal Jadhav"}, {"imdb_id": "nm1416011", "name": "Prasanna Ketkar"}, {"imdb_id": "nm7648615", "name": "Yogesh Sonam"}, {"imdb_id": "nm5267231", "name": "Prathamesh Parab"}, {"imdb_id": "nm6226780", "name": "Rishab Chadha"}, {"imdb_id": "nm6155321", "name": "Ashish Warang"}, {"imdb_id": "nm5422415", "name": "Anil Nagarkar"}, {"imdb_id": "nm1617236", "name": "Tarun Shukla"}, {"imdb_id": "nm7648629", "name": "Smita Inamdar"}, {"imdb_id": "nm1693210", "name": "Sanjay Bhatia"}, {"imdb_id": "nm6252382", "name": "Mahesh Rale"}, {"imdb_id": "nm7648612", "name": "Ajit Satbhai"}, {"imdb_id": "nm7648613", "name": "Amruta Satbhai"}, {"imdb_id": "nm2961609", "name": "Sharad Bhutadiya"}, {"imdb_id": "nm3474223", "name": "Pradeep Sharma"}, {"imdb_id": "nm7648628", "name": "Jalender Ghagre"}, {"imdb_id": "nm2651231", "name": "Shiva Naik"}, {"imdb_id": "nm7648611", "name": "Vikas Kumar"}, {"imdb_id": "nm7648607", "name": "Anil Rasal"}, {"imdb_id": "nm2259446", "name": "Rakesh Yadav"}, {"imdb_id": "nm5903113", "name": "Sonika Chopra"}, {"imdb_id": "nm7648608", "name": "Haji Karim"}, {"imdb_id": "nm7648614", "name": "Samar Parshuram"}, {"imdb_id": "nm3012107", "name": "Rajesh More"}, {"imdb_id": "nm7648618", "name": "Abhay Khadapkar"}, {"imdb_id": "nm3237860", "name": "Sachin Pathak"}, {"imdb_id": "nm7648619", "name": "Tanik Singh"}, {"imdb_id": "nm7648620", "name": "Kishor Jayakar"}, {"imdb_id": "nm7648624", "name": "Ratnesh Mani"}, {"imdb_id": "nm7648638", "name": "Sarita Singh"}, {"imdb_id": "nm6658208", "name": "Nishta"}, {"imdb_id": "nm0592792", "name": "Manoj Mishra"}, {"imdb_id": "nm7648616", "name": "Tagore Babu"}, {"imdb_id": "nm7641042", "name": "Regidi Venkataramana Naidu"}, {"imdb_id": "nm7648625", "name": "Jayram Behera"}, {"imdb_id": "nm7648634", "name": "Nandkishor"}, {"imdb_id": "nm7648627", "name": "Machhindra Bhaskar"}, {"imdb_id": "nm1306412", "name": "Sailesh"}, {"imdb_id": "nm7648622", "name": "Cyril Colaco"}, {"imdb_id": "nm7648617", "name": "Dilip Angre"}, {"imdb_id": "nm6870727", "name": "Sachin Gujjar"}, {"imdb_id": "nm3174993", "name": "Vipin Kumar Singh"}, {"imdb_id": "nm7648621", "name": "Divya Sresht"}, {"imdb_id": "nm7648623", "name": "Rajkumar Yadav"}, {"imdb_id": "nm7648633", "name": "Satish Trivedi"}, {"imdb_id": "nm1210624", "name": "Manik Rao"}, {"imdb_id": "nm1580398", "name": "Vignesh Shetty"}, {"imdb_id": "nm7648635", "name": "Manoj Mishra"}, {"imdb_id": "nm7648636", "name": "Vibhuti Chamria"}, {"imdb_id": "nm7641041", "name": "Pritesh Shanbhag"}, {"imdb_id": "nm3652908", "name": "Kirti Kolwankar"}, {"imdb_id": "nm7648610", "name": "Divya Babbar"}, {"imdb_id": "nm2054901", "name": "Ashok Beniwal"}, {"imdb_id": "nm7648626", "name": "Arun Sakpal"}, {"imdb_id": "nm7648630", "name": "Satish Deshmukh"}, {"imdb_id": "nm7648631", "name": "Pradeep Dalvi"}, {"imdb_id": "nm7648632", "name": "Anil Rabade"}, {"imdb_id": "nm7355483", "name": "Sandeep Pandey"}, {"imdb_id": "nm7648637", "name": "Lakhan Kachole"}, {"imdb_id": "nm2772753", "name": "Sunil Pawar"}, {"imdb_id": "nm2873331", "name": "Yogesh Joshi"}, {"imdb_id": "nm7648639", "name": "Pankaj"}, {"imdb_id": "nm1002414", "name": "Sanjay Bhatia"}, {"imdb_id": "nm4113243", "name": "Karim Hajee"}, {"imdb_id": "nm7481953", "name": "Himanshu Joshi"}, {"imdb_id": "nm1416918", "name": "Kamlesh Sawant"}, {"imdb_id": "nm1873305", "name": "Yogesh Soman"}]