[{"imdb_id": "nm4028885", "name": "Nivin Pauly"}, {"imdb_id": "nm7367695", "name": "Sai Pallavi"}, {"imdb_id": "nm7371790", "name": "Madonna Sebastian"}, {"imdb_id": "nm5682160", "name": "S.V. Krishna Shankar"}, {"imdb_id": "nm5682173", "name": "Shabareesh Varma"}, {"imdb_id": "nm7322042", "name": "Anupama Parameshwaran"}, {"imdb_id": "nm4265894", "name": "Vinay Forrt"}, {"imdb_id": "nm6229968", "name": "Soubin Shahir"}, {"imdb_id": "nm2936907", "name": "Siju Wilson"}, {"imdb_id": "nm7898729", "name": "Ananth Nag"}, {"imdb_id": "nm7837226", "name": "Sharafudheen"}, {"imdb_id": "nm3440031", "name": "Dinesh Nair"}, {"imdb_id": "nm6272974", "name": "Jude Anthany Joseph"}, {"imdb_id": "nm6120331", "name": "Franko Davis"}, {"imdb_id": "nm6786628", "name": "Justin John"}, {"imdb_id": "nm7898733", "name": "Jayashankar"}, {"imdb_id": "nm7371792", "name": "Rinsa Jacob"}, {"imdb_id": "nm7371796", "name": "Vimal Kumar"}, {"imdb_id": "nm7898727", "name": "George Kora"}, {"imdb_id": "nm7898730", "name": "Alwin Antony"}, {"imdb_id": "nm7898728", "name": "Faisal C.M."}, {"imdb_id": "nm7898725", "name": "Jayesh"}, {"imdb_id": "nm7371794", "name": "Manek Jose"}, {"imdb_id": "nm7898720", "name": "Shiyas K.A."}, {"imdb_id": "nm4527995", "name": "Vinod Kovoor"}, {"imdb_id": "nm5682275", "name": "Anju Kurian"}, {"imdb_id": "nm6039289", "name": "Antony Thomas Mangaly"}, {"imdb_id": "nm7898721", "name": "Maju Mathew"}, {"imdb_id": "nm5682221", "name": "Deepak Nathan"}, {"imdb_id": "nm1001625", "name": "Renji Panicker"}, {"imdb_id": "nm7898732", "name": "Hormis Paulachan"}, {"imdb_id": "nm7371791", "name": "Eva Prakash"}, {"imdb_id": "nm4737195", "name": "Alphonse Puthren"}, {"imdb_id": "nm7371797", "name": "Aishwarya Raghavan"}, {"imdb_id": "nm0683477", "name": "Maniyanpilla Raju"}, {"imdb_id": "nm7898731", "name": "George P. Roy"}, {"imdb_id": "nm7371793", "name": "Zuhair Sait"}, {"imdb_id": "nm7898723", "name": "Althaf Salim"}, {"imdb_id": "nm2961541", "name": "Samarth"}, {"imdb_id": "nm7898726", "name": "Sooraj K. Sathyan"}, {"imdb_id": "nm7898724", "name": "Vijai Suresh"}, {"imdb_id": "nm7898722", "name": "Sibu Thankachan"}, {"imdb_id": "nm7371795", "name": "Sandeep Varma"}, {"imdb_id": "nm6039287", "name": "Odukkathil Viswajith"}]