[{"imdb_id": "nm3190246", "name": "Richa Chadha"}, {"imdb_id": "nm0592799", "name": "Sanjay Mishra"}, {"imdb_id": "nm5817249", "name": "Vicky Kaushal"}, {"imdb_id": "nm2690647", "name": "Pankaj Tripathi"}, {"imdb_id": "nm0474911", "name": "Vineet Kumar"}, {"imdb_id": "nm4443443", "name": "Bhagwan Tiwari"}, {"imdb_id": "nm2099797", "name": "Singh Bhupesh"}, {"imdb_id": "nm7307633", "name": "Satya Kam Anand"}, {"imdb_id": "nm7436733", "name": "Saurabh Chadhary"}, {"imdb_id": "nm7436772", "name": "Mohit Abrol"}, {"imdb_id": "nm0012870", "name": "Deepak Agarwal"}, {"imdb_id": "nm7436763", "name": "Harsh Agarwal"}, {"imdb_id": "nm7436762", "name": "Manish Agrahari"}, {"imdb_id": "nm7436775", "name": "Jamal Ahmad"}, {"imdb_id": "nm7436765", "name": "Ana"}, {"imdb_id": "nm7436767", "name": "Aalok Bhat"}, {"imdb_id": "nm7436743", "name": "Amitabh Bhattacharya"}, {"imdb_id": "nm7436747", "name": "Shreedhar Dubey"}, {"imdb_id": "nm7436746", "name": "H.S. Dwivedi"}, {"imdb_id": "nm7436764", "name": "Akash Gupta"}, {"imdb_id": "nm7436754", "name": "Gopal Gurjar"}, {"imdb_id": "nm7436778", "name": "Jyotilal"}, {"imdb_id": "nm7436748", "name": "Shiva Kaushal"}, {"imdb_id": "nm2134187", "name": "Ram Lakhan"}, {"imdb_id": "nm7436774", "name": "Ambar Mishra"}, {"imdb_id": "nm7436736", "name": "Tilak Rai Mishra"}, {"imdb_id": "nm7436742", "name": "Anoop Motilal"}, {"imdb_id": "nm7436738", "name": "Vineeta Motilal"}, {"imdb_id": "nm7436753", "name": "Munnalal"}, {"imdb_id": "nm7436769", "name": "Anoop Pandey"}, {"imdb_id": "nm7436773", "name": "Brij Kumar Pandey"}, {"imdb_id": "nm7436766", "name": "Dinesh Pandey"}, {"imdb_id": "nm7436771", "name": "Manjari Pandey"}, {"imdb_id": "nm7436768", "name": "Saroj Kumar Pandey"}, {"imdb_id": "nm7436759", "name": "Kapil Muni Pankaj"}, {"imdb_id": "nm7436761", "name": "Utpal Pathak"}, {"imdb_id": "nm7436757", "name": "Vaishali Paudyal"}, {"imdb_id": "nm7436777", "name": "Asha Rai"}, {"imdb_id": "nm7436737", "name": "Priyanka Rai"}, {"imdb_id": "nm5526493", "name": "Aditya Raina"}, {"imdb_id": "nm7289740", "name": "Niharica Raizada"}, {"imdb_id": "nm7436744", "name": "Utkarsh Raman"}, {"imdb_id": "nm7436734", "name": "Harry Rice"}, {"imdb_id": "nm7296405", "name": "Nikhil Sahni"}, {"imdb_id": "nm7436752", "name": "Raja Sahni"}, {"imdb_id": "nm7436750", "name": "Sunny Sahni"}, {"imdb_id": "nm7436751", "name": "Vishal Sahni"}, {"imdb_id": "nm7436760", "name": "Santosh"}, {"imdb_id": "nm7436776", "name": "Ahmed Shariq"}, {"imdb_id": "nm7436749", "name": "Abhishek Sharma"}, {"imdb_id": "nm7436758", "name": "Archita Sharma"}, {"imdb_id": "nm7436739", "name": "Bineeta Sharma"}, {"imdb_id": "nm7436740", "name": "Vijay Prakash Shrivastav"}, {"imdb_id": "nm7436755", "name": "Gyaneshwar Shukla"}, {"imdb_id": "nm7436735", "name": "Anand Singh"}, {"imdb_id": "nm7182030", "name": "Aditya Sinha"}, {"imdb_id": "nm3845258", "name": "Anand Sinha"}, {"imdb_id": "nm7436741", "name": "Pushkar Tripathi"}, {"imdb_id": "nm7436770", "name": "Rajit Shankar Tripathi"}, {"imdb_id": "nm4975360", "name": "Shweta Tripathi"}, {"imdb_id": "nm2124001", "name": "J.P. Verma"}, {"imdb_id": "nm7436745", "name": "Pappu Vishwakarma"}, {"imdb_id": "nm7436756", "name": "Deepak Yadav"}]