[{"imdb_id": "nm1659141", "name": "Prabhas"}, {"imdb_id": "nm2281292", "name": "Rana Daggubati"}, {"imdb_id": "nm2011932", "name": "Anushka Shetty"}, {"imdb_id": "nm0766470", "name": "Sathyaraj"}, {"imdb_id": "nm0471447", "name": "Ramya Krishnan"}, {"imdb_id": "nm1961459", "name": "Tamannaah Bhatia"}, {"imdb_id": "nm0621937", "name": "Nassar"}, {"imdb_id": "nm1759615", "name": "Subbaraju"}, {"imdb_id": "nm5639197", "name": "Meka Rama Krishna"}, {"imdb_id": "nm0080238", "name": "Tanikella Bharani"}, {"imdb_id": "nm2821544", "name": "Sharad Kelkar"}, {"imdb_id": "nm9056656", "name": "Aashish Maske"}, {"imdb_id": "nm6303649", "name": "Ramakrishna Meka"}, {"imdb_id": "nm7319988", "name": "Prabhakar"}, {"imdb_id": "nm9637391", "name": "Venkat Prasad"}, {"imdb_id": "nm3760044", "name": "Prudhviraj"}, {"imdb_id": "nm1094188", "name": "Rohini"}, {"imdb_id": "nm9061357", "name": "Shatru"}, {"imdb_id": "nm8389176", "name": "Charandeep Surneni"}, {"imdb_id": "nm7568378", "name": "Subramanyam Varma"}, {"imdb_id": "nm6004604", "name": "Rakesh Varre"}, {"imdb_id": "nm9285353", "name": "Ashrita Vemuganti"}]