[{"imdb_id": "nm1335704", "name": "Fahadh Faasil"}, {"imdb_id": "nm7936195", "name": "Aparna Balamurali"}, {"imdb_id": "nm6229968", "name": "Soubin Shahir"}, {"imdb_id": "nm4425773", "name": "Alencier Ley Lopez"}, {"imdb_id": "nm5573564", "name": "Anusree"}, {"imdb_id": "nm7934648", "name": "Antony Kochi"}, {"imdb_id": "nm4584004", "name": "Dileesh Pothan"}, {"imdb_id": "nm6509368", "name": "Achuthanandan"}, {"imdb_id": "nm7936197", "name": "Leena Antony"}, {"imdb_id": "nm3154399", "name": "Jaffer Idukki"}, {"imdb_id": "nm7898733", "name": "Jayashankar"}, {"imdb_id": "nm7934649", "name": "Lijo Mol Jose"}, {"imdb_id": "nm8282140", "name": "Vijilesh Karayad"}, {"imdb_id": "nm9045614", "name": "Rajesh Madhavan"}, {"imdb_id": "nm9759900", "name": "S.K. Mini"}, {"imdb_id": "nm1092315", "name": "Harish Pengan"}, {"imdb_id": "nm9045615", "name": "Unnimaya Prasad"}, {"imdb_id": "nm1014795", "name": "Shiny T. Rajan"}, {"imdb_id": "nm7936196", "name": "Sujith Sankar"}, {"imdb_id": "nm8223791", "name": "Manju Sunichen"}, {"imdb_id": "nm3617629", "name": "Baiju V.K."}]