[{"imdb_id": "nm1865947", "name": "Jayam Ravi"}, {"imdb_id": "nm0841552", "name": "Arvind Swamy"}, {"imdb_id": "nm1521381", "name": "Nayanthara"}, {"imdb_id": "nm0621937", "name": "Nassar"}, {"imdb_id": "nm3443674", "name": "Ganesh Venkatraman"}, {"imdb_id": "nm4446366", "name": "Thambi Ramaiah"}, {"imdb_id": "nm2585918", "name": "Mugdha Godse"}, {"imdb_id": "nm5115608", "name": "Vamsi Krishna"}, {"imdb_id": "nm6649988", "name": "Harish Uthaman"}, {"imdb_id": "nm4367941", "name": "Sricharan"}, {"imdb_id": "nm4383118", "name": "Rahul Madhav"}, {"imdb_id": "nm4572244", "name": "Abhinaya"}, {"imdb_id": "nm4031719", "name": "Nagineedu"}, {"imdb_id": "nm1517903", "name": "Anil Murali"}, {"imdb_id": "nm6780152", "name": "V. Madhusudhan Rao"}, {"imdb_id": "nm1955570", "name": "Saiju Kurup"}, {"imdb_id": "nm5242543", "name": "Sanjana Singh"}, {"imdb_id": "nm1957308", "name": "V. Jayaprakash"}, {"imdb_id": "nm1687033", "name": "Junior Balaiya"}, {"imdb_id": "nm1560660", "name": "Sriranjani"}, {"imdb_id": "nm5114640", "name": "Maha Gandhi"}, {"imdb_id": "nm5366647", "name": "Sharad K.R.G."}, {"imdb_id": "nm6132568", "name": "Markus Waldow"}, {"imdb_id": "nm8461320", "name": "Dr. Kingmoohan"}]