[{"imdb_id": "nm0451234", "name": "Irrfan Khan"}, {"imdb_id": "nm1234298", "name": "Konkona Sen Sharma"}, {"imdb_id": "nm4173131", "name": "Neeraj Kabi"}, {"imdb_id": "nm3630374", "name": "Sohum Shah"}, {"imdb_id": "nm5111948", "name": "Atul Kumar"}, {"imdb_id": "nm0710549", "name": "Gajraj Rao"}, {"imdb_id": "nm5787869", "name": "Prakash Belawadi"}, {"imdb_id": "nm0788918", "name": "Shishir Sharma"}, {"imdb_id": "nm3126451", "name": "Sakshi Bhatia"}, {"imdb_id": "nm6633565", "name": "Purnendu Bhattacharya"}, {"imdb_id": "nm8784315", "name": "Vijay Kumar Dogra"}, {"imdb_id": "nm3966365", "name": "Sumit Gulati"}, {"imdb_id": "nm9541655", "name": "Vipin Katyal"}, {"imdb_id": "nm7191143", "name": "Kiran Khoje"}, {"imdb_id": "nm1334645", "name": "Abhijit Lahiri"}, {"imdb_id": "nm4146889", "name": "Somen Mishra"}, {"imdb_id": "nm7629944", "name": "Alisha Parveen"}, {"imdb_id": "nm1221483", "name": "Pramod Pathak"}, {"imdb_id": "nm6886327", "name": "Kundan Roy"}, {"imdb_id": "nm2558745", "name": "Charu Shankar"}, {"imdb_id": "nm3546549", "name": "Jaspal Sharma"}, {"imdb_id": "nm6501914", "name": "Neyha Sharma"}, {"imdb_id": "nm7814589", "name": "Raj Sharma"}, {"imdb_id": "nm7815992", "name": "Raj Sharma"}, {"imdb_id": "nm9171656", "name": "Raj Sharma"}, {"imdb_id": "nm9776531", "name": "Sandeep Shridhar"}, {"imdb_id": "nm0007102", "name": "Tabu"}, {"imdb_id": "nm3465006", "name": "Chittaranjan Tripathy"}]