[{"imdb_id": "nm1421814", "name": "Suriya"}, {"imdb_id": "nm3606487", "name": "Samantha Ruth Prabhu"}, {"imdb_id": "nm3383930", "name": "Nithya Menon"}, {"imdb_id": "nm0764853", "name": "Saranya Ponvannan"}, {"imdb_id": "nm2496992", "name": "Ajay"}, {"imdb_id": "nm0439784", "name": "Girish Karnad"}, {"imdb_id": "nm3561501", "name": "Sathyan"}, {"imdb_id": "nm1352754", "name": "Mohan Ram"}, {"imdb_id": "nm1706602", "name": "Charlie"}, {"imdb_id": "nm4474201", "name": "Appukutty"}, {"imdb_id": "nm6678944", "name": "Sudha"}, {"imdb_id": "nm6997072", "name": "Natarajan Balkrishna"}, {"imdb_id": "nm7487782", "name": "Caroline Koziol"}, {"imdb_id": "nm1042670", "name": "Manngala Radhakrishnan"}, {"imdb_id": "nm7822396", "name": "Advaith Ramkumar"}, {"imdb_id": "nm8533214", "name": "Harsha Vardhan"}]