[{"imdb_id": "nm5625923", "name": "Dinesh"}, {"imdb_id": "nm2284321", "name": "Samuthirakani"}, {"imdb_id": "nm6695317", "name": "Anandhi"}, {"imdb_id": "nm4820548", "name": "Murugadass"}, {"imdb_id": "nm3132784", "name": "Kishore Kumar G."}, {"imdb_id": "nm4367928", "name": "Misha Ghoshal"}, {"imdb_id": "nm7575312", "name": "Raj Pradeesh"}, {"imdb_id": "nm4886752", "name": "Ajay Ghosh"}, {"imdb_id": "nm6388679", "name": "E. Ramdoss"}, {"imdb_id": "nm1909060", "name": "Alwa Vasu"}, {"imdb_id": "nm7379019", "name": "Munnar Ramesh"}, {"imdb_id": "nm7959113", "name": "Dhaya Senthil"}, {"imdb_id": "nm7096616", "name": "Saravana Subbiah"}, {"imdb_id": "nm7959114", "name": "Muthukumar"}, {"imdb_id": "nm7959115", "name": "Cheran Raj"}, {"imdb_id": "nm7959116", "name": "Silambarasan Rathnasamy"}]