[{"imdb_id": "nm3289096", "name": "Sidharth Malhotra"}, {"imdb_id": "nm2717565", "name": "Fawad Khan"}, {"imdb_id": "nm1017633", "name": "Alia Bhatt"}, {"imdb_id": "nm0438494", "name": "Rajat Kapoor"}, {"imdb_id": "nm0438501", "name": "Rishi Kapoor"}, {"imdb_id": "nm0643349", "name": "Anahita Oberoi"}, {"imdb_id": "nm1796215", "name": "Vikram Kapadia"}, {"imdb_id": "nm7995970", "name": "Pradeep Pradhan"}, {"imdb_id": "nm7922607", "name": "Fahim Shaikh"}, {"imdb_id": "nm6955746", "name": "Niti Apurva Patel"}, {"imdb_id": "nm7995971", "name": "Aalekh Kapoor"}, {"imdb_id": "nm5794928", "name": "Sukant Goel"}, {"imdb_id": "nm0665550", "name": "Ratna Pathak Shah"}, {"imdb_id": "nm6630256", "name": "Aditya Gunavanthe"}, {"imdb_id": "nm8624077", "name": "Rahul Arjun Adsul"}, {"imdb_id": "nm8624074", "name": "Carlos Augusto Tavares Canhisares"}, {"imdb_id": "nm1689533", "name": "Anuradha Chandan"}, {"imdb_id": "nm5474665", "name": "Aakriti Dobhal"}, {"imdb_id": "nm8624073", "name": "Elena Roxana Maria Fernandes"}, {"imdb_id": "nm8624070", "name": "Justin"}, {"imdb_id": "nm5603798", "name": "Arbaaz Kadwani"}, {"imdb_id": "nm8624072", "name": "Rupa Kamath"}, {"imdb_id": "nm8624069", "name": "Sanjay Kanojiya"}, {"imdb_id": "nm8602109", "name": "Narendra Khatri"}, {"imdb_id": "nm3469020", "name": "Sonam Nair"}, {"imdb_id": "nm8624065", "name": "Burjor Patel"}, {"imdb_id": "nm8624075", "name": "Olena Paul"}, {"imdb_id": "nm8624064", "name": "Pradeep"}, {"imdb_id": "nm8624078", "name": "Raju"}, {"imdb_id": "nm8624076", "name": "Promod Rampal"}, {"imdb_id": "nm8624066", "name": "Chandrajit Ranavde"}, {"imdb_id": "nm8624062", "name": "Faheem Shaikh"}, {"imdb_id": "nm8023097", "name": "Muskan Khanna Sharan"}, {"imdb_id": "nm8479983", "name": "Arya Sharma"}, {"imdb_id": "nm4433984", "name": "Amarjeet Singh"}, {"imdb_id": "nm8624067", "name": "Amarjeet Singh"}, {"imdb_id": "nm8624071", "name": "Ram Singh"}, {"imdb_id": "nm4535968", "name": "Edward Sonnenblick"}, {"imdb_id": "nm8624068", "name": "Sulekshna"}, {"imdb_id": "nm8428129", "name": "Gary John Tantony"}]