[{"imdb_id": "nm4921260", "name": "Dulquer Salmaan"}, {"imdb_id": "nm2527173", "name": "Parvathy Thiruvothu"}, {"imdb_id": "nm5732706", "name": "Aparna Gopinath"}, {"imdb_id": "nm0893449", "name": "Nedumudi Venu"}, {"imdb_id": "nm5732707", "name": "Tovino Thomas"}, {"imdb_id": "nm0663967", "name": "Seetha"}, {"imdb_id": "nm6229968", "name": "Soubin Shahir"}, {"imdb_id": "nm0433884", "name": "K.P.A.C. Lalitha"}, {"imdb_id": "nm5584853", "name": "Chemban Vinod Jose"}, {"imdb_id": "nm1427780", "name": "Kalpana"}, {"imdb_id": "nm1548005", "name": "P. Balachandran"}, {"imdb_id": "nm6788941", "name": "Shereej K. Basheer"}, {"imdb_id": "nm5663832", "name": "Molly Kannamaly"}, {"imdb_id": "nm6697626", "name": "Neeraj Madhav"}, {"imdb_id": "nm0558593", "name": "Joy Mathew"}, {"imdb_id": "nm6428707", "name": "Minon"}, {"imdb_id": "nm0621937", "name": "Nassar"}, {"imdb_id": "nm4915723", "name": "Omana Ouseph"}, {"imdb_id": "nm1001625", "name": "Renji Panicker"}, {"imdb_id": "nm3542089", "name": "Ramesh Pisharody"}, {"imdb_id": "nm8808451", "name": "Kannan Sagar"}, {"imdb_id": "nm4331023", "name": "Rajesh Sharma"}, {"imdb_id": "nm4584689", "name": "Sunil Sukhada"}, {"imdb_id": "nm4538068", "name": "Surjith"}, {"imdb_id": "nm3646658", "name": "Jayaraj Warrier"}]