[{"imdb_id": "nm0451148", "name": "Aamir Khan"}, {"imdb_id": "nm0760778", "name": "Fatima Sana Shaikh"}, {"imdb_id": "nm7621667", "name": "Sanya Malhotra"}, {"imdb_id": "nm2799219", "name": "Sakshi Tanwar"}, {"imdb_id": "nm6269780", "name": "Aparshakti Khurana"}, {"imdb_id": "nm7621668", "name": "Zaira Wasim"}, {"imdb_id": "nm7621669", "name": "Suhani Bhatnagar"}, {"imdb_id": "nm5057209", "name": "Ritvik Sahore"}, {"imdb_id": "nm2971390", "name": "Girish Kulkarni"}, {"imdb_id": "nm8624891", "name": "Ravi Aneja"}, {"imdb_id": "nm3189957", "name": "Anurag Arora"}, {"imdb_id": "nm5129212", "name": "Mahesh Balraj"}, {"imdb_id": "nm1875257", "name": "Vivan Bhatena"}, {"imdb_id": "nm8664806", "name": "Anmol Charan"}, {"imdb_id": "nm7998145", "name": "Karamveer Choudhary"}, {"imdb_id": "nm7206816", "name": "Ishika Gagneja"}, {"imdb_id": "nm3943087", "name": "Badrul Islam"}, {"imdb_id": "nm6492684", "name": "Jagbir"}, {"imdb_id": "nm8828747", "name": "Olamilekan Akanbi Jason"}, {"imdb_id": "nm8669105", "name": "Hafiz Khan"}, {"imdb_id": "nm2009799", "name": "Sumit Khanna"}, {"imdb_id": "nm8662659", "name": "Meenu Prajapati"}, {"imdb_id": "nm9360449", "name": "Ansh Rathore"}, {"imdb_id": "nm0788918", "name": "Shishir Sharma"}, {"imdb_id": "nm5317125", "name": "Gurpreet Toti"}]