[{"imdb_id": "nm2128238", "name": "Sonam Kapoor"}, {"imdb_id": "nm0000818", "name": "Shabana Azmi"}, {"imdb_id": "nm0863171", "name": "Yogendra Tiku"}, {"imdb_id": "nm5228901", "name": "Abrar Zahoor"}, {"imdb_id": "nm6845061", "name": "Jim Sarbh"}, {"imdb_id": "nm7943002", "name": "Ali Baldiwala"}, {"imdb_id": "nm7943138", "name": "Vikrant Singta"}, {"imdb_id": "nm3124376", "name": "Parthaa Akerkar"}, {"imdb_id": "nm7136212", "name": "Madhu Anand Chandhock"}, {"imdb_id": "nm7805689", "name": "Kirti Adarkar"}, {"imdb_id": "nm5854811", "name": "Hayder Ali"}, {"imdb_id": "nm8173733", "name": "Arjun Aneja"}, {"imdb_id": "nm9377852", "name": "Yugesh Anil"}, {"imdb_id": "nm7937405", "name": "Bobby Arora"}, {"imdb_id": "nm7939205", "name": "Rohit Assija"}, {"imdb_id": "nm3424525", "name": "Sabreen Baker"}, {"imdb_id": "nm8087595", "name": "Freny Bhagat"}, {"imdb_id": "nm8314083", "name": "Shashi Bhushan"}, {"imdb_id": "nm7939206", "name": "Sonal Paresh Borkhatariya"}, {"imdb_id": "nm7969187", "name": "Dolly Bose"}, {"imdb_id": "nm7939189", "name": "Rajan Chhabra"}, {"imdb_id": "nm6269777", "name": "Eisha Chopra"}, {"imdb_id": "nm7939191", "name": "Pankaj Chouhan"}, {"imdb_id": "nm8657371", "name": "Parimal Desai"}, {"imdb_id": "nm2240997", "name": "Prashantt Guptha"}, {"imdb_id": "nm7939208", "name": "Jenice"}, {"imdb_id": "nm8314085", "name": "Meghana Kaushik"}, {"imdb_id": "nm7969190", "name": "Farrah Khan"}, {"imdb_id": "nm7491972", "name": "Waqar Khan"}, {"imdb_id": "nm4549072", "name": "Anjali Khurana"}, {"imdb_id": "nm7939207", "name": "Alex Kozyrev"}, {"imdb_id": "nm7969189", "name": "Svetlana Kurochkina"}, {"imdb_id": "nm8340421", "name": "Amit Lekhwani"}, {"imdb_id": "nm7971468", "name": "Arnold Malek"}, {"imdb_id": "nm7939201", "name": "Farzana Memon"}, {"imdb_id": "nm7978577", "name": "Khushnam Mistry"}, {"imdb_id": "nm8738703", "name": "Arush Nand"}, {"imdb_id": "nm7745794", "name": "Sadh Orhan"}, {"imdb_id": "nm7939187", "name": "Deepali Pandya"}, {"imdb_id": "nm7939190", "name": "Tiya Pandya"}, {"imdb_id": "nm7939188", "name": "Yashvi Pandya"}, {"imdb_id": "nm7939195", "name": "Shashank Qazi"}, {"imdb_id": "nm7939203", "name": "Imran Qureshi"}, {"imdb_id": "nm7939209", "name": "Aarush Rana"}, {"imdb_id": "nm7939266", "name": "Neelam Rana"}, {"imdb_id": "nm7939202", "name": "Parveen Rangwala"}, {"imdb_id": "nm1243731", "name": "Shekhar Ravjiani"}, {"imdb_id": "nm7939192", "name": "Divya Roy"}, {"imdb_id": "nm6582227", "name": "Nikhil Sangha"}, {"imdb_id": "nm8738711", "name": "Dishita Sehgal"}, {"imdb_id": "nm3578888", "name": "Deepak Shah"}, {"imdb_id": "nm7939193", "name": "Preeti Sharma"}, {"imdb_id": "nm8265401", "name": "Akshit Shetty"}, {"imdb_id": "nm7492530", "name": "Vishvendra Singh"}, {"imdb_id": "nm7567256", "name": "Poonam Sirnaik"}, {"imdb_id": "nm4535968", "name": "Edward Sonnenblick"}, {"imdb_id": "nm9061170", "name": "Tomer Suraj"}, {"imdb_id": "nm7939194", "name": "Kartik Thakkar"}, {"imdb_id": "nm7969188", "name": "Valery Tretyak"}, {"imdb_id": "nm3484693", "name": "Sushil Tyagi"}, {"imdb_id": "nm8723955", "name": "Andy von Eich"}, {"imdb_id": "nm8314084", "name": "Sunanda Wong"}, {"imdb_id": "nm7735662", "name": "Ayn Zoya"}]