[{"imdb_id": "nm8107386", "name": "Rinku Rajguru"}, {"imdb_id": "nm8107387", "name": "Akash Thosar"}, {"imdb_id": "nm8119363", "name": "Arbaz Shaikh"}, {"imdb_id": "nm8119362", "name": "Tanaji Galgunde"}, {"imdb_id": "nm2286554", "name": "Suresh Vishwakarma"}, {"imdb_id": "nm5687566", "name": "Suraj Pawar"}, {"imdb_id": "nm8137626", "name": "Anuja Mule"}, {"imdb_id": "nm6030666", "name": "Bhushan Manjule"}, {"imdb_id": "nm3777127", "name": "Chhaya Kadam"}, {"imdb_id": "nm8137627", "name": "Rubina Inamdar"}, {"imdb_id": "nm5616219", "name": "Nagraj Manjule"}, {"imdb_id": "nm8132205", "name": "Shivam More"}, {"imdb_id": "nm7847252", "name": "Mithunchandra Chaudhari"}, {"imdb_id": "nm8137629", "name": "Geeta Chavan"}, {"imdb_id": "nm8137628", "name": "Dhananjay Nanaware"}, {"imdb_id": "nm8455536", "name": "Vaibhavi Pardeshi"}, {"imdb_id": "nm1533122", "name": "Jyoti Subhash"}, {"imdb_id": "nm8041285", "name": "Sambhaji Tangde"}, {"imdb_id": "nm5283979", "name": "Aditya Yadav"}]