[{"imdb_id": "nm0534856", "name": "Madhavan"}, {"imdb_id": "nm3277309", "name": "Ritika Singh"}, {"imdb_id": "nm3376284", "name": "Mumtaz Sorcar"}, {"imdb_id": "nm0621937", "name": "Nassar"}, {"imdb_id": "nm1099597", "name": "Radha Ravi"}, {"imdb_id": "nm1664541", "name": "Zakir Hussain"}, {"imdb_id": "nm6106360", "name": "Kaali Venkat"}, {"imdb_id": "nm5201771", "name": "Baljinder Kaur"}, {"imdb_id": "nm8173645", "name": "Bipin"}, {"imdb_id": "nm8043698", "name": "Olympic Devarajan"}, {"imdb_id": "nm8260840", "name": "Zakir Hussain"}, {"imdb_id": "nm3390124", "name": "Talib Mehdi"}, {"imdb_id": "nm0706954", "name": "M.K. Raina"}, {"imdb_id": "nm9988016", "name": "Ashiqa Salvan"}, {"imdb_id": "nm9171656", "name": "Raj Sharma"}, {"imdb_id": "nm9988018", "name": "Ravindra Vijay"}]