[{"imdb_id": "nm3966456", "name": "Taapsee Pannu"}, {"imdb_id": "nm0000821", "name": "Amitabh Bachchan"}, {"imdb_id": "nm4112854", "name": "Kirti Kulhari"}, {"imdb_id": "nm8019376", "name": "Andrea Tariang"}, {"imdb_id": "nm0592795", "name": "Piyush Mishra"}, {"imdb_id": "nm1979275", "name": "Angad Bedi"}, {"imdb_id": "nm1994146", "name": "Vijay Varma"}, {"imdb_id": "nm3883134", "name": "Raashul Tandon"}, {"imdb_id": "nm7517010", "name": "Tushar Pandey"}, {"imdb_id": "nm0154122", "name": "Dhritiman Chatterjee"}, {"imdb_id": "nm0788164", "name": "Mamata Shankar"}, {"imdb_id": "nm5645491", "name": "Amit Baisoya"}, {"imdb_id": "nm7507760", "name": "S.K. Batra"}, {"imdb_id": "nm8349000", "name": "Prashant Bhagia"}, {"imdb_id": "nm5448327", "name": "Arjun Chakraborty"}, {"imdb_id": "nm6509792", "name": "Alka Chatwal"}, {"imdb_id": "nm5440206", "name": "Sushil Dahiya"}, {"imdb_id": "nm8464449", "name": "Sudhanva Deshpande"}, {"imdb_id": "nm5000540", "name": "Swaroopa Ghosh"}, {"imdb_id": "nm8464453", "name": "Johar Kango"}, {"imdb_id": "nm8464452", "name": "Rita Kapoor"}, {"imdb_id": "nm8464450", "name": "Radha Khandelwal"}, {"imdb_id": "nm3999011", "name": "Pawan Mahendru"}, {"imdb_id": "nm8674661", "name": "Mamta Malik"}, {"imdb_id": "nm1030318", "name": "Jogi Mallang"}, {"imdb_id": "nm8464454", "name": "Sakshi Mehta"}, {"imdb_id": "nm0619405", "name": "Vinod Nagpal"}, {"imdb_id": "nm4718094", "name": "R. Pandey"}, {"imdb_id": "nm8464455", "name": "Arun Poorie"}, {"imdb_id": "nm1639099", "name": "Vinod Rai"}, {"imdb_id": "nm1937760", "name": "Ritesh Shah"}, {"imdb_id": "nm8464451", "name": "Savita Sharma"}]