[{"imdb_id": "nm1596350", "name": "Nawazuddin Siddiqui"}, {"imdb_id": "nm5817249", "name": "Vicky Kaushal"}, {"imdb_id": "nm8179407", "name": "Sobhita Dhulipala"}, {"imdb_id": "nm2535507", "name": "Mukesh Chhabra"}, {"imdb_id": "nm7711481", "name": "Anuschka Sawhney"}, {"imdb_id": "nm1479650", "name": "Vipin Sharma"}, {"imdb_id": "nm8272198", "name": "Deepali Suryakant Badekar"}, {"imdb_id": "nm1596214", "name": "Ashok Lokhande"}, {"imdb_id": "nm6582235", "name": "Harssh Singh"}, {"imdb_id": "nm1616785", "name": "Rajesh Jais"}, {"imdb_id": "nm8272199", "name": "Hitesh Dave"}, {"imdb_id": "nm8413822", "name": "Vikash Bajpayee"}, {"imdb_id": "nm1275009", "name": "Donald Burman"}, {"imdb_id": "nm8413826", "name": "Bikram Chetti"}, {"imdb_id": "nm8413820", "name": "Mohammad Farookh"}, {"imdb_id": "nm1857165", "name": "Aman Gill"}, {"imdb_id": "nm2093619", "name": "Pawan Gill"}, {"imdb_id": "nm8413825", "name": "Chirag Gupta"}, {"imdb_id": "nm2715305", "name": "Murari Kumar"}, {"imdb_id": "nm8413828", "name": "Devina Medda"}, {"imdb_id": "nm3221149", "name": "Sona Mohapatra"}, {"imdb_id": "nm8413821", "name": "Rhea Pagar"}, {"imdb_id": "nm8413827", "name": "Kalidas Parthitan"}, {"imdb_id": "nm5406255", "name": "Anik Ram Verma"}, {"imdb_id": "nm6601662", "name": "Robin Rebello"}, {"imdb_id": "nm1576284", "name": "Amruta Subhash"}, {"imdb_id": "nm8413823", "name": "Saksham Sudhija"}, {"imdb_id": "nm8413824", "name": "Hirabai Tambe"}]