[{"imdb_id": "nm0451234", "name": "Irrfan Khan"}, {"imdb_id": "nm3884476", "name": "Saba Qamar"}, {"imdb_id": "nm8738711", "name": "Dishita Sehgal"}, {"imdb_id": "nm1795232", "name": "Deepak Dobriyal"}, {"imdb_id": "nm6372501", "name": "Swati Das"}, {"imdb_id": "nm0802080", "name": "Amrita Singh"}, {"imdb_id": "nm3966365", "name": "Sumit Gulati"}, {"imdb_id": "nm9110962", "name": "Angshuman Nandi"}, {"imdb_id": "nm1226448", "name": "Neha Dhupia"}, {"imdb_id": "nm9110942", "name": "Sahani"}, {"imdb_id": "nm9110948", "name": "Arha Mahajan"}, {"imdb_id": "nm9110952", "name": "Shiva Kumar"}, {"imdb_id": "nm9110937", "name": "Sachin Kumar"}, {"imdb_id": "nm7191143", "name": "Kiran Khoje"}, {"imdb_id": "nm9110950", "name": "Pammi Khanna"}, {"imdb_id": "nm9110959", "name": "Kalpana Jha"}, {"imdb_id": "nm0348491", "name": "Rajiv Gupta"}, {"imdb_id": "nm9110943", "name": "Ashima Gulati"}, {"imdb_id": "nm9110951", "name": "Shyam Gopal"}, {"imdb_id": "nm9006247", "name": "Angad Dev Dogra"}, {"imdb_id": "nm8784315", "name": "Vijay Kumar Dogra"}, {"imdb_id": "nm8647738", "name": "Mallika Dua"}, {"imdb_id": "nm6501790", "name": "Ram Naresh Diwakar"}, {"imdb_id": "nm9110960", "name": "Chetna Diwakar"}, {"imdb_id": "nm2861159", "name": "Mehboob Ali"}, {"imdb_id": "nm9110970", "name": "Aarti"}, {"imdb_id": "nm9110954", "name": "Arora"}, {"imdb_id": "nm3189957", "name": "Anurag Arora"}, {"imdb_id": "nm9110953", "name": "Deepak Arora"}, {"imdb_id": "nm4788055", "name": "Taran Bajaj"}, {"imdb_id": "nm9110944", "name": "Rahul Batra"}, {"imdb_id": "nm7507760", "name": "S.K. Batra"}, {"imdb_id": "nm9110947", "name": "Rajat Budhiraja"}, {"imdb_id": "nm9110949", "name": "Parth Dhamija"}, {"imdb_id": "nm1402282", "name": "Rajeev Gupta"}, {"imdb_id": "nm4200637", "name": "Delzad Hiwale"}, {"imdb_id": "nm9110956", "name": "Ankur Jain"}, {"imdb_id": "nm9110941", "name": "Jason"}, {"imdb_id": "nm6946196", "name": "Vishal Jehtwa"}, {"imdb_id": "nm4488086", "name": "Kulbir Kaur"}, {"imdb_id": "nm1572643", "name": "Neelu Kohli"}, {"imdb_id": "nm9110972", "name": "Krishna Kumar"}, {"imdb_id": "nm4044356", "name": "Narendra Nagar"}, {"imdb_id": "nm9110963", "name": "Nikki"}, {"imdb_id": "nm1588618", "name": "Govind Pandey"}, {"imdb_id": "nm3557374", "name": "Sushil Parwana"}, {"imdb_id": "nm1993614", "name": "Rachna"}, {"imdb_id": "nm5570209", "name": "Fasih Safwi"}, {"imdb_id": "nm4742885", "name": "Sandeep Sanchdev"}, {"imdb_id": "nm4880714", "name": "Sanjana Sanghi"}, {"imdb_id": "nm2558745", "name": "Charu Shankar"}, {"imdb_id": "nm3546549", "name": "Jaspal Sharma"}, {"imdb_id": "nm9110957", "name": "Khusboo Sharma"}, {"imdb_id": "nm0788903", "name": "Rajesh Sharma"}, {"imdb_id": "nm9110964", "name": "Radha Sheetal"}, {"imdb_id": "nm0794818", "name": "Tillotama Shome"}, {"imdb_id": "nm9110961", "name": "Ekta Singh"}, {"imdb_id": "nm9110945", "name": "Sanjeev Singh"}, {"imdb_id": "nm9110940", "name": "Swati Singh"}, {"imdb_id": "nm3531960", "name": "Danny Sura"}, {"imdb_id": "nm0839634", "name": "Sanjay Suri"}, {"imdb_id": "nm9110946", "name": "Rohit Tannon"}, {"imdb_id": "nm9110965", "name": "Anup Trivedi"}, {"imdb_id": "nm9110955", "name": "Chayan Trivedi"}, {"imdb_id": "nm9110938", "name": "Mohit Tyagi"}, {"imdb_id": "nm9110939", "name": "Rishabh Verma"}, {"imdb_id": "nm9110971", "name": "Yash"}]