[{"imdb_id": "nm0451234", "name": "Irrfan Khan"}, {"imdb_id": "nm0792116", "name": "Jimmy Sheirgill"}, {"imdb_id": "nm5092260", "name": "Vishesh Bansal"}, {"imdb_id": "nm1189040", "name": "Tushar Dalvi"}, {"imdb_id": "nm2439674", "name": "Nitish Pandey"}, {"imdb_id": "nm8325539", "name": "Kedar Bagaria"}, {"imdb_id": "nm3438304", "name": "Manoj Bakshi"}, {"imdb_id": "nm8325535", "name": "Sunil Bedi"}, {"imdb_id": "nm3464047", "name": "Rajat Bhalla"}, {"imdb_id": "nm5264628", "name": "Satyajit Bhattacharya"}, {"imdb_id": "nm7555766", "name": "Akash Dabas"}, {"imdb_id": "nm9865122", "name": "Rahul Dhir"}, {"imdb_id": "nm2656417", "name": "Jitendra Gupta"}, {"imdb_id": "nm0348491", "name": "Rajiv Gupta"}, {"imdb_id": "nm8325536", "name": "Vikas Jain"}, {"imdb_id": "nm5810735", "name": "Sadhil Kapoor"}, {"imdb_id": "nm1058486", "name": "Vijay Kaushik"}, {"imdb_id": "nm2510776", "name": "Sabir Khan"}, {"imdb_id": "nm7555795", "name": "Ravi Mahasabde"}, {"imdb_id": "nm4533476", "name": "Pallavi Mishra"}, {"imdb_id": "nm2414088", "name": "Purva Parag"}, {"imdb_id": "nm3237860", "name": "Sachin Pathak"}, {"imdb_id": "nm8325537", "name": "Manish Raj"}, {"imdb_id": "nm8193151", "name": "Dr. Vivek Rajpal"}, {"imdb_id": "nm2217498", "name": "Ayesha Raza"}, {"imdb_id": "nm8325538", "name": "Sanjeev Sahay"}, {"imdb_id": "nm8325534", "name": "Umesh Shrivastav"}, {"imdb_id": "nm2711559", "name": "Deepak Shroff"}, {"imdb_id": "nm1789346", "name": "Gurvinder Singh"}, {"imdb_id": "nm5514899", "name": "Vikrant Singh"}, {"imdb_id": "nm7555789", "name": "Chandraprakash Thakur"}]