[{"imdb_id": "nm9195417", "name": "Aditi Balan"}, {"imdb_id": "nm9557586", "name": "Padmashri Mohammad Ali"}, {"imdb_id": "nm9557587", "name": "Pradeep Anthony"}, {"imdb_id": "nm9557596", "name": "Arnold"}, {"imdb_id": "nm3243322", "name": "K. Babu"}, {"imdb_id": "nm6130614", "name": "Bala"}, {"imdb_id": "nm9557600", "name": "Bharath"}, {"imdb_id": "nm2007993", "name": "Kavitha Bharathy"}, {"imdb_id": "nm9557588", "name": "Madan Chakravarthy"}, {"imdb_id": "nm9557589", "name": "Karthikeyan Chinnaswamy"}, {"imdb_id": "nm2163980", "name": "Dakshana"}, {"imdb_id": "nm0803182", "name": "Lakshmi Gopalaswamy"}, {"imdb_id": "nm9557595", "name": "Hema"}, {"imdb_id": "nm9557601", "name": "Hemalatha"}, {"imdb_id": "nm9557603", "name": "Kamala"}, {"imdb_id": "nm9557597", "name": "Kuppusami"}, {"imdb_id": "nm9557590", "name": "Mani Kutty"}, {"imdb_id": "nm9557593", "name": "Apoorva Nataraj"}, {"imdb_id": "nm9557599", "name": "Praneethi"}, {"imdb_id": "nm9557602", "name": "Sharmi"}, {"imdb_id": "nm9195418", "name": "Shwetha Shekar"}, {"imdb_id": "nm9557592", "name": "Swetha"}, {"imdb_id": "nm9557591", "name": "Thirunavakkarasu"}, {"imdb_id": "nm9559335", "name": "Anjali Vardhan"}, {"imdb_id": "nm9557594", "name": "Vijayalakshmi"}, {"imdb_id": "nm9557598", "name": "Vijayaraman"}]