[{"imdb_id": "nm1333687", "name": "Dhanush"}, {"imdb_id": "nm1417119", "name": "Ameer Sultan"}, {"imdb_id": "nm1099597", "name": "Radha Ravi"}, {"imdb_id": "nm1422363", "name": "Daniel Balaji"}, {"imdb_id": "nm3132784", "name": "Kishore Kumar G."}, {"imdb_id": "nm2284321", "name": "Samuthirakani"}, {"imdb_id": "nm5078537", "name": "Pavan"}, {"imdb_id": "nm1942975", "name": "Andrea Jeremiah"}, {"imdb_id": "nm5781594", "name": "Aishwarya Rajesh"}, {"imdb_id": "nm3608198", "name": "Subramaniam Siva"}, {"imdb_id": "nm2206739", "name": "Vincent Ashokan"}, {"imdb_id": "nm2533953", "name": "G. Marimuthu"}, {"imdb_id": "nm7925166", "name": "Sai Dheena"}, {"imdb_id": "nm6765728", "name": "Hari"}, {"imdb_id": "nm6851592", "name": "Pavel"}, {"imdb_id": "nm1020077", "name": "Suryakanth"}, {"imdb_id": "nm5949239", "name": "Sendrayan"}, {"imdb_id": "nm1019964", "name": "Saran Shakthi"}, {"imdb_id": "nm4442569", "name": "Joy Badlani"}]