[{"imdb_id": "nm1017633", "name": "Alia Bhatt"}, {"imdb_id": "nm0451321", "name": "Shah Rukh Khan"}, {"imdb_id": "nm1577858", "name": "Kunal Kapoor"}, {"imdb_id": "nm8629326", "name": "Priyanka Moodley"}, {"imdb_id": "nm2640351", "name": "Prateek Jain"}, {"imdb_id": "nm3169069", "name": "Aditya Roy Kapoor"}, {"imdb_id": "nm3773554", "name": "Ali Zafar"}, {"imdb_id": "nm8568885", "name": "Bobby Duggal"}, {"imdb_id": "nm1979275", "name": "Angad Bedi"}, {"imdb_id": "nm8738700", "name": "Darwin"}, {"imdb_id": "nm2629754", "name": "Raj Bhansali"}, {"imdb_id": "nm4770920", "name": "Sharic Sequeira"}, {"imdb_id": "nm8414775", "name": "Dilip"}, {"imdb_id": "nm6494739", "name": "Akanksha Gade"}, {"imdb_id": "nm2419974", "name": "Ira Dubey"}, {"imdb_id": "nm8738701", "name": "Richard Klein"}, {"imdb_id": "nm8216309", "name": "Yashaswini Dayama"}, {"imdb_id": "nm8683715", "name": "Anubhav Nanda"}, {"imdb_id": "nm4110017", "name": "Abhishek Khanna"}, {"imdb_id": "nm8565406", "name": "Rohit Saraf"}, {"imdb_id": "nm8015723", "name": "Gautmik"}, {"imdb_id": "nm7981879", "name": "Keshav Uppal"}, {"imdb_id": "nm6093734", "name": "Viral Desai"}, {"imdb_id": "nm4280910", "name": "Rohit Mehra"}, {"imdb_id": "nm8738702", "name": "Shriram Iyer"}, {"imdb_id": "nm8738703", "name": "Arush Nand"}, {"imdb_id": "nm5489732", "name": "Feroz Khan"}, {"imdb_id": "nm6582227", "name": "Nikhil Sangha"}, {"imdb_id": "nm2074273", "name": "Aashirwad"}, {"imdb_id": "nm8738705", "name": "Anita Lobo"}, {"imdb_id": "nm1239481", "name": "Atul Kale"}, {"imdb_id": "nm7057321", "name": "Aban Bharucha Deohans"}, {"imdb_id": "nm6311486", "name": "Yashwant Singh"}, {"imdb_id": "nm7976568", "name": "Salone Mehta"}, {"imdb_id": "nm8738706", "name": "Rosario Belmonte"}, {"imdb_id": "nm5704026", "name": "Ivan Rodrigues"}, {"imdb_id": "nm7319988", "name": "Prabhakar"}, {"imdb_id": "nm8738707", "name": "Aman Bhagat"}, {"imdb_id": "nm8738708", "name": "Farida Patel Venkat"}, {"imdb_id": "nm6821065", "name": "Kishor Chandra Shrivastav"}, {"imdb_id": "nm3765238", "name": "Geetha Singh"}, {"imdb_id": "nm5034487", "name": "Aadil Sharma"}, {"imdb_id": "nm4189925", "name": "Kunal Sharma"}, {"imdb_id": "nm7939209", "name": "Aarush Rana"}, {"imdb_id": "nm8738711", "name": "Dishita Sehgal"}, {"imdb_id": "nm5145603", "name": "Brijesh Kakodkar"}, {"imdb_id": "nm8738712", "name": "Rohit Chari"}, {"imdb_id": "nm8738713", "name": "Anita Basarkatti"}, {"imdb_id": "nm1865124", "name": "Nikita Anand"}, {"imdb_id": "nm8738715", "name": "Martha Xavier Fernandes"}, {"imdb_id": "nm5523580", "name": "Madhav Vaze"}, {"imdb_id": "nm8738716", "name": "Rachna Fernandes"}, {"imdb_id": "nm8738717", "name": "Amit Nagraj"}, {"imdb_id": "nm5096005", "name": "Rupin Suchak"}, {"imdb_id": "nm8738719", "name": "Deeksha Anand"}, {"imdb_id": "nm8738720", "name": "Saranya Roy"}, {"imdb_id": "nm8719360", "name": "Parveen Kaur"}, {"imdb_id": "nm1069844", "name": "Ashish Bhatia"}, {"imdb_id": "nm1099043", "name": "Gulzar Dastur"}, {"imdb_id": "nm9119259", "name": "R. Bhakti Klein"}, {"imdb_id": "nm4886849", "name": "Geeta Singh"}, {"imdb_id": "nm8024755", "name": "Aashay Valia"}]