[{"imdb_id": "nm0534856", "name": "Madhavan"}, {"imdb_id": "nm4043111", "name": "Vijay Sethupathi"}, {"imdb_id": "nm7744845", "name": "Shraddha Srinath"}, {"imdb_id": "nm6453091", "name": "Kathir"}, {"imdb_id": "nm4174212", "name": "Varalaxmi Sarathkumar"}, {"imdb_id": "nm3607395", "name": "Prem Kumar"}, {"imdb_id": "nm5782889", "name": "Hareesh Peradi"}, {"imdb_id": "nm5724719", "name": "Achyuth Kumar"}, {"imdb_id": "nm8995905", "name": "Vivek Prasanna"}, {"imdb_id": "nm8522195", "name": "R. Amarendran"}, {"imdb_id": "nm3051595", "name": "Kevin Augustine"}, {"imdb_id": "nm5157122", "name": "E. Karthik"}, {"imdb_id": "nm6046289", "name": "Gowri Lakshmi"}, {"imdb_id": "nm8904193", "name": "Manikandan"}, {"imdb_id": "nm5408510", "name": "Rajkumar"}, {"imdb_id": "nm6388679", "name": "E. Ramdoss"}, {"imdb_id": "nm3798796", "name": "Satya"}, {"imdb_id": "nm5000739", "name": "Sugunthan"}, {"imdb_id": "nm5297321", "name": "Baby Vaishnavi"}, {"imdb_id": "nm8842899", "name": "Gorge Vijay"}]