[{"imdb_id": "nm7561367", "name": "Harshvardhan Kapoor"}, {"imdb_id": "nm4699879", "name": "Priyanshu Painyuli"}, {"imdb_id": "nm3211304", "name": "Ashish Verma"}, {"imdb_id": "nm7480081", "name": "Shreiyah Sabharwal"}, {"imdb_id": "nm7834233", "name": "Pratap Phad"}, {"imdb_id": "nm2346665", "name": "Chinmay Mandlekar"}, {"imdb_id": "nm1723225", "name": "Nishikant Kamat"}, {"imdb_id": "nm1066307", "name": "Ram Kishan Dhakad"}, {"imdb_id": "nm3406230", "name": "Hrishikesh Joshi"}, {"imdb_id": "nm1131934", "name": "Ramesh Bhatkar"}, {"imdb_id": "nm5125622", "name": "Shibani Dandekar"}, {"imdb_id": "nm3836224", "name": "Vijay Gokhale"}, {"imdb_id": "nm1049847", "name": "Harsh Hansraj"}, {"imdb_id": "nm3575688", "name": "Pawan Jam"}, {"imdb_id": "nm4071932", "name": "Rajiv Kachroo"}, {"imdb_id": "nm0658810", "name": "Suhas Palshikar"}, {"imdb_id": "nm8404915", "name": "Pabitra Rabha"}, {"imdb_id": "nm1056260", "name": "Rakesh Sharma"}]