[{"imdb_id": "nm7621668", "name": "Zaira Wasim"}, {"imdb_id": "nm2016476", "name": "Meher Vij"}, {"imdb_id": "nm2366974", "name": "Raj Arjun"}, {"imdb_id": "nm0451148", "name": "Aamir Khan"}, {"imdb_id": "nm9332186", "name": "Tirth Sharma"}, {"imdb_id": "nm9625502", "name": "Kabir Sajid"}, {"imdb_id": "nm1585543", "name": "Farrukh Jaffar"}, {"imdb_id": "nm7215248", "name": "Manuj Sharma"}, {"imdb_id": "nm1865124", "name": "Nikita Anand"}, {"imdb_id": "nm1034805", "name": "Shaan"}, {"imdb_id": "nm4232545", "name": "Monali Thakur"}, {"imdb_id": "nm1263050", "name": "Mona Ambegaonkar"}, {"imdb_id": "nm8311745", "name": "Jasmeet Singh Bhatia"}, {"imdb_id": "nm7462328", "name": "Dianne Commissariat"}, {"imdb_id": "nm7144048", "name": "Patrali Chattopdhyay"}, {"imdb_id": "nm1099306", "name": "Fatima Ashraf"}]