[{"imdb_id": "nm2281292", "name": "Rana Daggubati"}, {"imdb_id": "nm1946407", "name": "Kay Kay Menon"}, {"imdb_id": "nm0474609", "name": "Atul Kulkarni"}, {"imdb_id": "nm0700875", "name": "Om Puri"}, {"imdb_id": "nm0621937", "name": "Nassar"}, {"imdb_id": "nm0536799", "name": "Rahul Singh"}, {"imdb_id": "nm0348004", "name": "Milind Gunaji"}, {"imdb_id": "nm3966456", "name": "Taapsee Pannu"}, {"imdb_id": "nm0000821", "name": "Amitabh Bachchan"}, {"imdb_id": "nm0158112", "name": "Chiranjeevi"}, {"imdb_id": "nm8627568", "name": "Ramanuj Dubey"}, {"imdb_id": "nm4071932", "name": "Rajiv Kachroo"}, {"imdb_id": "nm8488982", "name": "Satyadev Kancharana"}, {"imdb_id": "nm1796211", "name": "Bikramjeet Kanwarpal"}, {"imdb_id": "nm8682291", "name": "Kunal Kaushik"}, {"imdb_id": "nm8767692", "name": "Malyaban Lahiri"}, {"imdb_id": "nm4512039", "name": "Akshay Mittal"}, {"imdb_id": "nm6419392", "name": "Priyadarshi"}, {"imdb_id": "nm3606518", "name": "Bharath Reddy"}, {"imdb_id": "nm1421814", "name": "Suriya"}, {"imdb_id": "nm5974195", "name": "Thiruveer"}, {"imdb_id": "nm5624098", "name": "Ravi Varma"}]