[{"imdb_id": "nm3822770", "name": "Rajkummar Rao"}, {"imdb_id": "nm4990417", "name": "Geetanjali Thapa"}, {"imdb_id": "nm9172151", "name": "Shiladitya Sen"}, {"imdb_id": "nm9172152", "name": "Rahul Patel"}, {"imdb_id": "nm8662205", "name": "Rahul Dutta"}, {"imdb_id": "nm9172153", "name": "Vishwas"}, {"imdb_id": "nm9172154", "name": "Girish"}, {"imdb_id": "nm9108699", "name": "Malay Garg"}, {"imdb_id": "nm4072381", "name": "Rajiv Khanna"}, {"imdb_id": "nm4546188", "name": "Yogendra Vikram Singh"}, {"imdb_id": "nm3318887", "name": "Patrick Graham"}, {"imdb_id": "nm3155648", "name": "Hardik Mehta"}, {"imdb_id": "nm4825703", "name": "Vivek Soni"}, {"imdb_id": "nm9172155", "name": "Anup Rupanwar"}, {"imdb_id": "nm4120169", "name": "R.N. Shukla"}, {"imdb_id": "nm6109850", "name": "Khushboo"}, {"imdb_id": "nm9169603", "name": "Hawk McNab"}]