[{"imdb_id": "nm0706721", "name": "Rahman"}, {"imdb_id": "nm8682289", "name": "Prakash Raghavan"}, {"imdb_id": "nm6765796", "name": "Sharath Kumar"}, {"imdb_id": "nm8682292", "name": "Santhosh Krishna"}, {"imdb_id": "nm8871048", "name": "Praveen"}, {"imdb_id": "nm8682290", "name": "Bala Hasan"}, {"imdb_id": "nm3734898", "name": "Vinod Varma"}, {"imdb_id": "nm8054627", "name": "Ashwin Kumar"}, {"imdb_id": "nm8682291", "name": "Kunal Kaushik"}, {"imdb_id": "nm8682293", "name": "Anjana Jayaprakash"}, {"imdb_id": "nm8682294", "name": "Yaashika Aanand"}, {"imdb_id": "nm0304265", "name": "Delhi Ganesh"}, {"imdb_id": "nm8678191", "name": "Karthick Naren"}, {"imdb_id": "nm8787388", "name": "Karthikeyan Palanisamy"}]