[{"imdb_id": "nm1633541", "name": "Ranbir Kapoor"}, {"imdb_id": "nm0712546", "name": "Paresh Rawal"}, {"imdb_id": "nm0463539", "name": "Manisha Koirala"}, {"imdb_id": "nm5817249", "name": "Vicky Kaushal"}, {"imdb_id": "nm1069850", "name": "Dia Mirza"}, {"imdb_id": "nm3087728", "name": "Anushka Sharma"}, {"imdb_id": "nm2128238", "name": "Sonam Kapoor"}, {"imdb_id": "nm6845061", "name": "Jim Sarbh"}, {"imdb_id": "nm1656076", "name": "Karishma Tanna"}, {"imdb_id": "nm1224082", "name": "Boman Irani"}, {"imdb_id": "nm5092725", "name": "Ashnoor Kaur"}, {"imdb_id": "nm3884155", "name": "Siya"}, {"imdb_id": "nm0007102", "name": "Tabu"}, {"imdb_id": "nm0793851", "name": "Sayaji Shinde"}, {"imdb_id": "nm7307982", "name": "Steven Allen Prince"}, {"imdb_id": "nm5787869", "name": "Prakash Belawadi"}, {"imdb_id": "nm4376717", "name": "Anil Charanjeett"}, {"imdb_id": "nm1275384", "name": "Nilesh Diwekar"}, {"imdb_id": "nm0004569", "name": "Sanjay Dutt"}, {"imdb_id": "nm8275163", "name": "M.L. Josepher"}, {"imdb_id": "nm0542498", "name": "Mahesh Manjrekar"}, {"imdb_id": "nm9381334", "name": "Javon Q Minter"}, {"imdb_id": "nm0592795", "name": "Piyush Mishra"}, {"imdb_id": "nm2511745", "name": "Ashwin Mushran"}, {"imdb_id": "nm1167594", "name": "Nawab Shah"}, {"imdb_id": "nm0820283", "name": "Anjan Srivastav"}, {"imdb_id": "nm1905056", "name": "Yuri Suri"}, {"imdb_id": "nm2447221", "name": "Rachit Trehan"}, {"imdb_id": "nm7724812", "name": "Robert Dobson"}, {"imdb_id": "nm9148197", "name": "J Ryan Carroll"}, {"imdb_id": "nm9816311", "name": "Abhijit Chitre"}, {"imdb_id": "nm1031436", "name": "Karolin Etzel"}, {"imdb_id": "nm1795494", "name": "Syed Firdaus"}, {"imdb_id": "nm1049663", "name": "Vyas Hemang"}, {"imdb_id": "nm9336526", "name": "Abhishek Khanna"}, {"imdb_id": "nm6294201", "name": "Durgesh Kumar"}, {"imdb_id": "nm7509518", "name": "Jandre le Roux"}, {"imdb_id": "nm6821065", "name": "Kishor Chandra Shrivastav"}, {"imdb_id": "nm0451174", "name": "Arshad Warsi"}, {"imdb_id": "nm0474606", "name": "Abhay Kulkarni"}, {"imdb_id": "nm9497173", "name": "Surender Thakur"}]