[{"imdb_id": "nm3822770", "name": "Rajkummar Rao"}, {"imdb_id": "nm2690647", "name": "Pankaj Tripathi"}, {"imdb_id": "nm4405794", "name": "Anjali Patil"}, {"imdb_id": "nm0944834", "name": "Raghuvir Yadav"}, {"imdb_id": "nm9437812", "name": "Ishar Ahmed"}, {"imdb_id": "nm9437787", "name": "Nahida Ali"}, {"imdb_id": "nm9437789", "name": "Nisar Ali"}, {"imdb_id": "nm9437784", "name": "Nizam Ali"}, {"imdb_id": "nm9437811", "name": "Vinod B."}, {"imdb_id": "nm9437810", "name": "Jangli Bai"}, {"imdb_id": "nm9437809", "name": "Ragho Bai"}, {"imdb_id": "nm9437806", "name": "Vaijanti Bai"}, {"imdb_id": "nm9437783", "name": "Sulekha Begum"}, {"imdb_id": "nm4380889", "name": "Krishna Singh Bisht"}, {"imdb_id": "nm9437780", "name": "Sunil Ramkrishna Borkar"}, {"imdb_id": "nm9437801", "name": "Jawad Chat"}, {"imdb_id": "nm8238290", "name": "Aman Dahiya"}, {"imdb_id": "nm9437808", "name": "Komol Dai"}, {"imdb_id": "nm9437813", "name": "Anand Gautam"}, {"imdb_id": "nm9437774", "name": "Pistak Gond"}, {"imdb_id": "nm9437819", "name": "Ravi Gond"}, {"imdb_id": "nm9437820", "name": "Sagar Gond"}, {"imdb_id": "nm2240830", "name": "Danish Husain"}, {"imdb_id": "nm9437788", "name": "Noor Jahaanty"}, {"imdb_id": "nm9437778", "name": "Kirti Shreeyansh Jain"}, {"imdb_id": "nm9437786", "name": "Lata.N. Jain"}, {"imdb_id": "nm9437791", "name": "Mayank Jain"}, {"imdb_id": "nm9437799", "name": "Khilendra Kumar"}, {"imdb_id": "nm9437814", "name": "Ramesh Kumar"}, {"imdb_id": "nm1898301", "name": "Puja Maewal"}, {"imdb_id": "nm3493635", "name": "Omkar Das Manikpuri"}, {"imdb_id": "nm9437796", "name": "Onkar Das Manikpuri"}, {"imdb_id": "nm9437790", "name": "G.D. Meshram"}, {"imdb_id": "nm0592799", "name": "Sanjay Mishra"}, {"imdb_id": "nm4357604", "name": "Dinesh Nag"}, {"imdb_id": "nm9437775", "name": "Mukesh Nagar"}, {"imdb_id": "nm9437818", "name": "Mangal Netam"}, {"imdb_id": "nm9437802", "name": "Neeldhar Netam"}, {"imdb_id": "nm9437795", "name": "Rajman Netam"}, {"imdb_id": "nm9437794", "name": "Shubham Netam"}, {"imdb_id": "nm9437807", "name": "Sukdev Netam"}, {"imdb_id": "nm9437805", "name": "Sukkuram Netam"}, {"imdb_id": "nm9437821", "name": "Kalpana Nimje"}, {"imdb_id": "nm9437822", "name": "Ruchika Nimje"}, {"imdb_id": "nm1586516", "name": "Bachan Pachehra"}, {"imdb_id": "nm9437800", "name": "Maureen Elizabeth Pitz"}, {"imdb_id": "nm9437781", "name": "Dr. Pratap Prabhankar"}, {"imdb_id": "nm6533968", "name": "Mukesh Prajapati"}, {"imdb_id": "nm9437804", "name": "Gadru Ram"}, {"imdb_id": "nm9437803", "name": "Ashok Sen"}, {"imdb_id": "nm9437792", "name": "Pranhita Sen"}, {"imdb_id": "nm9437776", "name": "Chandra Shekhar"}, {"imdb_id": "nm9437779", "name": "Ganesh Shetty"}, {"imdb_id": "nm5510066", "name": "Mayank Tewari"}, {"imdb_id": "nm9437785", "name": "Jyotshana Trivedi"}, {"imdb_id": "nm9437782", "name": "K.G. Trivedi"}, {"imdb_id": "nm9437797", "name": "Litesh Kumar Uikey"}, {"imdb_id": "nm9437793", "name": "Kaushal Kumar Upadhay"}, {"imdb_id": "nm9437798", "name": "Rajesh Kumar Usendi"}]