[{"imdb_id": "nm0611552", "name": "Rani Mukerji"}, {"imdb_id": "nm8565406", "name": "Rohit Saraf"}, {"imdb_id": "nm0755113", "name": "Sachin"}, {"imdb_id": "nm4173131", "name": "Neeraj Kabi"}, {"imdb_id": "nm0324845", "name": "Vikram Gokhale"}, {"imdb_id": "nm4449367", "name": "Jannat Zubair Rahmani"}, {"imdb_id": "nm4990507", "name": "Hussain Dalal"}, {"imdb_id": "nm1123110", "name": "Supriya Pilgaonkar"}, {"imdb_id": "nm1794460", "name": "Asif Basra"}, {"imdb_id": "nm9884020", "name": "Leena Acharya"}, {"imdb_id": "nm4244312", "name": "Harsh Mayar"}, {"imdb_id": "nm8092862", "name": "Riya Shukla"}, {"imdb_id": "nm5704026", "name": "Ivan Rodrigues"}, {"imdb_id": "nm9884023", "name": "Aman Gandotra"}, {"imdb_id": "nm8536228", "name": "Naisha Khanna"}, {"imdb_id": "nm9412190", "name": "Anuradha Rajadhyaksha"}, {"imdb_id": "nm8738708", "name": "Farida Patel Venkat"}, {"imdb_id": "nm4071160", "name": "Sparsh Khanchandani"}, {"imdb_id": "nm0837000", "name": "Shivkumar Subramaniam"}, {"imdb_id": "nm9884031", "name": "Samar Katyaan"}, {"imdb_id": "nm9775280", "name": "Adreeja Sharma"}, {"imdb_id": "nm9884017", "name": "Teena Kumar"}, {"imdb_id": "nm9884034", "name": "Vivek Naithani"}, {"imdb_id": "nm9886982", "name": "Swaraj Kumar"}, {"imdb_id": "nm8586784", "name": "Shagufta Shaikh"}, {"imdb_id": "nm9884022", "name": "Saad Kashnani"}, {"imdb_id": "nm9884021", "name": "Riddhi Arora"}, {"imdb_id": "nm9886973", "name": "Vikrant Soni"}, {"imdb_id": "nm9884010", "name": "Harish Khatri"}, {"imdb_id": "nm9886974", "name": "Jayesh Kardak"}, {"imdb_id": "nm9252446", "name": "Poorti Jai Agarwal"}, {"imdb_id": "nm9884028", "name": "Govind Pathak"}, {"imdb_id": "nm9884037", "name": "Kirti Ghuge Sagle"}, {"imdb_id": "nm9884014", "name": "Anuradha Rajadhyaksha"}, {"imdb_id": "nm9884029", "name": "Mriganav Dutta"}, {"imdb_id": "nm9884025", "name": "Archana Rangani"}, {"imdb_id": "nm9884018", "name": "Kabeer Khan"}, {"imdb_id": "nm9884041", "name": "Dinesh Goel"}, {"imdb_id": "nm7987433", "name": "Kkunal Shinde"}, {"imdb_id": "nm9886983", "name": "Siddhesh Pardhi"}, {"imdb_id": "nm9884036", "name": "Harshita Singh"}, {"imdb_id": "nm9884011", "name": "Abhilasha Singh Kalwani"}, {"imdb_id": "nm9388882", "name": "Benjamin Yangal"}, {"imdb_id": "nm7839426", "name": "Samay Thakkar"}, {"imdb_id": "nm9720476", "name": "Kalaivanan Kannan"}, {"imdb_id": "nm9884032", "name": "Akansha Parihar"}, {"imdb_id": "nm9507241", "name": "Suprio Bose"}, {"imdb_id": "nm9884008", "name": "Master Maan Parmar"}, {"imdb_id": "nm9113049", "name": "Anjuman Saxena"}, {"imdb_id": "nm9860318", "name": "Kunal Shinde"}, {"imdb_id": "nm9884038", "name": "Rajkumar"}, {"imdb_id": "nm9884009", "name": "Deena Bhim"}, {"imdb_id": "nm5368607", "name": "Master Ritesh Bhanushali"}, {"imdb_id": "nm9884012", "name": "Jitin Mukhi"}, {"imdb_id": "nm9884039", "name": "Kapil Kumar"}, {"imdb_id": "nm1824769", "name": "Sushil Verma"}, {"imdb_id": "nm9884035", "name": "Arshad Shekhal Pathan"}, {"imdb_id": "nm9884026", "name": "Anjum Khan"}, {"imdb_id": "nm9884030", "name": "Farhan Patel"}, {"imdb_id": "nm9884015", "name": "Master Bilal Chandiwala"}, {"imdb_id": "nm9884027", "name": "Gauri Borkar"}, {"imdb_id": "nm9884016", "name": "Master Aarushi Rana"}, {"imdb_id": "nm9884013", "name": "Mohammed Iqbal"}, {"imdb_id": "nm9884040", "name": "Gurpreet Singh"}, {"imdb_id": "nm9884024", "name": "Dhaval A. Barbhaya"}, {"imdb_id": "nm9884033", "name": "Pankaj Anand"}, {"imdb_id": "nm9884042", "name": "Nisha Goel"}, {"imdb_id": "nm9884019", "name": "Sahi Vitthal Chorge"}]