[{"imdb_id": "nm0000821", "name": "Amitabh Bachchan"}, {"imdb_id": "nm0438501", "name": "Rishi Kapoor"}, {"imdb_id": "nm0704694", "name": "Vijay Raaz"}, {"imdb_id": "nm5434905", "name": "Jimit Trivedi"}, {"imdb_id": "nm5131331", "name": "Ashok Pathak"}, {"imdb_id": "nm2805868", "name": "Dharmendra Gohil"}, {"imdb_id": "nm4432942", "name": "Sunil Vishrani"}, {"imdb_id": "nm9380804", "name": "Rakhi Mansha"}, {"imdb_id": "nm9953161", "name": "Suvrangshu Sarcar"}, {"imdb_id": "nm9953158", "name": "Nileash Pandya"}, {"imdb_id": "nm9953163", "name": "Vooqo"}, {"imdb_id": "nm9953160", "name": "Avadhesh Bhagat"}, {"imdb_id": "nm9953162", "name": "Simar Saini"}, {"imdb_id": "nm9147326", "name": "Tyrone Aviet"}]