[{"imdb_id": "nm1303433", "name": "John Abraham"}, {"imdb_id": "nm1224082", "name": "Boman Irani"}, {"imdb_id": "nm5069465", "name": "Diana Penty"}, {"imdb_id": "nm7242142", "name": "Anuja Sathe"}, {"imdb_id": "nm1987327", "name": "Vikas Kumar"}, {"imdb_id": "nm0863171", "name": "Yogendra Tiku"}, {"imdb_id": "nm0386943", "name": "Aditya Hitkari"}, {"imdb_id": "nm9869278", "name": "Ajay Shankar"}, {"imdb_id": "nm2586857", "name": "Darshan Pandya"}, {"imdb_id": "nm1204791", "name": "Mark Bennington"}, {"imdb_id": "nm9359858", "name": "Shyam Bhagat"}, {"imdb_id": "nm1882579", "name": "Zachary Coffin"}, {"imdb_id": "nm2412421", "name": "Nishikant Dixit"}, {"imdb_id": "nm6554435", "name": "Satinder Singh Gahlot"}, {"imdb_id": "nm9176998", "name": "Tan Raj Ghale"}, {"imdb_id": "nm3912430", "name": "Rohan Khatri"}, {"imdb_id": "nm8517601", "name": "Mohit K. Mehta"}, {"imdb_id": "nm1521220", "name": "Munna"}, {"imdb_id": "nm8738703", "name": "Arush Nand"}, {"imdb_id": "nm4002386", "name": "Nitesh Nath"}, {"imdb_id": "nm2526461", "name": "Bhupesh Pandya"}, {"imdb_id": "nm9296774", "name": "Prahlad"}, {"imdb_id": "nm3023631", "name": "Abhiroy Singh"}, {"imdb_id": "nm9359857", "name": "Bhairao Singh"}]