[{"imdb_id": "nm4731677", "name": "Ayushmann Khurrana"}, {"imdb_id": "nm5305841", "name": "Kriti Sanon"}, {"imdb_id": "nm3822770", "name": "Rajkummar Rao"}, {"imdb_id": "nm2690647", "name": "Pankaj Tripathi"}, {"imdb_id": "nm9211287", "name": "Rohit Choudhary"}, {"imdb_id": "nm5475700", "name": "Swati Semwal"}, {"imdb_id": "nm0015287", "name": "Javed Akhtar"}, {"imdb_id": "nm1260157", "name": "Seema Bhargava"}, {"imdb_id": "nm7181257", "name": "Rohit Chaudhary"}, {"imdb_id": "nm8949091", "name": "Naila Grewal"}, {"imdb_id": "nm4201007", "name": "Sapna Sand"}, {"imdb_id": "nm7353371", "name": "Vivek Yadav"}]