[{"imdb_id": "nm1912683", "name": "Karthi"}, {"imdb_id": "nm5114849", "name": "Rakul Preet Singh"}, {"imdb_id": "nm1358872", "name": "Abhimanyu Singh"}, {"imdb_id": "nm3163756", "name": "Bose Venkat"}, {"imdb_id": "nm0695595", "name": "Praveena"}, {"imdb_id": "nm1007581", "name": "Manobala"}, {"imdb_id": "nm3561501", "name": "Sathyan"}, {"imdb_id": "nm9497174", "name": "Sonia"}, {"imdb_id": "nm3830348", "name": "R.N.R. Manohar"}, {"imdb_id": "nm0434263", "name": "Kishore Kadam"}, {"imdb_id": "nm9497172", "name": "Mathew Varghese"}, {"imdb_id": "nm2982943", "name": "Rohit Pathak"}, {"imdb_id": "nm8135135", "name": "Narra Srinivas"}, {"imdb_id": "nm9497173", "name": "Surender Thakur"}, {"imdb_id": "nm5560667", "name": "Prayas Mann"}, {"imdb_id": "nm0451239", "name": "Jameel Khan"}, {"imdb_id": "nm6442108", "name": "Kalyani N."}, {"imdb_id": "nm9103143", "name": "Abhirami"}, {"imdb_id": "nm5805978", "name": "Scarlett Mellish Wilson"}]