[{"imdb_id": "nm1017633", "name": "Alia Bhatt"}, {"imdb_id": "nm5817249", "name": "Vicky Kaushal"}, {"imdb_id": "nm0438496", "name": "Rajit Kapoor"}, {"imdb_id": "nm0788918", "name": "Shishir Sharma"}, {"imdb_id": "nm2586977", "name": "Ashwath Bhatt"}, {"imdb_id": "nm4188433", "name": "Jaideep Ahlawat"}, {"imdb_id": "nm0713618", "name": "Soni Razdan"}, {"imdb_id": "nm0952232", "name": "Arif Zakaria"}, {"imdb_id": "nm3035081", "name": "Amruta Khanvilkar"}, {"imdb_id": "nm1942776", "name": "Kanwaljit Singh"}, {"imdb_id": "nm9835580", "name": "Aman Vasishth"}, {"imdb_id": "nm9204679", "name": "Veer Samra"}, {"imdb_id": "nm8884640", "name": "Saloni"}, {"imdb_id": "nm9960884", "name": "Deepak Saini"}, {"imdb_id": "nm9960880", "name": "Sima Pari"}, {"imdb_id": "nm1221483", "name": "Pramod Pathak"}, {"imdb_id": "nm6931969", "name": "Sukesh Mishra"}, {"imdb_id": "nm9556948", "name": "Dharmik Joysar"}, {"imdb_id": "nm1030318", "name": "Jogi Mallang"}, {"imdb_id": "nm9960881", "name": "Gulista Alija"}, {"imdb_id": "nm8624891", "name": "Ravi Aneja"}, {"imdb_id": "nm4717800", "name": "Alok Arora"}, {"imdb_id": "nm9960904", "name": "Ajay Arya"}, {"imdb_id": "nm9322760", "name": "Khushboo Atre"}, {"imdb_id": "nm9960879", "name": "Navdeep Bandhu"}, {"imdb_id": "nm9960883", "name": "Kapil Banga"}, {"imdb_id": "nm9960897", "name": "Agaaz"}, {"imdb_id": "nm6123790", "name": "Pallavi Batra"}, {"imdb_id": "nm9960901", "name": "Santhosh Chand"}, {"imdb_id": "nm2160743", "name": "Kanika Dang"}, {"imdb_id": "nm9960908", "name": "Ishita Dasgupta"}, {"imdb_id": "nm9960882", "name": "Desh Deepak"}, {"imdb_id": "nm7103402", "name": "Kanishka Singh Deo"}, {"imdb_id": "nm7860535", "name": "Amol Deshmukh"}, {"imdb_id": "nm9017514", "name": "Nilofar Gesawat"}, {"imdb_id": "nm5897302", "name": "Sanjay Gurbaxani"}, {"imdb_id": "nm9552412", "name": "Jitender Hooda"}, {"imdb_id": "nm1616785", "name": "Rajesh Jais"}, {"imdb_id": "nm9909820", "name": "Jairoop Jeevan"}, {"imdb_id": "nm9960906", "name": "Vishal Kapoor"}, {"imdb_id": "nm9960903", "name": "Midhat Ullah Khan"}, {"imdb_id": "nm9960893", "name": "Khushi"}, {"imdb_id": "nm9960895", "name": "Kritik"}, {"imdb_id": "nm9960898", "name": "Lakshbir"}, {"imdb_id": "nm9925989", "name": "Manan Madaan"}, {"imdb_id": "nm9960889", "name": "Madhubala"}, {"imdb_id": "nm9960894", "name": "Marangel"}, {"imdb_id": "nm9960890", "name": "Miren"}, {"imdb_id": "nm8077479", "name": "Naman"}, {"imdb_id": "nm9960878", "name": "Udit Ohri"}, {"imdb_id": "nm9960887", "name": "Saumya Pahwa"}, {"imdb_id": "nm9960891", "name": "Parth"}, {"imdb_id": "nm9960902", "name": "Manoj Rawat"}, {"imdb_id": "nm9960885", "name": "Syed Rizwan"}, {"imdb_id": "nm3619019", "name": "Simran Sachdeva"}, {"imdb_id": "nm9960909", "name": "Yogesh Sahotra"}, {"imdb_id": "nm9960892", "name": "Seerat"}, {"imdb_id": "nm9960910", "name": "Devarashi Shah"}, {"imdb_id": "nm9775280", "name": "Adreeja Sharma"}, {"imdb_id": "nm9960907", "name": "Pradeep Sharma"}, {"imdb_id": "nm6366399", "name": "Vikas Shukla"}, {"imdb_id": "nm8998462", "name": "Lovely Sidhu"}, {"imdb_id": "nm9960888", "name": "Amy Singh"}, {"imdb_id": "nm9902408", "name": "Angad Singh"}, {"imdb_id": "nm7464979", "name": "Balendar Singh"}, {"imdb_id": "nm8035389", "name": "Harmanpal Singh"}, {"imdb_id": "nm9045629", "name": "Hearty Singh"}, {"imdb_id": "nm8035588", "name": "Ikkatar Singh"}, {"imdb_id": "nm2596835", "name": "Vartika Singh"}, {"imdb_id": "nm9960896", "name": "Sukhraj"}, {"imdb_id": "nm0839634", "name": "Sanjay Suri"}, {"imdb_id": "nm3766634", "name": "Tanish"}, {"imdb_id": "nm5317125", "name": "Gurpreet Toti"}, {"imdb_id": "nm9960886", "name": "Ankur Tripathi"}, {"imdb_id": "nm6117653", "name": "Sundip Ved"}, {"imdb_id": "nm7862284", "name": "Rajvir Chauhan"}, {"imdb_id": "nm4289770", "name": "Midhat Khan"}]