[{"imdb_id": "nm1099597", "name": "Radha Ravi"}, {"imdb_id": "nm3905156", "name": "Sangili Murugan"}, {"imdb_id": "nm0712437", "name": "Nizhalgal Ravi"}, {"imdb_id": "nm1023647", "name": "Saravanan"}, {"imdb_id": "nm6678966", "name": "Vinodhini Vaidynathan"}, {"imdb_id": "nm6046822", "name": "Gajaraj"}, {"imdb_id": "nm1018736", "name": "Sanjay"}, {"imdb_id": "nm1018736", "name": "Kumar"}, {"imdb_id": "nm5369429", "name": "Karunakaran"}, {"imdb_id": "nm4717384", "name": "Ghibran"}, {"imdb_id": "nm9103143", "name": "Abhirami"}, {"imdb_id": "nm6001916", "name": "Suzane George"}, {"imdb_id": "nm6106368", "name": "Munishkanth"}, {"imdb_id": "nm3898762", "name": "Amala Paul"}, {"imdb_id": "nm9088402", "name": "Sanjay"}, {"imdb_id": "nm6106360", "name": "Kaali Venkat"}, {"imdb_id": "nm3684167", "name": "Vishnu Vishal"}]