[{"imdb_id": "nm4043111", "name": "Vijay Sethupathi"}, {"imdb_id": "nm1335704", "name": "Fahadh Faasil"}, {"imdb_id": "nm3606487", "name": "Samantha Ruth Prabhu"}, {"imdb_id": "nm0471447", "name": "Ramya Krishnan"}, {"imdb_id": "nm4199426", "name": "Myshkin"}, {"imdb_id": "nm5408141", "name": "Gayathrie"}, {"imdb_id": "nm1056884", "name": "Ashwanth Ashokkumar"}, {"imdb_id": "nm5408984", "name": "Bagavathi Perumal"}, {"imdb_id": "nm1080194", "name": "Jayanth"}, {"imdb_id": "nm1058476", "name": "Mirnalini Ravi"}, {"imdb_id": "nm1080194", "name": "Noble"}, {"imdb_id": "nm1056894", "name": "Vijay Ram"}, {"imdb_id": "nm1056894", "name": "Abdul Jabbar"}, {"imdb_id": "nm1080194", "name": "Naveen"}, {"imdb_id": "nm1056894", "name": "Manushyaputhiran"}, {"imdb_id": "nm1080194", "name": "Rengarajan Rajagopalan"}, {"imdb_id": "nm1080195", "name": "Kavin Jay Balaji"}, {"imdb_id": "nm9821117", "name": "Vivek Raju"}]