[{"imdb_id": "nm4043111", "name": "Vijay Sethupathi"}, {"imdb_id": "nm1375534", "name": "Trisha Krishnan"}, {"imdb_id": "nm9103031", "name": "Varsha Bollamma"}, {"imdb_id": "nm1017430", "name": "Adithya Bhaskar"}, {"imdb_id": "nm1017430", "name": "Gouri Kishan"}, {"imdb_id": "nm2011414", "name": "Devadarshini Chetan"}, {"imdb_id": "nm0417301", "name": "Janagaraj"}, {"imdb_id": "nm4820548", "name": "Murugadass"}, {"imdb_id": "nm5408984", "name": "Bagavathi Perumal"}, {"imdb_id": "nm1688033", "name": "Kavithalaya Krishnan"}, {"imdb_id": "nm1017431", "name": "Niyathi Kadambi"}, {"imdb_id": "nm1017431", "name": "Shyam Prasad"}]