[{"imdb_id": "nm1277547", "name": "Viineet Kumar"}, {"imdb_id": "nm0792116", "name": "Jimmy Sheirgill"}, {"imdb_id": "nm9096966", "name": "Zoya Hussain"}, {"imdb_id": "nm0457410", "name": "Ravi Kishan"}, {"imdb_id": "nm5685980", "name": "Rajesh Tailang"}, {"imdb_id": "nm7436747", "name": "Shreedhar Dubey"}, {"imdb_id": "nm0802218", "name": "Sadhana Singh"}, {"imdb_id": "nm3042097", "name": "Shakti Kumar"}, {"imdb_id": "nm3465006", "name": "Chittaranjan Tripathy"}, {"imdb_id": "nm9780945", "name": "Sukhesh Mishra"}, {"imdb_id": "nm9780946", "name": "Shikha Chauhan"}, {"imdb_id": "nm3887650", "name": "Abhay Joshi"}, {"imdb_id": "nm1596350", "name": "Nawazuddin Siddiqui"}, {"imdb_id": "nm1795494", "name": "Syed Firdaus"}]