[{"imdb_id": "nm4797922", "name": "Vijay Deverakonda"}, {"imdb_id": "nm7441022", "name": "Shalini Pandey"}, {"imdb_id": "nm7219941", "name": "Jia Sharma"}, {"imdb_id": "nm0437147", "name": "Kanchana"}, {"imdb_id": "nm1670807", "name": "Sanjay Swaroop"}, {"imdb_id": "nm1210026", "name": "Bhushan Kalyan"}, {"imdb_id": "nm5629068", "name": "Sandhya Janak"}, {"imdb_id": "nm2699810", "name": "Kamal Kamaraju"}, {"imdb_id": "nm8146489", "name": "Padmaja"}, {"imdb_id": "nm5394373", "name": "R.J. Hemant"}, {"imdb_id": "nm8412322", "name": "Rahul Ramakrishna"}, {"imdb_id": "nm6419392", "name": "Priyadarshi"}, {"imdb_id": "nm9366878", "name": "Kalyan Vitappu"}, {"imdb_id": "nm9227040", "name": "Amit Sharma"}, {"imdb_id": "nm9366880", "name": "Sri Sudha"}, {"imdb_id": "nm6178628", "name": "Lahari"}, {"imdb_id": "nm8971057", "name": "Kalpalatha"}, {"imdb_id": "nm9366881", "name": "Swaynthika"}, {"imdb_id": "nm9366882", "name": "Sravya Mrudula"}, {"imdb_id": "nm6509899", "name": "Sundaram"}, {"imdb_id": "nm4970300", "name": "Meghana"}, {"imdb_id": "nm1310087", "name": "Greeshma"}, {"imdb_id": "nm3119781", "name": "Malli"}, {"imdb_id": "nm9366884", "name": "Lakshmi Kiran"}, {"imdb_id": "nm9061362", "name": "Lakshmi Narayana"}, {"imdb_id": "nm9366885", "name": "Pawan Chowdary"}, {"imdb_id": "nm9366886", "name": "Pawan Shenoy"}, {"imdb_id": "nm9366887", "name": "Jai"}, {"imdb_id": "nm9366888", "name": "Raghu"}, {"imdb_id": "nm9366889", "name": "Manikanta Lakkemshetty"}, {"imdb_id": "nm9366890", "name": "Prashanth"}, {"imdb_id": "nm9366891", "name": "Bhanu Prasad"}, {"imdb_id": "nm9366892", "name": "Krishnamurthy"}, {"imdb_id": "nm9366893", "name": "Muralikrishna"}, {"imdb_id": "nm9366894", "name": "Kaalicharan"}, {"imdb_id": "nm8205945", "name": "Meesam Suresh"}, {"imdb_id": "nm9366896", "name": "Sangeetha"}, {"imdb_id": "nm3932031", "name": "Bharathi Rao"}, {"imdb_id": "nm9366897", "name": "Samatha Sharma"}, {"imdb_id": "nm3812353", "name": "Keerthika"}, {"imdb_id": "nm1551475", "name": "Ramarao"}, {"imdb_id": "nm9366900", "name": "Anusha"}, {"imdb_id": "nm9366901", "name": "Nagendra"}, {"imdb_id": "nm9366902", "name": "Ramadevi"}, {"imdb_id": "nm9366903", "name": "Raju"}, {"imdb_id": "nm9366904", "name": "Parushuram"}, {"imdb_id": "nm9366905", "name": "Gabru Shaik"}, {"imdb_id": "nm8484966", "name": "Arun Babu"}, {"imdb_id": "nm9366906", "name": "Manikanta"}, {"imdb_id": "nm9366907", "name": "Auto Srinu"}, {"imdb_id": "nm0442660", "name": "Kavitha"}, {"imdb_id": "nm9366908", "name": "Yamini Manthena"}, {"imdb_id": "nm8001649", "name": "Roopa Prabhakar"}, {"imdb_id": "nm9366909", "name": "Swamy Machiraju"}, {"imdb_id": "nm9366910", "name": "Harshavardhan Reddy Alla"}, {"imdb_id": "nm9366911", "name": "Suman Philip"}, {"imdb_id": "nm9366912", "name": "Mubeen Ahmed Khan"}, {"imdb_id": "nm9366913", "name": "Twinkle"}, {"imdb_id": "nm9366914", "name": "Uma"}, {"imdb_id": "nm9366916", "name": "Shirisha"}, {"imdb_id": "nm9366917", "name": "Sandhya"}, {"imdb_id": "nm9366918", "name": "Aruna Puvvada"}, {"imdb_id": "nm8957117", "name": "Suhas"}, {"imdb_id": "nm5875145", "name": "Aneesha"}, {"imdb_id": "nm9366883", "name": "Kalyan Babu"}, {"imdb_id": "nm5741809", "name": "Gopinath Bhat"}, {"imdb_id": "nm9366879", "name": "Aditi Myakal"}, {"imdb_id": "nm9366895", "name": "Sri Saibaba"}, {"imdb_id": "nm9369628", "name": "Kalyan Subramanyam"}, {"imdb_id": "nm9227039", "name": "Sandeep Reddy Vanga"}]