[{"imdb_id": "nm0474774", "name": "Akshay Kumar"}, {"imdb_id": "nm2331000", "name": "Radhika Apte"}, {"imdb_id": "nm2128238", "name": "Sonam Kapoor"}, {"imdb_id": "nm1533122", "name": "Jyoti Subhash"}, {"imdb_id": "nm5043571", "name": "Urmila Mahanta"}, {"imdb_id": "nm1224984", "name": "Suneel Sinha"}, {"imdb_id": "nm2471193", "name": "Sanjay Singh"}, {"imdb_id": "nm3767543", "name": "Rakesh Chaturvedi Om"}, {"imdb_id": "nm4668497", "name": "Mrinmayee Godbole"}, {"imdb_id": "nm1005648", "name": "Mridul Satam"}, {"imdb_id": "nm5110857", "name": "Parul Chauhan"}, {"imdb_id": "nm3198740", "name": "Saurabh Agarwal"}, {"imdb_id": "nm0000821", "name": "Amitabh Bachchan"}, {"imdb_id": "nm9190300", "name": "Varun Bag"}, {"imdb_id": "nm8479608", "name": "Himika Bose"}, {"imdb_id": "nm1397442", "name": "Riva Bubber"}, {"imdb_id": "nm1126685", "name": "Parul Chouhan"}, {"imdb_id": "nm8015723", "name": "Gautmik"}, {"imdb_id": "nm1283105", "name": "Chittaranjan Giri"}, {"imdb_id": "nm9190301", "name": "Lalita Goyal"}, {"imdb_id": "nm6281278", "name": "Faiz Khan"}, {"imdb_id": "nm2180895", "name": "Wasim Khan"}, {"imdb_id": "nm2463153", "name": "Swini Khara"}, {"imdb_id": "nm2683926", "name": "Ran Levy"}, {"imdb_id": "nm4897242", "name": "Zachary Harris Martin"}, {"imdb_id": "nm0579756", "name": "Biju Menon"}, {"imdb_id": "nm5815267", "name": "Aman Singh Mukar"}, {"imdb_id": "nm4247645", "name": "Andreas Pliatsikas"}, {"imdb_id": "nm6120813", "name": "Santosh Rai"}, {"imdb_id": "nm4563111", "name": "A.R. Rama"}, {"imdb_id": "nm9605230", "name": "Santosh Rege"}, {"imdb_id": "nm7943212", "name": "Abhimanyu Sarkar"}, {"imdb_id": "nm8760132", "name": "Nandini Shrivastava"}, {"imdb_id": "nm1012745", "name": "Akash Srivastava"}, {"imdb_id": "nm5362989", "name": "Rob Tunstall"}, {"imdb_id": "nm7990437", "name": "George Zouvelos"}]