[{"imdb_id": "nm0222426", "name": "Ajay Devgn"}, {"imdb_id": "nm0795661", "name": "Saurabh Shukla"}, {"imdb_id": "nm2299825", "name": "Ileana D'Cruz"}, {"imdb_id": "nm1748072", "name": "Amit Sial"}, {"imdb_id": "nm9243482", "name": "Geeta Agarwal"}, {"imdb_id": "nm1008956", "name": "Prakash Bajpai"}, {"imdb_id": "nm9709175", "name": "Amit Bimrot"}, {"imdb_id": "nm0149441", "name": "Sheeba Chaddha"}, {"imdb_id": "nm9689355", "name": "Devas Dixit"}, {"imdb_id": "nm7694608", "name": "Gayathri Iyer"}, {"imdb_id": "nm9709173", "name": "Pushpa Joshi"}, {"imdb_id": "nm1334512", "name": "Ravi Khanvilkar"}, {"imdb_id": "nm8738174", "name": "Ashwani Kumar"}, {"imdb_id": "nm1089165", "name": "Mayank Kumar Mishra"}, {"imdb_id": "nm1034284", "name": "Simran Nisha"}, {"imdb_id": "nm9709176", "name": "Neelabh Pandey"}, {"imdb_id": "nm4540889", "name": "Sulagna Panigrahi"}, {"imdb_id": "nm9615361", "name": "Ajay Singh"}, {"imdb_id": "nm9252454", "name": "Surbhi Singh"}, {"imdb_id": "nm9709174", "name": "Uday Vir Singh"}, {"imdb_id": "nm4606894", "name": "Pravin Singh Sisodia"}, {"imdb_id": "nm4858115", "name": "Saanand Verma"}]