[{"imdb_id": "nm2776304", "name": "Ram Charan"}, {"imdb_id": "nm3606487", "name": "Samantha Ruth Prabhu"}, {"imdb_id": "nm3942577", "name": "Aadhi"}, {"imdb_id": "nm0045075", "name": "Jagapathi Babu"}, {"imdb_id": "nm0621418", "name": "V.K. Naresh"}, {"imdb_id": "nm0695177", "name": "Prakash Raj"}, {"imdb_id": "nm7850258", "name": "Anasuya Bharadwaj"}, {"imdb_id": "nm1094188", "name": "Rohini"}, {"imdb_id": "nm9706424", "name": "Mahesh Achanta"}, {"imdb_id": "nm9855614", "name": "Aditya"}, {"imdb_id": "nm9855622", "name": "Anil"}, {"imdb_id": "nm4757665", "name": "Annie"}, {"imdb_id": "nm9855612", "name": "Appu"}, {"imdb_id": "nm9855560", "name": "Fm Babai"}, {"imdb_id": "nm9855593", "name": "Sathi Babu"}, {"imdb_id": "nm9855624", "name": "Suri Babu"}, {"imdb_id": "nm0051857", "name": "Banerjee"}, {"imdb_id": "nm9855619", "name": "Basha"}, {"imdb_id": "nm9855588", "name": "Bhaskar"}, {"imdb_id": "nm9855559", "name": "Sai Bhuktha"}, {"imdb_id": "nm0103976", "name": "Brahmaji"}, {"imdb_id": "nm9855586", "name": "Muni Chandra"}, {"imdb_id": "nm9855613", "name": "Deva"}, {"imdb_id": "nm9855618", "name": "Durgaji"}, {"imdb_id": "nm9855571", "name": "Ganapathi"}, {"imdb_id": "nm8752976", "name": "Gangadhar"}, {"imdb_id": "nm9855615", "name": "Ghani"}, {"imdb_id": "nm4886752", "name": "Ajay Ghosh"}, {"imdb_id": "nm2145958", "name": "Vajja Venkata Giridhar"}, {"imdb_id": "nm8412336", "name": "Gopal"}, {"imdb_id": "nm9855589", "name": "Muralidhar Goud"}, {"imdb_id": "nm9855570", "name": "Govind"}, {"imdb_id": "nm9855629", "name": "Hari"}, {"imdb_id": "nm5249562", "name": "Pooja Hegde"}, {"imdb_id": "nm9855627", "name": "Kaasulu"}, {"imdb_id": "nm1960306", "name": "Rajeev Kanakala"}, {"imdb_id": "nm6176295", "name": "Kadambari Kiran"}, {"imdb_id": "nm9855566", "name": "Kittayya"}, {"imdb_id": "nm9366892", "name": "Krishnamurthy"}, {"imdb_id": "nm9855569", "name": "Arun Kumar"}, {"imdb_id": "nm9855568", "name": "Raj Kumar"}, {"imdb_id": "nm9855587", "name": "Shiva Kumar"}, {"imdb_id": "nm9855592", "name": "Vijay Kumar"}, {"imdb_id": "nm7956654", "name": "Lakshmikanth"}, {"imdb_id": "nm9855585", "name": "Maarkandeyulu"}, {"imdb_id": "nm9855596", "name": "Naga Mahesh"}, {"imdb_id": "nm9855623", "name": "Mallayya"}, {"imdb_id": "nm9855609", "name": "Mallesh"}, {"imdb_id": "nm9855561", "name": "Koru Mamidi"}, {"imdb_id": "nm9855607", "name": "Ring Mani"}, {"imdb_id": "nm1351327", "name": "Nageshwara Rao"}, {"imdb_id": "nm6200067", "name": "Jogi Naidu"}, {"imdb_id": "nm9855631", "name": "Lakshmi Narayana"}, {"imdb_id": "nm7188724", "name": "Naveen Neni"}, {"imdb_id": "nm9855555", "name": "Poojitha Ponnada"}, {"imdb_id": "nm7948832", "name": "Pujita Ponnada"}, {"imdb_id": "nm9855599", "name": "Shiva Prasad"}, {"imdb_id": "nm5182167", "name": "Prithviraj"}, {"imdb_id": "nm9855628", "name": "Puttayya"}, {"imdb_id": "nm9855604", "name": "Rajshekar"}, {"imdb_id": "nm6571214", "name": "Jogi Krishnam Raju"}, {"imdb_id": "nm8752951", "name": "Ramakrishna"}, {"imdb_id": "nm9855630", "name": "Sunkara Rangarao"}, {"imdb_id": "nm9855574", "name": "Koteshwara Rao"}, {"imdb_id": "nm9855575", "name": "Krishneshwar Rao"}, {"imdb_id": "nm9855567", "name": "Muneshwara Rao"}, {"imdb_id": "nm9855573", "name": "Narasimha Rao"}, {"imdb_id": "nm9855564", "name": "Raghav Rao"}, {"imdb_id": "nm9855577", "name": "Venkateshwara Rao"}, {"imdb_id": "nm6836532", "name": "Josh Ravi"}, {"imdb_id": "nm9855621", "name": "Ravindra"}, {"imdb_id": "nm9855565", "name": "Katam Reddy"}, {"imdb_id": "nm7948045", "name": "Malla Reddy"}, {"imdb_id": "nm9855602", "name": "Narasimha Reddy"}, {"imdb_id": "nm4452909", "name": "Srinivas Rudra"}, {"imdb_id": "nm9855558", "name": "Pammi Sai"}, {"imdb_id": "nm9855605", "name": "Sri Sai"}, {"imdb_id": "nm5623923", "name": "Satya"}, {"imdb_id": "nm6252875", "name": "Noel Sean"}, {"imdb_id": "nm6252873", "name": "Chandra Sekhar"}, {"imdb_id": "nm9061355", "name": "Shaking Seshu"}, {"imdb_id": "nm9855625", "name": "Sharath"}, {"imdb_id": "nm9227040", "name": "Amit Sharma"}, {"imdb_id": "nm9061357", "name": "Shatru"}, {"imdb_id": "nm9855557", "name": "Shekhar"}, {"imdb_id": "nm9855591", "name": "Shyamala"}, {"imdb_id": "nm9855610", "name": "Siddha"}, {"imdb_id": "nm9855611", "name": "Srikanth"}, {"imdb_id": "nm9855603", "name": "Srinivas"}, {"imdb_id": "nm9855563", "name": "Geddam Srinivas"}, {"imdb_id": "nm9855600", "name": "Pappu Srinivas"}, {"imdb_id": "nm9855606", "name": "Subramanyam"}, {"imdb_id": "nm9855617", "name": "Sai Sudheer"}, {"imdb_id": "nm9855562", "name": "Sundarayya"}, {"imdb_id": "nm9855597", "name": "Pavan Suresh"}, {"imdb_id": "nm9855608", "name": "Shiva Surya"}, {"imdb_id": "nm9855594", "name": "Teja"}, {"imdb_id": "nm9855595", "name": "Pavan Teja"}, {"imdb_id": "nm9691122", "name": "Sreenu Get Up"}, {"imdb_id": "nm9855620", "name": "Surya Varma"}, {"imdb_id": "nm9855601", "name": "Veerendra"}, {"imdb_id": "nm9855590", "name": "Venkatesh"}, {"imdb_id": "nm9855584", "name": "Rao Venkateshwara"}, {"imdb_id": "nm9855576", "name": "Vivek"}, {"imdb_id": "nm9855556", "name": "Yaani"}, {"imdb_id": "nm9855572", "name": "Swamy Naidu Yerubandhi"}]