[{"imdb_id": "nm7146337", "name": "Keerthi Suresh"}, {"imdb_id": "nm4921260", "name": "Dulquer Salmaan"}, {"imdb_id": "nm3606487", "name": "Samantha Ruth Prabhu"}, {"imdb_id": "nm4797922", "name": "Vijay Deverakonda"}, {"imdb_id": "nm0707399", "name": "Rajendra Prasad"}, {"imdb_id": "nm0080228", "name": "Bhanupriya"}, {"imdb_id": "nm0228685", "name": "Divyavani"}, {"imdb_id": "nm0595934", "name": "Mohan Babu"}, {"imdb_id": "nm0695177", "name": "Prakash Raj"}, {"imdb_id": "nm4015380", "name": "Srinivas Avasarala"}, {"imdb_id": "nm1048426", "name": "Irfan Ahmed Syed"}, {"imdb_id": "nm3602118", "name": "Naga Chaitanya Akkineni"}, {"imdb_id": "nm1007581", "name": "Manobala"}, {"imdb_id": "nm6325281", "name": "Malavika Nair"}, {"imdb_id": "nm7441022", "name": "Shalini Pandey"}, {"imdb_id": "nm3758453", "name": "Radha Krishna Jagarlamudi"}, {"imdb_id": "nm5056902", "name": "Tharun Bhascker Dhaassyam"}, {"imdb_id": "nm9952149", "name": "Sai Tejashwini"}, {"imdb_id": "nm9952150", "name": "Chaitra"}, {"imdb_id": "nm9952151", "name": "Suresh"}, {"imdb_id": "nm9953164", "name": "Ram Charan"}, {"imdb_id": "nm9952152", "name": "Jayanthi Reddy"}, {"imdb_id": "nm9952153", "name": "Thulasi"}, {"imdb_id": "nm9952154", "name": "Murali Krishna"}, {"imdb_id": "nm9952155", "name": "Ramadevi"}, {"imdb_id": "nm9227039", "name": "Sandeep Reddy Vanga"}, {"imdb_id": "nm9952156", "name": "Somshekar"}, {"imdb_id": "nm9952157", "name": "Muktha"}, {"imdb_id": "nm9952158", "name": "Rambabu"}, {"imdb_id": "nm9952159", "name": "Divya"}, {"imdb_id": "nm9744941", "name": "Harini Rao"}, {"imdb_id": "nm9952160", "name": "Mrunal Varma"}, {"imdb_id": "nm9952161", "name": "Vijay Kumar"}, {"imdb_id": "nm8996453", "name": "Avanti Deepak"}, {"imdb_id": "nm9952162", "name": "Jayamma"}, {"imdb_id": "nm9952163", "name": "Durga"}, {"imdb_id": "nm1347441", "name": "Prasad Sharma"}, {"imdb_id": "nm0080238", "name": "Tanikella Bharani"}, {"imdb_id": "nm9808565", "name": "Mohan Bhagat"}, {"imdb_id": "nm9952164", "name": "Rohith"}, {"imdb_id": "nm9952165", "name": "Sai Kiran"}, {"imdb_id": "nm9952166", "name": "Sreekanth"}, {"imdb_id": "nm9952167", "name": "N. Kiran Sai Reddy"}, {"imdb_id": "nm9952168", "name": "Santhosh"}, {"imdb_id": "nm9952169", "name": "Hamshitha"}, {"imdb_id": "nm9952170", "name": "Twisha"}, {"imdb_id": "nm9952171", "name": "Shilpa Gns"}, {"imdb_id": "nm0820245", "name": "Sri Lakshmi"}, {"imdb_id": "nm1020283", "name": "Karthik"}, {"imdb_id": "nm1020283", "name": "Akhil"}, {"imdb_id": "nm1020284", "name": "C.H. Manohar"}, {"imdb_id": "nm0621418", "name": "V.K. Naresh"}, {"imdb_id": "nm9952172", "name": "Arjuna Prasad"}, {"imdb_id": "nm9952173", "name": "Srinivasa Rao"}, {"imdb_id": "nm9952174", "name": "Raj Nihar"}, {"imdb_id": "nm9952175", "name": "Karunn"}, {"imdb_id": "nm9952176", "name": "Lakshmi"}, {"imdb_id": "nm9952177", "name": "Surendra"}, {"imdb_id": "nm2458101", "name": "A. Murali Krishna"}, {"imdb_id": "nm9952178", "name": "Narayana"}, {"imdb_id": "nm9952179", "name": "Kala"}, {"imdb_id": "nm2649664", "name": "Purushottam"}, {"imdb_id": "nm9952180", "name": "Swami"}, {"imdb_id": "nm9952245", "name": "Kaaliraju"}, {"imdb_id": "nm7802864", "name": "Irfaan Khan"}, {"imdb_id": "nm9952246", "name": "Vasanth Rao"}, {"imdb_id": "nm9952247", "name": "Charani Rao Pidikiti"}, {"imdb_id": "nm9706424", "name": "Mahesh Achanta"}, {"imdb_id": "nm7188765", "name": "Ramya Achanta"}, {"imdb_id": "nm9952279", "name": "Aishwarya"}, {"imdb_id": "nm9952376", "name": "Ajay"}, {"imdb_id": "nm9952256", "name": "Ajith"}, {"imdb_id": "nm9952278", "name": "Akshara"}, {"imdb_id": "nm1538033", "name": "Rajab Ali"}, {"imdb_id": "nm9952261", "name": "Alivelu"}, {"imdb_id": "nm9952288", "name": "Siri Ankith"}, {"imdb_id": "nm9952251", "name": "Anusha"}, {"imdb_id": "nm9952267", "name": "Arun"}, {"imdb_id": "nm9952262", "name": "Ram Babu"}, {"imdb_id": "nm9952313", "name": "Suresh Babu"}, {"imdb_id": "nm9952307", "name": "Baby Sri"}, {"imdb_id": "nm9952258", "name": "Guru Bachan"}, {"imdb_id": "nm9952379", "name": "Albert Bertram"}, {"imdb_id": "nm9952298", "name": "Bhaskar"}, {"imdb_id": "nm9952370", "name": "Sridevi Bhumi"}, {"imdb_id": "nm7339980", "name": "Sai Madhav Burra"}, {"imdb_id": "nm8675856", "name": "Vamsee Chaganti"}, {"imdb_id": "nm9952304", "name": "Chalapathy"}, {"imdb_id": "nm9952356", "name": "Chandrika"}, {"imdb_id": "nm9952257", "name": "Chandrkanth"}, {"imdb_id": "nm9952259", "name": "Ashrita Chaparala"}, {"imdb_id": "nm2776304", "name": "Ram Charan"}, {"imdb_id": "nm8701926", "name": "Charitha"}, {"imdb_id": "nm9952260", "name": "Chiranjeevi"}, {"imdb_id": "nm9952296", "name": "Devi"}, {"imdb_id": "nm9952369", "name": "Dileep"}, {"imdb_id": "nm9952293", "name": "Srinivas Emani"}, {"imdb_id": "nm7886588", "name": "Pallavi Gangireddy"}, {"imdb_id": "nm9952290", "name": "Geetha Gautam"}, {"imdb_id": "nm9952294", "name": "Prasad Gogineni"}, {"imdb_id": "nm9952368", "name": "Baby Harini"}, {"imdb_id": "nm9952277", "name": "Haritha"}, {"imdb_id": "nm9952355", "name": "Indrakshi"}, {"imdb_id": "nm7188770", "name": "Aishwarya Iyer"}, {"imdb_id": "nm9952361", "name": "Jaidev"}, {"imdb_id": "nm8243778", "name": "Jyotsna"}, {"imdb_id": "nm9952283", "name": "Kamesh"}, {"imdb_id": "nm9952255", "name": "Karim"}, {"imdb_id": "nm3812353", "name": "Keerthika"}, {"imdb_id": "nm9952302", "name": "Kamal Kiran"}, {"imdb_id": "nm5064474", "name": "John Kottoly"}, {"imdb_id": "nm9952292", "name": "Krishna"}, {"imdb_id": "nm8744104", "name": "Chandana Krishna"}, {"imdb_id": "nm9952363", "name": "Abhinav Kodam Kumar"}, {"imdb_id": "nm9952268", "name": "Prem Kumar"}, {"imdb_id": "nm9952265", "name": "Shiva Kumar"}, {"imdb_id": "nm9952351", "name": "Sri Lakshmi"}, {"imdb_id": "nm9952364", "name": "Lucky"}, {"imdb_id": "nm9952310", "name": "Madhavi"}, {"imdb_id": "nm9952272", "name": "Babu Makkireddy"}, {"imdb_id": "nm9952249", "name": "Malli"}, {"imdb_id": "nm9952366", "name": "Mallikarjuna"}, {"imdb_id": "nm9952297", "name": "Manikyam"}, {"imdb_id": "nm9952308", "name": "Moovender"}, {"imdb_id": "nm9952285", "name": "Murthy"}, {"imdb_id": "nm9952276", "name": "Namala Murthy"}, {"imdb_id": "nm9952269", "name": "Nagaraju"}, {"imdb_id": "nm9952362", "name": "Murthy Naidu"}, {"imdb_id": "nm9952309", "name": "Nandita"}, {"imdb_id": "nm9952291", "name": "Nanditha"}, {"imdb_id": "nm2489853", "name": "Adi Narayana"}, {"imdb_id": "nm9952360", "name": "Lakshmi Narayana"}, {"imdb_id": "nm9952280", "name": "Narendra"}, {"imdb_id": "nm9952316", "name": "Narsimhulu"}, {"imdb_id": "nm1515673", "name": "Niharika"}, {"imdb_id": "nm9952286", "name": "Nirmala"}, {"imdb_id": "nm9952287", "name": "Olga"}, {"imdb_id": "nm9952248", "name": "Bombay Padma"}, {"imdb_id": "nm1935127", "name": "Prabhavathi"}, {"imdb_id": "nm9952314", "name": "Praveen Prabhu"}, {"imdb_id": "nm9952315", "name": "Kvd Prasad"}, {"imdb_id": "nm9952303", "name": "Pravallika"}, {"imdb_id": "nm9952275", "name": "Purnajer"}, {"imdb_id": "nm9952273", "name": "Bangaru Raju"}, {"imdb_id": "nm9952281", "name": "Ramesh"}, {"imdb_id": "nm9952271", "name": "Ramu"}, {"imdb_id": "nm1301883", "name": "Ram Mohan Rao"}, {"imdb_id": "nm9952367", "name": "Subba Rao"}, {"imdb_id": "nm9952252", "name": "Swaraj Rao"}, {"imdb_id": "nm9952282", "name": "Karthik Rathnam"}, {"imdb_id": "nm9952295", "name": "Shruti Rayan"}, {"imdb_id": "nm8285593", "name": "Swaraj Rebbapragada"}, {"imdb_id": "nm9952312", "name": "Lavanya Reddy"}, {"imdb_id": "nm9952353", "name": "Nikhila Reddy"}, {"imdb_id": "nm9952311", "name": "Revathinath"}, {"imdb_id": "nm9952274", "name": "Rishi"}, {"imdb_id": "nm6207242", "name": "Rishita"}, {"imdb_id": "nm9952305", "name": "Rushank"}, {"imdb_id": "nm9952306", "name": "Saanvi"}, {"imdb_id": "nm9952289", "name": "Bhavya Salapu"}, {"imdb_id": "nm3288367", "name": "Dani Sanchez-Lopez"}, {"imdb_id": "nm2360937", "name": "Shivi"}, {"imdb_id": "nm9952375", "name": "Simha"}, {"imdb_id": "nm9952373", "name": "Sindhura"}, {"imdb_id": "nm9952250", "name": "Srinivas"}, {"imdb_id": "nm9952266", "name": "Surya Srinivas"}, {"imdb_id": "nm1746107", "name": "Srinu"}, {"imdb_id": "nm9952378", "name": "Srivi"}, {"imdb_id": "nm9952301", "name": "Vv Subramanyam"}, {"imdb_id": "nm9952270", "name": "Sundaram"}, {"imdb_id": "nm9952253", "name": "Swaraj"}, {"imdb_id": "nm9952371", "name": "Sree Teja"}, {"imdb_id": "nm0876310", "name": "Tulasi"}, {"imdb_id": "nm9952254", "name": "Veerabadram"}, {"imdb_id": "nm9952264", "name": "Maha Venkatesh"}, {"imdb_id": "nm9952300", "name": "Vidya"}, {"imdb_id": "nm5598665", "name": "Sri Vidya"}, {"imdb_id": "nm9952372", "name": "Srinivas Volety"}]