[{"imdb_id": "nm3822770", "name": "Rajkummar Rao"}, {"imdb_id": "nm3713653", "name": "Kriti Kharbanda"}, {"imdb_id": "nm0706953", "name": "K.K. Raina"}, {"imdb_id": "nm1320935", "name": "Alka Amin"}, {"imdb_id": "nm1479650", "name": "Vipin Sharma"}, {"imdb_id": "nm5105464", "name": "Govind Namdev"}, {"imdb_id": "nm1106067", "name": "Navni Parihar"}, {"imdb_id": "nm4540508", "name": "Nayani Dixit"}, {"imdb_id": "nm0656644", "name": "Manoj Pahwa"}, {"imdb_id": "nm9404355", "name": "Neha d Bhriguvanshi"}, {"imdb_id": "nm6938502", "name": "Karanvir Sharma"}, {"imdb_id": "nm5526335", "name": "Abhijeet Singh"}, {"imdb_id": "nm1385707", "name": "Ashish Kapoor"}, {"imdb_id": "nm1039814", "name": "Shailendra Kumar"}, {"imdb_id": "nm7353371", "name": "Vivek Yadav"}]