[{"imdb_id": "nm0004335", "name": "Hrithik Roshan"}, {"imdb_id": "nm7021807", "name": "Mrunal Thakur"}, {"imdb_id": "nm5446189", "name": "Nandish Singh"}, {"imdb_id": "nm0768297", "name": "Virendra Saxena"}, {"imdb_id": "nm0802218", "name": "Sadhana Singh"}, {"imdb_id": "nm0820282", "name": "Aditya Srivastava"}, {"imdb_id": "nm1020364", "name": "Sanket Deshpande"}, {"imdb_id": "nm2690647", "name": "Pankaj Tripathi"}, {"imdb_id": "nm8666232", "name": "Vaibhav Gupta"}, {"imdb_id": "nm2460840", "name": "Ali Haji"}, {"imdb_id": "nm0788903", "name": "Rajesh Sharma"}, {"imdb_id": "nm1020365", "name": "Deepali Kumar"}, {"imdb_id": "nm1283105", "name": "Chittaranjan Giri"}, {"imdb_id": "nm1020365", "name": "Ganesh Kumar"}, {"imdb_id": "nm1020365", "name": "Vijay Kumar"}, {"imdb_id": "nm2815326", "name": "Amit Sadh"}, {"imdb_id": "nm1086577", "name": "Abhishek Anand"}, {"imdb_id": "nm1020365", "name": "Susheel Sharma"}, {"imdb_id": "nm1086577", "name": "Abhishek Kumar"}, {"imdb_id": "nm1088220", "name": "Abhishek Kumar"}, {"imdb_id": "nm1082137", "name": "Samraut Soni"}, {"imdb_id": "nm1086577", "name": "Abhishek Kumar Sharma"}, {"imdb_id": "nm6997732", "name": "Sharat Sonu"}, {"imdb_id": "nm1654837", "name": "Manav Gohil"}, {"imdb_id": "nm1086577", "name": "Ajay Kumar"}, {"imdb_id": "nm1086577", "name": "Amrit Raj"}, {"imdb_id": "nm1086577", "name": "Ashwni Kumar"}, {"imdb_id": "nm1020365", "name": "Aayush Kumar Shukla"}, {"imdb_id": "nm1083723", "name": "Deepali Gautam"}, {"imdb_id": "nm8249479", "name": "Karishma Sharma"}, {"imdb_id": "nm1086577", "name": "Deepak Kumar Gupta"}, {"imdb_id": "nm1086577", "name": "Ghanshyam Kumar"}, {"imdb_id": "nm7056245", "name": "Ranimol Ta"}, {"imdb_id": "nm1086578", "name": "Gopi Kumar"}, {"imdb_id": "nm1086578", "name": "Krishna Kumar"}, {"imdb_id": "nm1086578", "name": "Laxmi Rajput"}, {"imdb_id": "nm1086578", "name": "Mansi Kumari"}, {"imdb_id": "nm1086578", "name": "Manish Kumar"}, {"imdb_id": "nm1086578", "name": "Mohammed Salman"}, {"imdb_id": "nm1086578", "name": "Naveen Kumar"}, {"imdb_id": "nm1086578", "name": "Neha Kumari"}, {"imdb_id": "nm1086578", "name": "Nitish Kumar"}, {"imdb_id": "nm1086578", "name": "Pradyuman Kumar"}, {"imdb_id": "nm1086579", "name": "Prem Kumar"}, {"imdb_id": "nm1086579", "name": "Prince Kumar"}, {"imdb_id": "nm6314105", "name": "Rahul Raj"}, {"imdb_id": "nm1086579", "name": "Rohit Kumar"}, {"imdb_id": "nm1086579", "name": "Roshan Raj"}, {"imdb_id": "nm1086579", "name": "Sunny Kumar"}, {"imdb_id": "nm1086580", "name": "Suraj Prakash"}, {"imdb_id": "nm1086580", "name": "Vikas Kumar"}, {"imdb_id": "nm1086580", "name": "Vinod Kumar Vishwakarma"}, {"imdb_id": "nm1086580", "name": "Vishal Kumar"}, {"imdb_id": "nm9081810", "name": "Adesh"}, {"imdb_id": "nm1092667", "name": "Mihir Ahuja"}, {"imdb_id": "nm1093960", "name": "Ajay"}, {"imdb_id": "nm1020364", "name": "Meraj Alam"}, {"imdb_id": "nm1093960", "name": "Altaf"}, {"imdb_id": "nm1020364", "name": "Jeetendra Awasthi"}, {"imdb_id": "nm1093956", "name": "Mohammed Aziz"}, {"imdb_id": "nm1093957", "name": "Suresh Bagia"}, {"imdb_id": "nm1093957", "name": "Yatendra Bahuguna"}, {"imdb_id": "nm1093957", "name": "Ehsaan Baksh"}, {"imdb_id": "nm3471718", "name": "Ulhas Barve"}, {"imdb_id": "nm7448309", "name": "Bhargav"}, {"imdb_id": "nm1093959", "name": "Brijesh"}, {"imdb_id": "nm1093960", "name": "Bullu"}, {"imdb_id": "nm1020364", "name": "Ajay Chakravorty"}, {"imdb_id": "nm5251732", "name": "Vihaan Chaudhary"}, {"imdb_id": "nm1093956", "name": "Sheroy Cooper"}, {"imdb_id": "nm1093959", "name": "Deepika"}, {"imdb_id": "nm8960132", "name": "Anud Singh Dhaka"}, {"imdb_id": "nm3953723", "name": "Diwakar Dhayani"}, {"imdb_id": "nm1093957", "name": "Ashish Dholakia"}, {"imdb_id": "nm1093957", "name": "Dimple"}, {"imdb_id": "nm1093956", "name": "Sanjeev Dutta"}, {"imdb_id": "nm6071686", "name": "Mahesh Ginnilal"}, {"imdb_id": "nm9643017", "name": "Sanchita Goswami"}, {"imdb_id": "nm1093956", "name": "Gulaabo"}, {"imdb_id": "nm4556125", "name": "Deepak Gulati"}, {"imdb_id": "nm1069258", "name": "Ghanteshwar T. Guru"}, {"imdb_id": "nm1093959", "name": "Harish"}, {"imdb_id": "nm8176245", "name": "Jai Hind"}, {"imdb_id": "nm1020364", "name": "Mohd Ashique Hussain"}, {"imdb_id": "nm3193259", "name": "Azharuddin Mohammed Ismail"}, {"imdb_id": "nm1093957", "name": "Riddhi Jain"}, {"imdb_id": "nm8664401", "name": "Vivek Jha"}, {"imdb_id": "nm1093955", "name": "Aadya Kadyan"}, {"imdb_id": "nm1093960", "name": "Rana Santosh Kamal"}, {"imdb_id": "nm1093957", "name": "Leher Kapoor"}, {"imdb_id": "nm1093957", "name": "Karya"}, {"imdb_id": "nm5630846", "name": "Santosh Kaushik"}, {"imdb_id": "nm1093959", "name": "Altaf Khan"}, {"imdb_id": "nm1093956", "name": "Arshad Khan"}, {"imdb_id": "nm1020365", "name": "Zia Ahmed Khan"}, {"imdb_id": "nm9336526", "name": "Abhishek Khanna"}, {"imdb_id": "nm7191143", "name": "Kiran Khoje"}, {"imdb_id": "nm1093959", "name": "Kirtiman"}, {"imdb_id": "nm1093958", "name": "Gauri Kong"}, {"imdb_id": "nm1093956", "name": "Sunil Manhjre"}, {"imdb_id": "nm8517601", "name": "Mohit K. Mehta"}, {"imdb_id": "nm3622243", "name": "Bramhaswaroop Mishra"}, {"imdb_id": "nm1093957", "name": "Mukesh"}, {"imdb_id": "nm1093960", "name": "Nasir"}, {"imdb_id": "nm1093960", "name": "Neeraj"}, {"imdb_id": "nm1093955", "name": "Gyan Prakash Pandey"}, {"imdb_id": "nm9829081", "name": "Manohar Pandey"}, {"imdb_id": "nm3124900", "name": "Sushil Pandey"}, {"imdb_id": "nm1093958", "name": "Chirag Pandya"}, {"imdb_id": "nm7460668", "name": "Nand Kishore Pant"}, {"imdb_id": "nm1066555", "name": "Umesh Pant"}, {"imdb_id": "nm9742706", "name": "Monika Panwar"}, {"imdb_id": "nm1093958", "name": "Kiran Parekh"}, {"imdb_id": "nm1093958", "name": "Ravi Raj"}, {"imdb_id": "nm1093958", "name": "Satyajit Rajput"}, {"imdb_id": "nm1093958", "name": "Prem Rathore"}, {"imdb_id": "nm1020364", "name": "Simi Sahnan"}, {"imdb_id": "nm5057209", "name": "Ritvik Sahore"}, {"imdb_id": "nm1093959", "name": "Rajesh Salvi"}, {"imdb_id": "nm1020364", "name": "Jeetu Samrat"}, {"imdb_id": "nm0761189", "name": "Paritosh Sand"}, {"imdb_id": "nm1093958", "name": "Jageshwar Sanwariya"}, {"imdb_id": "nm1093959", "name": "Satyendra"}, {"imdb_id": "nm1020365", "name": "Abhishek Sharma"}, {"imdb_id": "nm1093955", "name": "Renu Sharma"}, {"imdb_id": "nm1093960", "name": "Riaan Sharma"}, {"imdb_id": "nm1093956", "name": "Suryakant Sharma"}, {"imdb_id": "nm1093956", "name": "Kriti Shetty"}, {"imdb_id": "nm6821065", "name": "Kishor Chandra Shrivastav"}, {"imdb_id": "nm6227227", "name": "Vijay Shukla"}, {"imdb_id": "nm1093959", "name": "Avneet Singh"}, {"imdb_id": "nm1093960", "name": "Bhupendra Singh"}, {"imdb_id": "nm1093958", "name": "Binita Singh"}, {"imdb_id": "nm1093958", "name": "Gaurav Singh"}, {"imdb_id": "nm1093959", "name": "Vijay Singh"}, {"imdb_id": "nm4606894", "name": "Pravin Singh Sisodia"}, {"imdb_id": "nm1093959", "name": "Sonam"}, {"imdb_id": "nm1093957", "name": "Faiza Faiz Thakur"}, {"imdb_id": "nm2768833", "name": "Rati Shankar Tripathi"}, {"imdb_id": "nm1093958", "name": "Twinkle"}, {"imdb_id": "nm1822613", "name": "Mukesh Tyagi"}, {"imdb_id": "nm1994146", "name": "Vijay Varma"}, {"imdb_id": "nm1093956", "name": "Varsha"}, {"imdb_id": "nm7609640", "name": "Veer"}, {"imdb_id": "nm1093956", "name": "Rajashree Wad"}]