[{"imdb_id": "nm3315894", "name": "Varun Dhawan"}, {"imdb_id": "nm9460339", "name": "Banita Sandhu"}, {"imdb_id": "nm1335451", "name": "Gitanjali Rao"}, {"imdb_id": "nm5568241", "name": "Sahil Vedoliyaa"}, {"imdb_id": "nm9809240", "name": "Isha Chaturvedi"}, {"imdb_id": "nm9809241", "name": "Prateek Kapoor"}, {"imdb_id": "nm9809242", "name": "Iteeva Pandey"}, {"imdb_id": "nm9690447", "name": "Karamveer Kanwar"}, {"imdb_id": "nm1917408", "name": "Ashish Ghosh"}, {"imdb_id": "nm9809243", "name": "Rachica Oswal"}, {"imdb_id": "nm9899550", "name": "Aarti"}, {"imdb_id": "nm9899557", "name": "Gauri Aggarwal"}, {"imdb_id": "nm9899548", "name": "Rajesh Aggarwal"}, {"imdb_id": "nm9899531", "name": "Alex"}, {"imdb_id": "nm1865124", "name": "Nikita Anand"}, {"imdb_id": "nm9899527", "name": "Anmol"}, {"imdb_id": "nm9899523", "name": "Nilanjana Banerjee"}, {"imdb_id": "nm9899544", "name": "Shishendu Banerjee"}, {"imdb_id": "nm9770203", "name": "Raunak Barua"}, {"imdb_id": "nm9899528", "name": "Caroline"}, {"imdb_id": "nm9684934", "name": "Chiranjit Das"}, {"imdb_id": "nm9899541", "name": "Nikhil Dewan"}, {"imdb_id": "nm4568214", "name": "Aditi Dogra"}, {"imdb_id": "nm7635616", "name": "Eran"}, {"imdb_id": "nm9899568", "name": "Gautam"}, {"imdb_id": "nm9899532", "name": "Mala Gopal"}, {"imdb_id": "nm9899559", "name": "Bikram Gupta"}, {"imdb_id": "nm9899549", "name": "Dr. Himanshu"}, {"imdb_id": "nm9899547", "name": "Manish Jain"}, {"imdb_id": "nm8846320", "name": "Tushar Jain"}, {"imdb_id": "nm9899546", "name": "Javed"}, {"imdb_id": "nm9577426", "name": "Arun Kalra"}, {"imdb_id": "nm9541655", "name": "Vipin Katyal"}, {"imdb_id": "nm9899533", "name": "Rajveer Khanna"}, {"imdb_id": "nm9899536", "name": "Navya Khurana"}, {"imdb_id": "nm9899537", "name": "Ekaansh Kukreja"}, {"imdb_id": "nm9899538", "name": "Yashas Kukreja"}, {"imdb_id": "nm9899542", "name": "Naresh Kumar"}, {"imdb_id": "nm9899555", "name": "Sister Liki"}, {"imdb_id": "nm9899530", "name": "Maaz"}, {"imdb_id": "nm9899534", "name": "Papori Medhi"}, {"imdb_id": "nm4710910", "name": "Gaurav Mehta"}, {"imdb_id": "nm9899545", "name": "Dr. Debabrata Mukhopadhyay"}, {"imdb_id": "nm9899522", "name": "Shekhar Murugan"}, {"imdb_id": "nm9899566", "name": "Mustakeen"}, {"imdb_id": "nm9899554", "name": "Sister Namrata"}, {"imdb_id": "nm9899564", "name": "Monisha Narang"}, {"imdb_id": "nm9899562", "name": "Rahul Nigam"}, {"imdb_id": "nm9899563", "name": "Helena Ovung"}, {"imdb_id": "nm9899552", "name": "Rabiya"}, {"imdb_id": "nm9899535", "name": "Piyush Raina"}, {"imdb_id": "nm9899556", "name": "Namrata Rani"}, {"imdb_id": "nm9899521", "name": "Nimmi Raphael"}, {"imdb_id": "nm9899558", "name": "S.M. Abbas Rizvi"}, {"imdb_id": "nm9899551", "name": "Rohit"}, {"imdb_id": "nm9899529", "name": "Mishele Samrat"}, {"imdb_id": "nm9899561", "name": "Ritu Sharda"}, {"imdb_id": "nm9028383", "name": "Kanika Sharma"}, {"imdb_id": "nm9899553", "name": "Prashant Sharma"}, {"imdb_id": "nm9899543", "name": "Mohammed Shoeb"}, {"imdb_id": "nm9899567", "name": "Nanaki Singh"}, {"imdb_id": "nm9899565", "name": "Parminder Shah Singh"}, {"imdb_id": "nm9899560", "name": "Prabhjot Singh"}, {"imdb_id": "nm9899524", "name": "Sudeep Singh"}, {"imdb_id": "nm9899540", "name": "Vihaan Singhal"}, {"imdb_id": "nm9899525", "name": "Poonam Solanki"}, {"imdb_id": "nm9899526", "name": "Anshul Thakur"}, {"imdb_id": "nm1863643", "name": "Kumar Thakur"}, {"imdb_id": "nm7464990", "name": "Priya Thakur"}, {"imdb_id": "nm9770201", "name": "Vibhuti Tomar"}, {"imdb_id": "nm9899539", "name": "Jai Uday"}]