[{"imdb_id": "nm4731677", "name": "Ayushmann Khurrana"}, {"imdb_id": "nm7621667", "name": "Sanya Malhotra"}, {"imdb_id": "nm0348481", "name": "Neena Gupta"}, {"imdb_id": "nm0710549", "name": "Gajraj Rao"}, {"imdb_id": "nm0797773", "name": "Surekha Sikri"}, {"imdb_id": "nm0149441", "name": "Sheeba Chaddha"}, {"imdb_id": "nm7156561", "name": "Shardul Rana"}, {"imdb_id": "nm8313060", "name": "Rahul Tewari"}, {"imdb_id": "nm9577426", "name": "Arun Kalra"}, {"imdb_id": "nm1320935", "name": "Alka Amin"}, {"imdb_id": "nm3438304", "name": "Manoj Bakshi"}, {"imdb_id": "nm7478179", "name": "Alka Badola Kaushal"}, {"imdb_id": "nm8738938", "name": "Vimi Mehta"}, {"imdb_id": "nm4372877", "name": "Monika Misra"}, {"imdb_id": "nm1036531", "name": "Ratheesh Balakrishnan Poduval"}]