[{"imdb_id": "nm3414188", "name": "Adivi Sesh"}, {"imdb_id": "nm8179407", "name": "Sobhita Dhulipala"}, {"imdb_id": "nm0045075", "name": "Jagapathi Babu"}, {"imdb_id": "nm0695177", "name": "Prakash Raj"}, {"imdb_id": "nm1048426", "name": "Irfan Ahmed Syed"}, {"imdb_id": "nm1010366", "name": "Ademi"}, {"imdb_id": "nm1010360", "name": "Neelsh Ahankari"}, {"imdb_id": "nm1010360", "name": "Ali"}, {"imdb_id": "nm1010365", "name": "Ashok"}, {"imdb_id": "nm1010361", "name": "Adarsh Babu"}, {"imdb_id": "nm1010363", "name": "Harshad Babu"}, {"imdb_id": "nm1010366", "name": "Harika Devi Balla"}, {"imdb_id": "nm0856997", "name": "Tammareddy Bharadwaja"}, {"imdb_id": "nm9901940", "name": "Tanikella Bhargav"}, {"imdb_id": "nm1010359", "name": "Ramana Bhargava"}, {"imdb_id": "nm1010367", "name": "Rohit Chachu"}, {"imdb_id": "nm1010367", "name": "Sakshi Chaturvedi"}, {"imdb_id": "nm1010365", "name": "Chetan"}, {"imdb_id": "nm1010360", "name": "Mohan Chowdary"}, {"imdb_id": "nm1010366", "name": "Veerendra Chowdary"}, {"imdb_id": "nm1002297", "name": "Darshan"}, {"imdb_id": "nm1010366", "name": "Deepak"}, {"imdb_id": "nm1010365", "name": "Sanjay David Dorakala"}, {"imdb_id": "nm1010366", "name": "Mahendar Harijam"}, {"imdb_id": "nm1010366", "name": "Prem Jeevan"}, {"imdb_id": "nm9368621", "name": "Pradeep Katukuti"}, {"imdb_id": "nm1010365", "name": "Khalid Khan"}, {"imdb_id": "nm1010361", "name": "Nayeem Khan"}, {"imdb_id": "nm3808948", "name": "Vennela Kishore"}, {"imdb_id": "nm1010359", "name": "Kanij Koirala"}, {"imdb_id": "nm1010361", "name": "Jyothi Prasad Kondapalli"}, {"imdb_id": "nm1010360", "name": "Kiran Kumar"}, {"imdb_id": "nm1010361", "name": "Madan Kumar"}, {"imdb_id": "nm2378839", "name": "Anish Kuruvilla"}, {"imdb_id": "nm1010361", "name": "Anu Kushwaha"}, {"imdb_id": "nm1010360", "name": "Abhiram Mannem"}, {"imdb_id": "nm1010365", "name": "Faraz Maroof"}, {"imdb_id": "nm1010359", "name": "Venkatesh Mummidi"}, {"imdb_id": "nm1010359", "name": "Ravi Myskar"}, {"imdb_id": "nm1010366", "name": "Nashwan"}, {"imdb_id": "nm1002214", "name": "Rahul Pakala"}, {"imdb_id": "nm1010358", "name": "Mayank Parakh"}, {"imdb_id": "nm5852441", "name": "Naveen Patamatalanka"}, {"imdb_id": "nm6639803", "name": "Prakash Phadnis"}, {"imdb_id": "nm0679665", "name": "Phani"}, {"imdb_id": "nm3046678", "name": "Ravi Prakash"}, {"imdb_id": "nm1010365", "name": "Harishchandra Prasad"}, {"imdb_id": "nm9952303", "name": "Pravallika"}, {"imdb_id": "nm1010360", "name": "Raja Rambabu"}, {"imdb_id": "nm1010365", "name": "Tharani Rao"}, {"imdb_id": "nm8285593", "name": "Swaraj Rebbapragada"}, {"imdb_id": "nm1010360", "name": "Roja"}, {"imdb_id": "nm1010360", "name": "Keshav Sanam"}, {"imdb_id": "nm1010360", "name": "Satish"}, {"imdb_id": "nm3764185", "name": "Madhu Shalini"}, {"imdb_id": "nm1010366", "name": "Khadar Shariff"}, {"imdb_id": "nm1347441", "name": "Prasad Sharma"}, {"imdb_id": "nm1010365", "name": "Radhe Shyam"}, {"imdb_id": "nm1012960", "name": "Irfan Sia"}, {"imdb_id": "nm1010359", "name": "Preeti Singh"}, {"imdb_id": "nm9855563", "name": "Geddam Srinivas"}, {"imdb_id": "nm1010365", "name": "Naba Stunts"}, {"imdb_id": "nm8951213", "name": "Silver Suresh"}, {"imdb_id": "nm1010359", "name": "Aman Tanwar"}, {"imdb_id": "nm1010360", "name": "Viswa Teja"}, {"imdb_id": "nm1010366", "name": "Tejaswini"}, {"imdb_id": "nm9030691", "name": "Mayanand Thakur"}, {"imdb_id": "nm1010365", "name": "Wahab Uddin"}, {"imdb_id": "nm5624098", "name": "Ravi Varma"}, {"imdb_id": "nm6004604", "name": "Rakesh Varre"}, {"imdb_id": "nm1010366", "name": "Satish Vemagiri"}, {"imdb_id": "nm0839513", "name": "Supriya Yarlagadda"}]