[{"imdb_id": "nm0007123", "name": "Mammootty"}, {"imdb_id": "nm5089726", "name": "Sadhana"}, {"imdb_id": "nm3592766", "name": "Anjali"}, {"imdb_id": "nm9920337", "name": "Anjali Ameer"}, {"imdb_id": "nm2284321", "name": "Samuthirakani"}, {"imdb_id": "nm6836449", "name": "Pavel Navageethan"}, {"imdb_id": "nm1679054", "name": "Livingston"}, {"imdb_id": "nm1119913", "name": "Vadivukkarasi"}, {"imdb_id": "nm4725798", "name": "Aruldoss"}, {"imdb_id": "nm1056241", "name": "Shanmugaraja"}, {"imdb_id": "nm1056240", "name": "Abbas"}, {"imdb_id": "nm9388669", "name": "Gr Adithya"}, {"imdb_id": "nm1056239", "name": "Anand"}, {"imdb_id": "nm1056241", "name": "Anees"}, {"imdb_id": "nm1035331", "name": "Lizzie Antony"}, {"imdb_id": "nm1056241", "name": "Archana"}, {"imdb_id": "nm1056238", "name": "Arianna"}, {"imdb_id": "nm7404360", "name": "Arumugam"}, {"imdb_id": "nm6442112", "name": "Baasha"}, {"imdb_id": "nm1056240", "name": "Babu"}, {"imdb_id": "nm1056242", "name": "Joel Bennett"}, {"imdb_id": "nm1056241", "name": "Bhaskar"}, {"imdb_id": "nm1056240", "name": "Bhooma"}, {"imdb_id": "nm1056239", "name": "Chandrahasan"}, {"imdb_id": "nm1056241", "name": "Cheeku"}, {"imdb_id": "nm8145074", "name": "Bava Chelladurai"}, {"imdb_id": "nm1314762", "name": "Gandhimathi"}, {"imdb_id": "nm1056240", "name": "Gurumarx"}, {"imdb_id": "nm1044052", "name": "Indu"}, {"imdb_id": "nm1056239", "name": "Jvk Iyer"}, {"imdb_id": "nm1056239", "name": "Jsk"}, {"imdb_id": "nm9988436", "name": "Amudhavan Karuppiah"}, {"imdb_id": "nm1025278", "name": "Kumaravadivel"}, {"imdb_id": "nm1056241", "name": "Mahesh"}, {"imdb_id": "nm1033643", "name": "Nambi"}, {"imdb_id": "nm1056240", "name": "Natarajan"}, {"imdb_id": "nm1056239", "name": "Neelambari"}, {"imdb_id": "nm4912461", "name": "Neepa"}, {"imdb_id": "nm1056241", "name": "Pudhupettai Nitish"}, {"imdb_id": "nm1056242", "name": "Parthiban"}, {"imdb_id": "nm1056242", "name": "Prabhu"}, {"imdb_id": "nm1056241", "name": "Priya"}, {"imdb_id": "nm1056241", "name": "Aravind Raj"}, {"imdb_id": "nm1056240", "name": "Sanjay Rajan"}, {"imdb_id": "nm5852535", "name": "'Poo' Ram"}, {"imdb_id": "nm1056239", "name": "Venkat Raman"}, {"imdb_id": "nm1056239", "name": "Ramya"}, {"imdb_id": "nm7611195", "name": "Rayan"}, {"imdb_id": "nm1056240", "name": "Raza"}, {"imdb_id": "nm1056240", "name": "Seetharaman"}, {"imdb_id": "nm1056240", "name": "Vani Shree"}, {"imdb_id": "nm1056241", "name": "Sunandha"}, {"imdb_id": "nm1056240", "name": "Thariq"}, {"imdb_id": "nm1597868", "name": "Thenappan P.L."}, {"imdb_id": "nm1056239", "name": "Kodaikanal Velmurugan"}]