[{"imdb_id": "nm5232139", "name": "Yash"}, {"imdb_id": "nm8635807", "name": "Srinidhi Shetty"}, {"imdb_id": "nm1034613", "name": "Ramachandra Raju"}, {"imdb_id": "nm1034613", "name": "Archana Jois"}, {"imdb_id": "nm0619047", "name": "Anant Nag"}, {"imdb_id": "nm7181957", "name": "Vasishta N. Simha"}, {"imdb_id": "nm1961459", "name": "Tamannaah Bhatia"}, {"imdb_id": "nm4655028", "name": "Mouni Roy"}, {"imdb_id": "nm1044909", "name": "Ajith"}, {"imdb_id": "nm1044909", "name": "Akash"}, {"imdb_id": "nm1044909", "name": "Anji"}, {"imdb_id": "nm1044907", "name": "Anmol"}, {"imdb_id": "nm1044909", "name": "Arun"}, {"imdb_id": "nm1044907", "name": "Aryadev"}, {"imdb_id": "nm1042715", "name": "Ninasam Ashwath"}, {"imdb_id": "nm1034613", "name": "B.S. Avinash"}, {"imdb_id": "nm4948556", "name": "Malavika Avinash"}, {"imdb_id": "nm4442569", "name": "Joy Badlani"}, {"imdb_id": "nm1044907", "name": "Balakrishna"}, {"imdb_id": "nm8918479", "name": "Usha Bhandary"}, {"imdb_id": "nm1127603", "name": "Anmol Vijay Bhatkal"}, {"imdb_id": "nm1035627", "name": "Vinay Bidappa"}, {"imdb_id": "nm1044909", "name": "Dabhar"}, {"imdb_id": "nm1044908", "name": "Devaraj"}, {"imdb_id": "nm9934189", "name": "Govinde Gowda"}, {"imdb_id": "nm1044910", "name": "Hemanth"}, {"imdb_id": "nm1044908", "name": "Hruthvik"}, {"imdb_id": "nm1044785", "name": "Ramesh Indhira"}, {"imdb_id": "nm1044909", "name": "Jogi"}, {"imdb_id": "nm2994788", "name": "Mohan Juneja"}, {"imdb_id": "nm1044908", "name": "Karthik"}, {"imdb_id": "nm4071279", "name": "John Kokken"}, {"imdb_id": "nm2587360", "name": "Krishnappa"}, {"imdb_id": "nm5724719", "name": "Achyuth Kumar"}, {"imdb_id": "nm1044907", "name": "Lakki Lakshman"}, {"imdb_id": "nm1550224", "name": "Lakshmipathi"}, {"imdb_id": "nm5741813", "name": "Dinesh Mangaluru"}, {"imdb_id": "nm0619056", "name": "T.S. Nagabharana"}, {"imdb_id": "nm1044908", "name": "Nagesh"}, {"imdb_id": "nm1044908", "name": "Naren"}, {"imdb_id": "nm1044908", "name": "Naveen"}, {"imdb_id": "nm1044909", "name": "Naveendra"}, {"imdb_id": "nm1024473", "name": "Tharak Ponnappa"}, {"imdb_id": "nm1044909", "name": "Dhool Prakash"}, {"imdb_id": "nm1044908", "name": "Prasanna"}, {"imdb_id": "nm6064694", "name": "Harish Rai"}, {"imdb_id": "nm8956204", "name": "Ugramm Ravi"}, {"imdb_id": "nm1044907", "name": "Roopa Rayappa"}, {"imdb_id": "nm1044908", "name": "Puneeth Rudranag"}, {"imdb_id": "nm1044907", "name": "Sampath"}, {"imdb_id": "nm1044910", "name": "Jaguar Sannappa"}, {"imdb_id": "nm1044908", "name": "Satish"}, {"imdb_id": "nm1044910", "name": "Seendhe"}, {"imdb_id": "nm1044963", "name": "Ashok Sharma"}, {"imdb_id": "nm5697538", "name": "Ayyappa P. Sharma"}, {"imdb_id": "nm5852684", "name": "Shekar"}, {"imdb_id": "nm7648955", "name": "Yash Shetty"}, {"imdb_id": "nm1044909", "name": "Shyam"}, {"imdb_id": "nm6036390", "name": "B. Suresh"}, {"imdb_id": "nm1044908", "name": "Uma"}, {"imdb_id": "nm1044907", "name": "Vinay"}]