[{"imdb_id": "nm0451234", "name": "Irrfan Khan"}, {"imdb_id": "nm4921260", "name": "Dulquer Salmaan"}, {"imdb_id": "nm7331044", "name": "Mithila Palkar"}, {"imdb_id": "nm0023839", "name": "Amala Akkineni"}, {"imdb_id": "nm0452021", "name": "Akash Khurana"}, {"imdb_id": "nm3713653", "name": "Kriti Kharbanda"}, {"imdb_id": "nm8708419", "name": "Donna Munshi"}, {"imdb_id": "nm2935202", "name": "Abir Abrar"}, {"imdb_id": "nm0066455", "name": "Beena Banerjee"}, {"imdb_id": "nm5913962", "name": "Siddharth Menon"}, {"imdb_id": "nm9607546", "name": "Adrika Shetty"}, {"imdb_id": "nm6875639", "name": "Sameer Saxena"}, {"imdb_id": "nm4240443", "name": "Kallirroi Tziafeta"}, {"imdb_id": "nm8629332", "name": "Richard John Lovatt"}, {"imdb_id": "nm4147929", "name": "Nipun Dharmadhikari"}, {"imdb_id": "nm9719924", "name": "Adhaar Khurana"}, {"imdb_id": "nm4308825", "name": "Sarang Sathaye"}, {"imdb_id": "nm4470559", "name": "Subhrajyoti Barat"}, {"imdb_id": "nm1550800", "name": "Ambika Mohan"}, {"imdb_id": "nm4150487", "name": "Jan Bostock"}, {"imdb_id": "nm9119259", "name": "R. Bhakti Klein"}, {"imdb_id": "nm9938544", "name": "Prasanthkumar Chandran"}, {"imdb_id": "nm1017879", "name": "Varghees Cherai"}, {"imdb_id": "nm1016319", "name": "Rohit Dandwani"}, {"imdb_id": "nm7992976", "name": "Boloram Das"}, {"imdb_id": "nm5080963", "name": "Aziz Hussain"}, {"imdb_id": "nm1095777", "name": "Ramashrit Joshi"}, {"imdb_id": "nm1741239", "name": "Sanjeevkumar Nair"}, {"imdb_id": "nm4375685", "name": "Muzammil S. Qureshi"}, {"imdb_id": "nm1205111", "name": "Sunil Rodrigues"}, {"imdb_id": "nm6421781", "name": "Kashin Shetty"}]