[{"imdb_id": "nm4731677", "name": "Ayushmann Khurrana"}, {"imdb_id": "nm0007102", "name": "Tabu"}, {"imdb_id": "nm2331000", "name": "Radhika Apte"}, {"imdb_id": "nm0223521", "name": "Anil Dhawan"}, {"imdb_id": "nm2435847", "name": "Manav Vij"}, {"imdb_id": "nm1817397", "name": "Ashwini Kalsekar"}, {"imdb_id": "nm3777127", "name": "Chhaya Kadam"}, {"imdb_id": "nm1664541", "name": "Zakir Hussain"}, {"imdb_id": "nm9139941", "name": "Rashmi Agdekar"}, {"imdb_id": "nm1013436", "name": "Abhishek Shukla"}, {"imdb_id": "nm1027734", "name": "Mohini Kewalramani"}, {"imdb_id": "nm1043141", "name": "Nikitasha Kapoor"}, {"imdb_id": "nm7927842", "name": "Saumin Patel"}, {"imdb_id": "nm1027736", "name": "Hera Sajid"}, {"imdb_id": "nm9271591", "name": "Pratik Nandkumar More"}, {"imdb_id": "nm6252382", "name": "Mahesh Rale"}, {"imdb_id": "nm9625502", "name": "Kabir Sajid"}, {"imdb_id": "nm3385526", "name": "Gopal K. Singh"}, {"imdb_id": "nm7372243", "name": "Pawan Singh"}, {"imdb_id": "nm1969626", "name": "Franco Vaz"}, {"imdb_id": "nm1589374", "name": "Jaydutt Vyas"}]