[{"imdb_id": "nm6453091", "name": "Kathir"}, {"imdb_id": "nm6695317", "name": "Anandhi"}, {"imdb_id": "nm6489058", "name": "Yogi Babu"}, {"imdb_id": "nm6851593", "name": "Lijeesh"}, {"imdb_id": "nm6765728", "name": "Hari"}, {"imdb_id": "nm1941409", "name": "Shanmugha Rajan"}, {"imdb_id": "nm2533953", "name": "G. Marimuthu"}, {"imdb_id": "nm5852535", "name": "'Poo' Ram"}, {"imdb_id": "nm1021908", "name": "Karate Venkatesan"}, {"imdb_id": "nm5654096", "name": "Anthony Dasan"}, {"imdb_id": "nm1035331", "name": "Lizzie Antony"}]