[{"imdb_id": "nm3822770", "name": "Rajkummar Rao"}, {"imdb_id": "nm3601766", "name": "Shraddha Kapoor"}, {"imdb_id": "nm2690647", "name": "Pankaj Tripathi"}, {"imdb_id": "nm6269780", "name": "Aparshakti Khurana"}, {"imdb_id": "nm4045010", "name": "Abhishek Banerjee"}, {"imdb_id": "nm1066307", "name": "Ram Kishan Dhakad"}, {"imdb_id": "nm1594666", "name": "Atul Srivastava"}, {"imdb_id": "nm0704694", "name": "Vijay Raaz"}, {"imdb_id": "nm3561962", "name": "Aakash Dabhade"}, {"imdb_id": "nm6598222", "name": "Nora Fatehi"}, {"imdb_id": "nm5305841", "name": "Kriti Sanon"}, {"imdb_id": "nm1671733", "name": "Flora Saini"}, {"imdb_id": "nm4442569", "name": "Joy Badlani"}, {"imdb_id": "nm4894667", "name": "Viren Basoya"}, {"imdb_id": "nm8682383", "name": "Badri Chavan"}, {"imdb_id": "nm0451272", "name": "Mushtaq Khan"}, {"imdb_id": "nm6592801", "name": "Atmaja Pandey"}, {"imdb_id": "nm6120813", "name": "Santosh Rai"}, {"imdb_id": "nm3119556", "name": "Sunita Rajwar"}]