[{"imdb_id": "nm0451379", "name": "Akshaye Khanna"}, {"imdb_id": "nm3190246", "name": "Richa Chadha"}, {"imdb_id": "nm1853502", "name": "Meera Chopra"}, {"imdb_id": "nm1178211", "name": "Rahul Bhat"}, {"imdb_id": "nm5546451", "name": "Shriswara"}, {"imdb_id": "nm0434263", "name": "Kishore Kadam"}, {"imdb_id": "nm0992986", "name": "Kruttika Desai"}, {"imdb_id": "nm1269584", "name": "Sandhya Mridul"}, {"imdb_id": "nm3014046", "name": "Shrikant Yadav"}, {"imdb_id": "nm3252571", "name": "Vibhawari Deshpande"}, {"imdb_id": "nm7837239", "name": "Shama Nivane"}, {"imdb_id": "nm3193511", "name": "Rajendra Shisatkar"}, {"imdb_id": "nm1080234", "name": "Annuup Choudhari"}, {"imdb_id": "nm8666231", "name": "Shahnaaz Deshpande"}, {"imdb_id": "nm1265436", "name": "Saahil Chadha"}, {"imdb_id": "nm6975822", "name": "Tanuka Laghate"}, {"imdb_id": "nm8710471", "name": "Prajakta Wadaye"}, {"imdb_id": "nm1112035", "name": "Narendra Karekar"}, {"imdb_id": "nm1025329", "name": "Nishank Verma"}, {"imdb_id": "nm9622269", "name": "Biswajit Das"}, {"imdb_id": "nm1112035", "name": "Barkha Fatnani"}, {"imdb_id": "nm0080349", "name": "Dibyendu Bhattacharya"}, {"imdb_id": "nm1112035", "name": "Sanjay Dev"}, {"imdb_id": "nm9323007", "name": "Ankita Goraya"}, {"imdb_id": "nm1112035", "name": "Apurva Chaudhari"}, {"imdb_id": "nm9429122", "name": "Aparna Upadhyay"}, {"imdb_id": "nm7733135", "name": "Raviza Chauhan"}]