[{"imdb_id": "nm1284108", "name": "Shweta Basu Prasad"}, {"imdb_id": "nm0149822", "name": "Mithun Chakraborty"}, {"imdb_id": "nm0787462", "name": "Naseeruddin Shah"}, {"imdb_id": "nm2690647", "name": "Pankaj Tripathi"}, {"imdb_id": "nm0665555", "name": "Vinay Pathak"}, {"imdb_id": "nm0788903", "name": "Rajesh Sharma"}, {"imdb_id": "nm0430809", "name": "Pallavi Joshi"}, {"imdb_id": "nm0990671", "name": "Mandira Bedi"}, {"imdb_id": "nm5787869", "name": "Prakash Belawadi"}, {"imdb_id": "nm1584129", "name": "Vishwa Mohan Badola"}, {"imdb_id": "nm1794460", "name": "Asif Basra"}, {"imdb_id": "nm2240997", "name": "Prashantt Guptha"}, {"imdb_id": "nm1213227", "name": "Achint Kaur"}, {"imdb_id": "nm5399971", "name": "Ankur Rathee"}, {"imdb_id": "nm9920157", "name": "Francisco Raymond"}, {"imdb_id": "nm1114308", "name": "Gary Tatony"}, {"imdb_id": "nm1114308", "name": "Olena Khudyakova"}, {"imdb_id": "nm1995659", "name": "Takesh Singh"}, {"imdb_id": "nm5085208", "name": "Kaushik Chakraborty"}, {"imdb_id": "nm1114308", "name": "Alina Bejenaru"}, {"imdb_id": "nm1018245", "name": "Mohan Kapoor"}, {"imdb_id": "nm3168813", "name": "Ravi Shankar Jaiswal"}, {"imdb_id": "nm1330618", "name": "Yusuf Hussain"}]