[{"imdb_id": "nm0000821", "name": "Amitabh Bachchan"}, {"imdb_id": "nm3966456", "name": "Taapsee Pannu"}, {"imdb_id": "nm0802080", "name": "Amrita Singh"}, {"imdb_id": "nm3379444", "name": "Antonio Aakeel"}, {"imdb_id": "nm5452875", "name": "Tony Luke"}, {"imdb_id": "nm0315508", "name": "Tanveer Ghani"}, {"imdb_id": "nm9979618", "name": "Tariqsafdar Hussain"}, {"imdb_id": "nm3123870", "name": "Mark Mansfield"}, {"imdb_id": "nm1035982", "name": "April Agarwal-Aplin"}, {"imdb_id": "nm1035982", "name": "India Agarwal-Aplin"}, {"imdb_id": "nm8624073", "name": "Elena Roxana Maria Fernandes"}, {"imdb_id": "nm1056085", "name": "Rachel Flynn"}, {"imdb_id": "nm0381735", "name": "Jason Hetherington"}, {"imdb_id": "nm3822682", "name": "Selina Hotwani"}, {"imdb_id": "nm1079440", "name": "Maram Kamal"}, {"imdb_id": "nm1964139", "name": "Manav Kaul"}, {"imdb_id": "nm3019501", "name": "Shome Makhija"}, {"imdb_id": "nm5413305", "name": "Daniel O'Kane"}, {"imdb_id": "nm1336722", "name": "Denzil Smith"}, {"imdb_id": "nm9896474", "name": "Ammar Taalwala"}, {"imdb_id": "nm9361601", "name": "Begonia Villalba"}, {"imdb_id": "nm3807209", "name": "Vincent Woods"}, {"imdb_id": "nm6575682", "name": "Paul Ellard"}]