[{"imdb_id": "nm5817249", "name": "Vicky Kaushal"}, {"imdb_id": "nm0712546", "name": "Paresh Rawal"}, {"imdb_id": "nm3741768", "name": "Mohit Raina"}, {"imdb_id": "nm4417069", "name": "Yami Gautam"}, {"imdb_id": "nm4112854", "name": "Kirti Kulhari"}, {"imdb_id": "nm0438496", "name": "Rajit Kapoor"}, {"imdb_id": "nm5704026", "name": "Ivan Rodrigues"}, {"imdb_id": "nm3109755", "name": "Manasi Parekh"}, {"imdb_id": "nm0760045", "name": "Swaroop Sampat"}, {"imdb_id": "nm1000625", "name": "Riva Arora"}, {"imdb_id": "nm1873305", "name": "Yogesh Soman"}, {"imdb_id": "nm9813383", "name": "Fareed Ahmed"}, {"imdb_id": "nm9108558", "name": "Akashdeep Arora"}, {"imdb_id": "nm4966792", "name": "Kallol Banerjee"}, {"imdb_id": "nm9813392", "name": "Amaan Asif"}, {"imdb_id": "nm3376240", "name": "Padam Bhola"}, {"imdb_id": "nm9813391", "name": "Guru Bhullar"}, {"imdb_id": "nm9813396", "name": "Beant Singh Buttar"}, {"imdb_id": "nm9813406", "name": "Ashit Chatterjee"}, {"imdb_id": "nm1472197", "name": "Manish Chaudhary"}, {"imdb_id": "nm7862284", "name": "Rajvir Chauhan"}, {"imdb_id": "nm2717649", "name": "Ujjwal Chopra"}, {"imdb_id": "nm7818305", "name": "Sudam Ck"}, {"imdb_id": "nm5440206", "name": "Sushil Dahiya"}, {"imdb_id": "nm9813399", "name": "Harshit Dang"}, {"imdb_id": "nm1585141", "name": "Adarsh Gautam"}, {"imdb_id": "nm1591897", "name": "Anil George"}, {"imdb_id": "nm8355304", "name": "Dev Raj Ghosh"}, {"imdb_id": "nm9811423", "name": "Dhairya Karwa"}, {"imdb_id": "nm9813398", "name": "Gagandeep Singh Khanna"}, {"imdb_id": "nm0576493", "name": "Sunil Mehra"}, {"imdb_id": "nm9813394", "name": "Anurag Mishra"}, {"imdb_id": "nm9813395", "name": "Bhuperdra Singh Negi"}, {"imdb_id": "nm4668164", "name": "Sunil Palwal"}, {"imdb_id": "nm9813384", "name": "Parmeshwar"}, {"imdb_id": "nm3647184", "name": "Satish Phulekar"}, {"imdb_id": "nm9813393", "name": "Amit Saproo"}, {"imdb_id": "nm9813400", "name": "Himanshu Sharma"}, {"imdb_id": "nm9778547", "name": "Satyajeet Sharma"}, {"imdb_id": "nm3792565", "name": "Nishant Singh"}, {"imdb_id": "nm9813401", "name": "Parminder Singh"}, {"imdb_id": "nm9813404", "name": "Surjit Singh"}, {"imdb_id": "nm9813402", "name": "Rahul Tyagi"}, {"imdb_id": "nm9813403", "name": "Tashi Tobgay"}, {"imdb_id": "nm5228901", "name": "Abrar Zahoor"}, {"imdb_id": "nm8597704", "name": "Aamir Yaseen"}, {"imdb_id": "nm1046899", "name": "Aritro Rudraneil Banerjee"}, {"imdb_id": "nm0066075", "name": "Rakesh Bedi"}, {"imdb_id": "nm2747851", "name": "Sukhwinder Chahal"}, {"imdb_id": "nm1057673", "name": "Chirag Katrecha"}, {"imdb_id": "nm1300852", "name": "Kamal Malik"}, {"imdb_id": "nm1360697", "name": "Rukhsar Rehman"}, {"imdb_id": "nm0788918", "name": "Shishir Sharma"}, {"imdb_id": "nm1047240", "name": "Sohan Somnath Shetty"}, {"imdb_id": "nm9253542", "name": "Ajit Shidhaye"}, {"imdb_id": "nm8801726", "name": "Nishant Singh"}, {"imdb_id": "nm7939194", "name": "Kartik Thakkar"}]