[{"imdb_id": "nm3630374", "name": "Sohum Shah"}, {"imdb_id": "nm8375514", "name": "Jyoti Malshe"}, {"imdb_id": "nm4663387", "name": "Anita Date"}, {"imdb_id": "nm3481909", "name": "Ronjini Chakraborty"}, {"imdb_id": "nm3708961", "name": "Deepak Damle"}, {"imdb_id": "nm2933734", "name": "Cameron Anderson"}, {"imdb_id": "nm1001168", "name": "Dhundiraj Prabhakar Jogalekar"}, {"imdb_id": "nm1027364", "name": "Madhav Hari Joshi"}, {"imdb_id": "nm8334880", "name": "Piyush Kaushik"}, {"imdb_id": "nm1390115", "name": "Harish Khanna"}, {"imdb_id": "nm1027364", "name": "Anika Radhakrishnan"}, {"imdb_id": "nm1027364", "name": "Arohi Radhakrishnan"}, {"imdb_id": "nm4149175", "name": "Mohammad Samad"}, {"imdb_id": "nm7807672", "name": "Rudra Soni"}]