[{"imdb_id": "nm4797922", "name": "Vijay Deverakonda"}, {"imdb_id": "nm8612305", "name": "Rashmika Mandanna"}, {"imdb_id": "nm1759615", "name": "Subbaraju"}, {"imdb_id": "nm8272886", "name": "Mouryaani"}, {"imdb_id": "nm8412322", "name": "Rahul Ramakrishna"}, {"imdb_id": "nm3808948", "name": "Vennela Kishore"}, {"imdb_id": "nm9481481", "name": "Nagababu"}, {"imdb_id": "nm0030280", "name": "Annapoorna"}, {"imdb_id": "nm0320880", "name": "Giri Babu"}, {"imdb_id": "nm6442108", "name": "Kalyani N."}, {"imdb_id": "nm3046678", "name": "Ravi Prakash"}, {"imdb_id": "nm8232982", "name": "Abhay Bethiganti"}, {"imdb_id": "nm5245022", "name": "Anu Emmanuel"}, {"imdb_id": "nm5629068", "name": "Sandhya Janak"}, {"imdb_id": "nm3383930", "name": "Nithya Menon"}, {"imdb_id": "nm1714868", "name": "Duvvasi Mohan"}, {"imdb_id": "nm0619305", "name": "Nagendra Babu"}, {"imdb_id": "nm1152338", "name": "Satyam Rajesh"}, {"imdb_id": "nm1903143", "name": "Gowtam Raju"}, {"imdb_id": "nm1759549", "name": "Chitram Seenu"}, {"imdb_id": "nm5393308", "name": "Prabhas Sreenu"}, {"imdb_id": "nm4646325", "name": "Gundu Sudharshan"}, {"imdb_id": "nm9417905", "name": "Swapnika"}]