[{"imdb_id": "nm0474774", "name": "Akshay Kumar"}, {"imdb_id": "nm0004626", "name": "Kareena Kapoor"}, {"imdb_id": "nm4362492", "name": "Diljit Dosanjh"}, {"imdb_id": "nm6442009", "name": "Kiara Advani"}, {"imdb_id": "nm1300009", "name": "Adil Hussain"}, {"imdb_id": "nm1538116", "name": "Tisca Chopra"}, {"imdb_id": "nm1865011", "name": "Anjana Sukhani"}, {"imdb_id": "nm4002765", "name": "Faisal Rashid"}, {"imdb_id": "nm6093848", "name": "Karan Ashar"}, {"imdb_id": "nm7435453", "name": "Badshah"}, {"imdb_id": "nm0424103", "name": "Karan Johar"}, {"imdb_id": "nm3741768", "name": "Mohit Raina"}, {"imdb_id": "nm6487008", "name": "Harrdy Sandhu"}, {"imdb_id": "nm3816634", "name": "Simran Suri"}]