[{"imdb_id": "nm3818286", "name": "Sushant Singh Rajput"}, {"imdb_id": "nm3601766", "name": "Shraddha Kapoor"}, {"imdb_id": "nm5607349", "name": "Varun Sharma"}, {"imdb_id": "nm3070408", "name": "Prateik"}, {"imdb_id": "nm3795810", "name": "Tahir Raj Bhasin"}, {"imdb_id": "nm5189611", "name": "Naveen Polishetty"}, {"imdb_id": "nm7517010", "name": "Tushar Pandey"}, {"imdb_id": "nm5926431", "name": "Saharsh Kumar Shukla"}, {"imdb_id": "nm1094448", "name": "Rohit Chauhan"}, {"imdb_id": "nm9508122", "name": "Nalneesh Neel"}, {"imdb_id": "nm1077252", "name": "Abhinav Bhattacharjee"}, {"imdb_id": "nm1100346", "name": "Neil Dhokte"}, {"imdb_id": "nm1121316", "name": "Gaurav Gaikwad"}, {"imdb_id": "nm7489704", "name": "Abishek Joseph George"}, {"imdb_id": "nm7981815", "name": "Vishal Gupta"}, {"imdb_id": "nm1085260", "name": "Amrit Kashyap"}, {"imdb_id": "nm1097465", "name": "Rudrashish Majumder"}, {"imdb_id": "nm9657527", "name": "Kamaal Malik"}, {"imdb_id": "nm9508000", "name": "Saurabh Pal"}, {"imdb_id": "nm9113095", "name": "Abhilasha Patil"}, {"imdb_id": "nm1107533", "name": "Shruti Puranik"}, {"imdb_id": "nm1035475", "name": "Arun Raj"}, {"imdb_id": "nm6845060", "name": "Ranjan Raj"}, {"imdb_id": "nm4149175", "name": "Mohammad Samad"}, {"imdb_id": "nm1939077", "name": "Ashleigh Sendin"}, {"imdb_id": "nm1060394", "name": "Belal Shanu"}, {"imdb_id": "nm0788918", "name": "Shishir Sharma"}, {"imdb_id": "nm1103634", "name": "Nitin Kumar Singh"}]