[{"imdb_id": "nm1333687", "name": "Dhanush"}, {"imdb_id": "nm0913097", "name": "Manju Warrier"}, {"imdb_id": "nm0695177", "name": "Prakash Raj"}, {"imdb_id": "nm1367730", "name": "Pasupathy"}, {"imdb_id": "nm5078537", "name": "Pavan"}, {"imdb_id": "nm4861046", "name": "Aadukalam Naren"}, {"imdb_id": "nm6432419", "name": "Ken Karunas"}, {"imdb_id": "nm1100387", "name": "Tee Jay"}, {"imdb_id": "nm9103143", "name": "Abhirami"}, {"imdb_id": "nm4062141", "name": "A. Venkatesh"}, {"imdb_id": "nm1475260", "name": "Balaji Sakthivel"}, {"imdb_id": "nm3608198", "name": "Subramaniam Siva"}, {"imdb_id": "nm1110732", "name": "M. Tamilarasan"}, {"imdb_id": "nm4865994", "name": "Nitish Veera"}, {"imdb_id": "nm7379019", "name": "Munnar Ramesh"}, {"imdb_id": "nm5949239", "name": "Sendrayan"}, {"imdb_id": "nm1110732", "name": "Adithadi Shivraaj"}, {"imdb_id": "nm1110732", "name": "Jaikrishna"}, {"imdb_id": "nm8682290", "name": "Bala Hasan"}, {"imdb_id": "nm9326257", "name": "Manimegalai"}, {"imdb_id": "nm6956890", "name": "Subatra Robert"}, {"imdb_id": "nm1075426", "name": "Ismath Banu"}, {"imdb_id": "nm1110732", "name": "Bhuvana Anand"}, {"imdb_id": "nm1110732", "name": "Rampriya"}, {"imdb_id": "nm1110732", "name": "Monisha Magesh"}, {"imdb_id": "nm1110732", "name": "Jashik"}, {"imdb_id": "nm1110732", "name": "Vishnu"}, {"imdb_id": "nm1110733", "name": "Kevin"}, {"imdb_id": "nm1110733", "name": "Vinupriya"}, {"imdb_id": "nm1110733", "name": "Bhuvana"}, {"imdb_id": "nm1110733", "name": "Kirthika"}, {"imdb_id": "nm1110733", "name": "Jayaraj"}, {"imdb_id": "nm1110733", "name": "Rosario"}, {"imdb_id": "nm1110733", "name": "Kottivakkam Devi"}, {"imdb_id": "nm6093383", "name": "Kalaivanan"}, {"imdb_id": "nm1087862", "name": "Vijaymuthu"}, {"imdb_id": "nm4062192", "name": "Pandi"}, {"imdb_id": "nm1110733", "name": "Saravadi Satish"}, {"imdb_id": "nm1110733", "name": "Vasanth"}, {"imdb_id": "nm1110733", "name": "A.M. Siva"}, {"imdb_id": "nm1110734", "name": "Sundar"}, {"imdb_id": "nm1094863", "name": "Vengadesh"}, {"imdb_id": "nm1110734", "name": "Boomirajan"}, {"imdb_id": "nm1110734", "name": "Jenifer"}, {"imdb_id": "nm1110734", "name": "Srinivasan"}, {"imdb_id": "nm1110734", "name": "Magamuni"}, {"imdb_id": "nm1110734", "name": "Sasi"}, {"imdb_id": "nm1110734", "name": "Alagar"}, {"imdb_id": "nm1110734", "name": "Arumugam"}, {"imdb_id": "nm1087862", "name": "Muthu Krishnan"}, {"imdb_id": "nm1110734", "name": "Kanagaraj"}, {"imdb_id": "nm1110734", "name": "Bala"}, {"imdb_id": "nm1110735", "name": "Vijay Mari"}, {"imdb_id": "nm4669230", "name": "Prabakaran"}, {"imdb_id": "nm1110735", "name": "Sivaraj"}, {"imdb_id": "nm1110735", "name": "Karthikraja"}, {"imdb_id": "nm1110735", "name": "Moorthy"}, {"imdb_id": "nm1110735", "name": "Naveen Kumar"}, {"imdb_id": "nm1110735", "name": "Yagesh"}, {"imdb_id": "nm1110735", "name": "Mohammed"}, {"imdb_id": "nm1110735", "name": "Mani"}, {"imdb_id": "nm1110735", "name": "Saran Raj"}, {"imdb_id": "nm1110735", "name": "Vairamuthu."}, {"imdb_id": "nm1110736", "name": "Ponni."}, {"imdb_id": "nm1110736", "name": "Saravanakumar"}, {"imdb_id": "nm1110736", "name": "Dhanisha"}, {"imdb_id": "nm1110736", "name": "Gowtham"}, {"imdb_id": "nm1110736", "name": "Imran"}, {"imdb_id": "nm1110736", "name": "Dinesh"}, {"imdb_id": "nm1110736", "name": "Bakya"}, {"imdb_id": "nm1110736", "name": "Hepshiba"}, {"imdb_id": "nm1110736", "name": "Lakshmi"}, {"imdb_id": "nm1110736", "name": "Marisamy"}, {"imdb_id": "nm1110737", "name": "Baharathi"}, {"imdb_id": "nm1110737", "name": "Sandhya"}, {"imdb_id": "nm1110737", "name": "Lavanya"}, {"imdb_id": "nm1110737", "name": "Pavithra"}, {"imdb_id": "nm4471348", "name": "Jency"}, {"imdb_id": "nm1110737", "name": "Yashmin"}, {"imdb_id": "nm1110737", "name": "Kishore"}]