[{"imdb_id": "nm1912683", "name": "Karthi"}, {"imdb_id": "nm1230844", "name": "Narain"}, {"imdb_id": "nm6030469", "name": "Ramana"}, {"imdb_id": "nm6998719", "name": "George Maryan"}, {"imdb_id": "nm6649988", "name": "Harish Uthaman"}, {"imdb_id": "nm5782889", "name": "Hareesh Peradi"}, {"imdb_id": "nm7639503", "name": "Dheena"}, {"imdb_id": "nm7645843", "name": "Kanna Ravi"}, {"imdb_id": "nm4831604", "name": "Amzath Khan"}, {"imdb_id": "nm1015496", "name": "Arun Alexander"}, {"imdb_id": "nm9055196", "name": "Lallu"}, {"imdb_id": "nm7822446", "name": "Vatsan Chakravarthy"}, {"imdb_id": "nm1115810", "name": "Udayaraj"}, {"imdb_id": "nm1023536", "name": "Kishore Rajkumar"}, {"imdb_id": "nm1115810", "name": "Deepthi"}, {"imdb_id": "nm1110526", "name": "Monica"}, {"imdb_id": "nm4820944", "name": "Krishnamoorthy"}, {"imdb_id": "nm6340767", "name": "'Winner' Ramachandran"}, {"imdb_id": "nm3830348", "name": "R.N.R. Manohar"}, {"imdb_id": "nm1004736", "name": "Chethan"}, {"imdb_id": "nm1018312", "name": "Arjun Das"}]