[{"name": "Anand", "year": 1971, "position": 1, "url": "https://www.imdb.com//title/tt0066763/"}, {"name": "Anbe Sivam", "year": 2003, "position": 2, "url": "https://www.imdb.com//title/tt0367495/"}, {"name": "Nayakan", "year": 1987, "position": 3, "url": "https://www.imdb.com//title/tt0093603/"}, {"name": "Gol Maal", "year": 1979, "position": 4, "url": "https://www.imdb.com//title/tt0079221/"}, {"name": "Pather Panchali", "year": 1955, "position": 5, "url": "https://www.imdb.com//title/tt0048473/"}, {"name": "Vikram Vedha", "year": 2017, "position": 6, "url": "https://www.imdb.com//title/tt6148156/"}, {"name": "Ratsasan", "year": 2018, "position": 7, "url": "https://www.imdb.com//title/tt7060344/"}, {"name": "Black Friday", "year": 2004, "position": 8, "url": "https://www.imdb.com//title/tt0400234/"}, {"name": "Apur Sansar", "year": 1959, "position": 9, "url": "https://www.imdb.com//title/tt0052572/"}, {"name": "Manichitrathazhu", "year": 1993, "position": 10, "url": "https://www.imdb.com//title/tt0214915/"}, {"name": "Taare Zameen Par", "year": 2007, "position": 11, "url": "https://www.imdb.com//title/tt0986264/"}, {"name": "3 Idiots", "year": 2009, "position": 12, "url": "https://www.imdb.com//title/tt1187043/"}, {"name": "Pariyerum Perumal", "year": 2018, "position": 13, "url": "https://www.imdb.com//title/tt8176054/"}, {"name": "Dangal", "year": 2016, "position": 14, "url": "https://www.imdb.com//title/tt5074352/"}, {"name": "96", "year": 2018, "position": 15, "url": "https://www.imdb.com//title/tt7019842/"}, {"name": "Thalapathi", "year": 1991, "position": 16, "url": "https://www.imdb.com//title/tt0101649/"}, {"name": "Jaane Bhi Do Yaaro", "year": 1983, "position": 17, "url": "https://www.imdb.com//title/tt0085743/"}, {"name": "Aruvi", "year": 2016, "position": 18, "url": "https://www.imdb.com//title/tt5867800/"}, {"name": "Chupke Chupke", "year": 1975, "position": 19, "url": "https://www.imdb.com//title/tt0072783/"}, {"name": "Drishyam", "year": 2013, "position": 20, "url": "https://www.imdb.com//title/tt3417422/"}, {"name": "Visaaranai", "year": 2015, "position": 21, "url": "https://www.imdb.com//title/tt4991384/"}, {"name": "Guide", "year": 1965, "position": 22, "url": "https://www.imdb.com//title/tt0059246/"}, {"name": "Andhadhun", "year": 2018, "position": 23, "url": "https://www.imdb.com//title/tt8108198/"}, {"name": "Thani Oruvan", "year": 2015, "position": 24, "url": "https://www.imdb.com//title/tt4987556/"}, {"name": "Aparajito", "year": 1956, "position": 25, "url": "https://www.imdb.com//title/tt0048956/"}, {"name": "Asuran", "year": 2019, "position": 26, "url": "https://www.imdb.com//title/tt9477520/"}, {"name": "Vada Chennai", "year": 2018, "position": 27, "url": "https://www.imdb.com//title/tt5959980/"}, {"name": "Kannathil Muthamittal", "year": 2002, "position": 28, "url": "https://www.imdb.com//title/tt0312859/"}, {"name": "Khosla Ka Ghosla!", "year": 2006, "position": 29, "url": "https://www.imdb.com//title/tt0466460/"}, {"name": "Khaidi", "year": 2019, "position": 30, "url": "https://www.imdb.com//title/tt9900782/"}, {"name": "Dhuruvangal Pathinaaru", "year": 2016, "position": 31, "url": "https://www.imdb.com//title/tt6380520/"}, {"name": "Peranbu", "year": 2018, "position": 32, "url": "https://www.imdb.com//title/tt7738784/"}, {"name": "Shahid", "year": 2012, "position": 33, "url": "https://www.imdb.com//title/tt2181831/"}, {"name": "Talvar", "year": 2015, "position": 34, "url": "https://www.imdb.com//title/tt4934950/"}, {"name": "Rang De Basanti", "year": 2006, "position": 35, "url": "https://www.imdb.com//title/tt0405508/"}, {"name": "Bhaag Milkha Bhaag", "year": 2013, "position": 36, "url": "https://www.imdb.com//title/tt2356180/"}, {"name": "Gangs of Wasseypur", "year": 2012, "position": 37, "url": "https://www.imdb.com//title/tt1954470/"}, {"name": "Satya", "year": 1998, "position": 38, "url": "https://www.imdb.com//title/tt0195231/"}, {"name": "Drishyam", "year": 2015, "position": 39, "url": "https://www.imdb.com//title/tt4430212/"}, {"name": "Gully Boy", "year": 2019, "position": 40, "url": "https://www.imdb.com//title/tt2395469/"}, {"name": "Premam", "year": 2015, "position": 41, "url": "https://www.imdb.com//title/tt4679210/"}, {"name": "Swades: We, the People", "year": 2004, "position": 42, "url": "https://www.imdb.com//title/tt0367110/"}, {"name": "Hera Pheri", "year": 2000, "position": 43, "url": "https://www.imdb.com//title/tt0242519/"}, {"name": "Soodhu Kavvum", "year": 2013, "position": 44, "url": "https://www.imdb.com//title/tt2877108/"}, {"name": "Bangalore Days", "year": 2014, "position": 45, "url": "https://www.imdb.com//title/tt3668162/"}, {"name": "Uri: The Surgical Strike", "year": 2019, "position": 46, "url": "https://www.imdb.com//title/tt8291224/"}, {"name": "Chak De! India", "year": 2007, "position": 47, "url": "https://www.imdb.com//title/tt0871510/"}, {"name": "Sholay", "year": 1975, "position": 48, "url": "https://www.imdb.com//title/tt0073707/"}, {"name": "Black", "year": 2005, "position": 49, "url": "https://www.imdb.com//title/tt0375611/"}, {"name": "Queen", "year": 2013, "position": 50, "url": "https://www.imdb.com//title/tt3322420/"}, {"name": "Mughal-E-Azam", "year": 1960, "position": 51, "url": "https://www.imdb.com//title/tt0054098/"}, {"name": "Paan Singh Tomar", "year": 2012, "position": 52, "url": "https://www.imdb.com//title/tt1620933/"}, {"name": "Jigarthanda", "year": 2014, "position": 53, "url": "https://www.imdb.com//title/tt3569782/"}, {"name": "Jo Jeeta Wohi Sikandar", "year": 1992, "position": 54, "url": "https://www.imdb.com//title/tt0104561/"}, {"name": "Mahanati", "year": 2018, "position": 55, "url": "https://www.imdb.com//title/tt7465992/"}, {"name": "Article 15", "year": 2019, "position": 56, "url": "https://www.imdb.com//title/tt10324144/"}, {"name": "Andaz Apna Apna", "year": 1994, "position": 57, "url": "https://www.imdb.com//title/tt0109117/"}, {"name": "Super Deluxe", "year": 2019, "position": 58, "url": "https://www.imdb.com//title/tt7019942/"}, {"name": "Anniyan", "year": 2005, "position": 59, "url": "https://www.imdb.com//title/tt0376127/"}, {"name": "Mudhalvan", "year": 1999, "position": 60, "url": "https://www.imdb.com//title/tt0220656/"}, {"name": "Dil Chahta Hai", "year": 2001, "position": 61, "url": "https://www.imdb.com//title/tt0292490/"}, {"name": "Tumbbad", "year": 2018, "position": 62, "url": "https://www.imdb.com//title/tt8239946/"}, {"name": "Ustad Hotel", "year": 2012, "position": 63, "url": "https://www.imdb.com//title/tt2218988/"}, {"name": "A Wednesday", "year": 2008, "position": 64, "url": "https://www.imdb.com//title/tt1280558/"}, {"name": "Munna Bhai M.B.B.S.", "year": 2003, "position": 65, "url": "https://www.imdb.com//title/tt0374887/"}, {"name": "Lagaan: Once Upon a Time in India", "year": 2001, "position": 66, "url": "https://www.imdb.com//title/tt0169102/"}, {"name": "Udaan", "year": 2010, "position": 67, "url": "https://www.imdb.com//title/tt1639426/"}, {"name": "Sairat", "year": 2016, "position": 68, "url": "https://www.imdb.com//title/tt5312232/"}, {"name": "OMG: Oh My God!", "year": 2012, "position": 69, "url": "https://www.imdb.com//title/tt2283748/"}, {"name": "Sarfarosh", "year": 1999, "position": 70, "url": "https://www.imdb.com//title/tt0200087/"}, {"name": "Roja", "year": 1992, "position": 71, "url": "https://www.imdb.com//title/tt0105271/"}, {"name": "Zindagi Na Milegi Dobara", "year": 2011, "position": 72, "url": "https://www.imdb.com//title/tt1562872/"}, {"name": "PK", "year": 2014, "position": 73, "url": "https://www.imdb.com//title/tt2338151/"}, {"name": "Kahaani", "year": 2012, "position": 74, "url": "https://www.imdb.com//title/tt1821480/"}, {"name": "Pink", "year": 2016, "position": 75, "url": "https://www.imdb.com//title/tt5571734/"}, {"name": "Masaan", "year": 2015, "position": 76, "url": "https://www.imdb.com//title/tt4635372/"}, {"name": "Iqbal", "year": 2005, "position": 77, "url": "https://www.imdb.com//title/tt0453729/"}, {"name": "Barfi!", "year": 2012, "position": 78, "url": "https://www.imdb.com//title/tt2082197/"}, {"name": "Maqbool", "year": 2003, "position": 79, "url": "https://www.imdb.com//title/tt0379370/"}, {"name": "Theeran Adhigaaram Ondru", "year": 2017, "position": 80, "url": "https://www.imdb.com//title/tt7060460/"}, {"name": "Maheshinte Prathikaram", "year": 2016, "position": 81, "url": "https://www.imdb.com//title/tt4851630/"}, {"name": "Baasha", "year": 1995, "position": 82, "url": "https://www.imdb.com//title/tt0139876/"}, {"name": "Omkara", "year": 2006, "position": 83, "url": "https://www.imdb.com//title/tt0488414/"}, {"name": "The Legend of Bhagat Singh", "year": 2002, "position": 84, "url": "https://www.imdb.com//title/tt0319736/"}, {"name": "Lage Raho Munna Bhai", "year": 2006, "position": 85, "url": "https://www.imdb.com//title/tt0456144/"}, {"name": "Bombay", "year": 1995, "position": 86, "url": "https://www.imdb.com//title/tt0112553/"}, {"name": "Bommarillu", "year": 2006, "position": 87, "url": "https://www.imdb.com//title/tt0843326/"}, {"name": "Dilwale Dulhania Le Jayenge", "year": 1995, "position": 88, "url": "https://www.imdb.com//title/tt0112870/"}, {"name": "Lucia", "year": 2013, "position": 89, "url": "https://www.imdb.com//title/tt2358592/"}, {"name": "Deewaar", "year": 1975, "position": 90, "url": "https://www.imdb.com//title/tt0072860/"}, {"name": "Baahubali 2: The Conclusion", "year": 2017, "position": 91, "url": "https://www.imdb.com//title/tt4849438/"}, {"name": "Ugly", "year": 2013, "position": 92, "url": "https://www.imdb.com//title/tt2882328/"}, {"name": "Gulaal", "year": 2009, "position": 93, "url": "https://www.imdb.com//title/tt1261047/"}, {"name": "Haider", "year": 2014, "position": 94, "url": "https://www.imdb.com//title/tt3390572/"}, {"name": "Section 375", "year": 2019, "position": 95, "url": "https://www.imdb.com//title/tt8144834/"}, {"name": "Indian", "year": 1996, "position": 96, "url": "https://www.imdb.com//title/tt0116630/"}, {"name": "Mother India", "year": 1957, "position": 97, "url": "https://www.imdb.com//title/tt0050188/"}, {"name": "Padosan", "year": 1968, "position": 98, "url": "https://www.imdb.com//title/tt0063404/"}, {"name": "Athadu", "year": 2005, "position": 99, "url": "https://www.imdb.com//title/tt0471571/"}, {"name": "Dev.D", "year": 2009, "position": 100, "url": "https://www.imdb.com//title/tt1327035/"}, {"name": "Arjun Reddy", "year": 2017, "position": 101, "url": "https://www.imdb.com//title/tt7294534/"}, {"name": "Special Chabbis", "year": 2013, "position": 102, "url": "https://www.imdb.com//title/tt2377938/"}, {"name": "Chhichhore", "year": 2019, "position": 103, "url": "https://www.imdb.com//title/tt9052870/"}, {"name": "Badhaai Ho", "year": 2018, "position": 104, "url": "https://www.imdb.com//title/tt7725596/"}, {"name": "Bajrangi Bhaijaan", "year": 2015, "position": 105, "url": "https://www.imdb.com//title/tt3863552/"}, {"name": "Super 30", "year": 2019, "position": 106, "url": "https://www.imdb.com//title/tt7485048/"}, {"name": "Vaastav: The Reality", "year": 1999, "position": 107, "url": "https://www.imdb.com//title/tt0220832/"}, {"name": "Company", "year": 2002, "position": 108, "url": "https://www.imdb.com//title/tt0296574/"}, {"name": "Mukkabaaz", "year": 2017, "position": 109, "url": "https://www.imdb.com//title/tt7180544/"}, {"name": "Ankhon Dekhi", "year": 2013, "position": 110, "url": "https://www.imdb.com//title/tt3614516/"}, {"name": "Ship of Theseus", "year": 2012, "position": 111, "url": "https://www.imdb.com//title/tt1773764/"}, {"name": "Manjhi: The Mountain Man", "year": 2015, "position": 112, "url": "https://www.imdb.com//title/tt3449292/"}, {"name": "Ulidavaru Kandanthe", "year": 2014, "position": 113, "url": "https://www.imdb.com//title/tt3394420/"}, {"name": "Pizza", "year": 2012, "position": 114, "url": "https://www.imdb.com//title/tt2585562/"}, {"name": "Kal Ho Naa Ho", "year": 2003, "position": 115, "url": "https://www.imdb.com//title/tt0347304/"}, {"name": "Jab We Met", "year": 2007, "position": 116, "url": "https://www.imdb.com//title/tt1093370/"}, {"name": "Vedam", "year": 2010, "position": 117, "url": "https://www.imdb.com//title/tt1649431/"}, {"name": "My Name Is Khan", "year": 2010, "position": 118, "url": "https://www.imdb.com//title/tt1188996/"}, {"name": "Rangasthalam", "year": 2018, "position": 119, "url": "https://www.imdb.com//title/tt7392212/"}, {"name": "Padman", "year": 2018, "position": 120, "url": "https://www.imdb.com//title/tt7218518/"}, {"name": "Vaaranam Aayiram", "year": 2008, "position": 121, "url": "https://www.imdb.com//title/tt1180583/"}, {"name": "Bahubali: The Beginning", "year": 2015, "position": 122, "url": "https://www.imdb.com//title/tt2631186/"}, {"name": "Dor", "year": 2006, "position": 123, "url": "https://www.imdb.com//title/tt0824316/"}, {"name": "Airlift", "year": 2016, "position": 124, "url": "https://www.imdb.com//title/tt4387040/"}, {"name": "Lakshya", "year": 2004, "position": 125, "url": "https://www.imdb.com//title/tt0323013/"}, {"name": "Border", "year": 1997, "position": 126, "url": "https://www.imdb.com//title/tt0118751/"}, {"name": "K.G.F: Chapter 1", "year": 2018, "position": 127, "url": "https://www.imdb.com//title/tt7838252/"}, {"name": "Baby", "year": 2015, "position": 128, "url": "https://www.imdb.com//title/tt3848892/"}, {"name": "Vettaiyaadu Vilaiyaadu", "year": 2006, "position": 129, "url": "https://www.imdb.com//title/tt0455829/"}, {"name": "Secret Superstar", "year": 2017, "position": 130, "url": "https://www.imdb.com//title/tt6108090/"}, {"name": "Gangaajal", "year": 2003, "position": 131, "url": "https://www.imdb.com//title/tt0373856/"}, {"name": "English Vinglish", "year": 2012, "position": 132, "url": "https://www.imdb.com//title/tt2181931/"}, {"name": "Manam", "year": 2014, "position": 133, "url": "https://www.imdb.com//title/tt2926068/"}, {"name": "Ab Tak Chhappan", "year": 2004, "position": 134, "url": "https://www.imdb.com//title/tt0402014/"}, {"name": "Badla", "year": 2019, "position": 135, "url": "https://www.imdb.com//title/tt8130968/"}, {"name": "Hey Ram", "year": 2000, "position": 136, "url": "https://www.imdb.com//title/tt0222012/"}, {"name": "Johnny Gaddaar", "year": 2007, "position": 137, "url": "https://www.imdb.com//title/tt1077248/"}, {"name": "Okkadu", "year": 2003, "position": 138, "url": "https://www.imdb.com//title/tt0366840/"}, {"name": "Dabba", "year": 2013, "position": 139, "url": "https://www.imdb.com//title/tt2350496/"}, {"name": "Nayak: The Real Hero", "year": 2001, "position": 140, "url": "https://www.imdb.com//title/tt0291376/"}, {"name": "Raazi", "year": 2018, "position": 141, "url": "https://www.imdb.com//title/tt7098658/"}, {"name": "Udta Punjab", "year": 2016, "position": 142, "url": "https://www.imdb.com//title/tt4434004/"}, {"name": "Hindi Medium", "year": 2017, "position": 143, "url": "https://www.imdb.com//title/tt5764096/"}, {"name": "Don", "year": 1978, "position": 144, "url": "https://www.imdb.com//title/tt0077451/"}, {"name": "Rock On!!", "year": 2008, "position": 145, "url": "https://www.imdb.com//title/tt1230165/"}, {"name": "Mr. India", "year": 1987, "position": 146, "url": "https://www.imdb.com//title/tt0093578/"}, {"name": "Vicky Donor", "year": 2012, "position": 147, "url": "https://www.imdb.com//title/tt2317337/"}, {"name": "Stanley Ka Dabba", "year": 2011, "position": 148, "url": "https://www.imdb.com//title/tt1907761/"}, {"name": "Charlie", "year": 2015, "position": 149, "url": "https://www.imdb.com//title/tt5082014/"}, {"name": "Dasvidaniya", "year": 2008, "position": 150, "url": "https://www.imdb.com//title/tt1288638/"}, {"name": "Oye Lucky! Lucky Oye!", "year": 2008, "position": 151, "url": "https://www.imdb.com//title/tt1292703/"}, {"name": "Pokiri", "year": 2006, "position": 152, "url": "https://www.imdb.com//title/tt0816258/"}, {"name": "Samsara", "year": 2001, "position": 153, "url": "https://www.imdb.com//title/tt0196069/"}, {"name": "Guru", "year": 2007, "position": 154, "url": "https://www.imdb.com//title/tt0499375/"}, {"name": "Veer-Zaara", "year": 2004, "position": 155, "url": "https://www.imdb.com//title/tt0420332/"}, {"name": "Mumbai Meri Jaan", "year": 2008, "position": 156, "url": "https://www.imdb.com//title/tt1266583/"}, {"name": "Rangitaranga", "year": 2015, "position": 157, "url": "https://www.imdb.com//title/tt4432480/"}, {"name": "Kapoor & Sons", "year": 2016, "position": 158, "url": "https://www.imdb.com//title/tt4900716/"}, {"name": "Aamir", "year": 2008, "position": 159, "url": "https://www.imdb.com//title/tt1241195/"}, {"name": "Earth", "year": 1998, "position": 160, "url": "https://www.imdb.com//title/tt0150433/"}, {"name": "Eega", "year": 2012, "position": 161, "url": "https://www.imdb.com//title/tt2258337/"}, {"name": "Pyaar Ka Punchnama", "year": 2011, "position": 162, "url": "https://www.imdb.com//title/tt1926313/"}, {"name": "Newton", "year": 2017, "position": 163, "url": "https://www.imdb.com//title/tt6484982/"}, {"name": "Darr", "year": 1993, "position": 164, "url": "https://www.imdb.com//title/tt0109555/"}, {"name": "Madras Cafe", "year": 2013, "position": 165, "url": "https://www.imdb.com//title/tt2855648/"}, {"name": "Agneepath", "year": 1990, "position": 166, "url": "https://www.imdb.com//title/tt0098999/"}, {"name": "Neerja", "year": 2016, "position": 167, "url": "https://www.imdb.com//title/tt5286444/"}, {"name": "Kabhi Haan Kabhi Naa", "year": 1994, "position": 168, "url": "https://www.imdb.com//title/tt0110222/"}, {"name": "Goodachari", "year": 2018, "position": 169, "url": "https://www.imdb.com//title/tt7758160/"}, {"name": "Sarkar", "year": 2005, "position": 170, "url": "https://www.imdb.com//title/tt0432047/"}, {"name": "Manorama Six Feet Under", "year": 2007, "position": 171, "url": "https://www.imdb.com//title/tt0920464/"}, {"name": "Rockstar", "year": 2011, "position": 172, "url": "https://www.imdb.com//title/tt1839596/"}, {"name": "Bheja Fry", "year": 2007, "position": 173, "url": "https://www.imdb.com//title/tt1014672/"}, {"name": "Highway", "year": 2014, "position": 174, "url": "https://www.imdb.com//title/tt2980794/"}, {"name": "Sanju", "year": 2018, "position": 175, "url": "https://www.imdb.com//title/tt6452574/"}, {"name": "Tanu Weds Manu Returns", "year": 2015, "position": 176, "url": "https://www.imdb.com//title/tt2140465/"}, {"name": "Kai po che!", "year": 2013, "position": 177, "url": "https://www.imdb.com//title/tt2213054/"}, {"name": "24", "year": 2016, "position": 178, "url": "https://www.imdb.com//title/tt4981966/"}, {"name": "Kuch Kuch Hota Hai", "year": 1998, "position": 179, "url": "https://www.imdb.com//title/tt0172684/"}, {"name": "Baazigar", "year": 1993, "position": 180, "url": "https://www.imdb.com//title/tt0106333/"}, {"name": "The Tashkent Files", "year": 2019, "position": 181, "url": "https://www.imdb.com//title/tt8108268/"}, {"name": "Magadheera", "year": 2009, "position": 182, "url": "https://www.imdb.com//title/tt1447500/"}, {"name": "Wake Up Sid", "year": 2009, "position": 183, "url": "https://www.imdb.com//title/tt1324059/"}, {"name": "M.S. Dhoni: The Untold Stor", "year": 2016, "position": 184, "url": "https://www.imdb.com//title/tt4169250/"}, {"name": "Thuppakki", "year": 2012, "position": 185, "url": "https://www.imdb.com//title/tt2187153/"}, {"name": "Saala Khadoos", "year": 2016, "position": 186, "url": "https://www.imdb.com//title/tt5310090/"}, {"name": "Stree", "year": 2018, "position": 187, "url": "https://www.imdb.com//title/tt8108202/"}, {"name": "Kaththi", "year": 2014, "position": 188, "url": "https://www.imdb.com//title/tt3801314/"}, {"name": "Piku", "year": 2015, "position": 189, "url": "https://www.imdb.com//title/tt3767372/"}, {"name": "Ek Hasina Thi", "year": 2004, "position": 190, "url": "https://www.imdb.com//title/tt0352314/"}, {"name": "Delhi Belly", "year": 2011, "position": 191, "url": "https://www.imdb.com//title/tt1934231/"}, {"name": "Jodhaa Akbar", "year": 2008, "position": 192, "url": "https://www.imdb.com//title/tt0449994/"}, {"name": "1 - Nenokkadine", "year": 2014, "position": 193, "url": "https://www.imdb.com//title/tt2375559/"}, {"name": "Parmanu: The Story of Pokhran", "year": 2018, "position": 194, "url": "https://www.imdb.com//title/tt6826438/"}, {"name": "Devdas", "year": 2002, "position": 195, "url": "https://www.imdb.com//title/tt0238936/"}, {"name": "Raanjhanaa", "year": 2013, "position": 196, "url": "https://www.imdb.com//title/tt2359810/"}, {"name": "Dil Se..", "year": 1998, "position": 197, "url": "https://www.imdb.com//title/tt0164538/"}, {"name": "Detective Byomkesh Bakshy!", "year": 2015, "position": 198, "url": "https://www.imdb.com//title/tt3447364/"}, {"name": "Rocket Singh: Salesman of the Year", "year": 2009, "position": 199, "url": "https://www.imdb.com//title/tt1434447/"}, {"name": "Trapped", "year": 2016, "position": 200, "url": "https://www.imdb.com//title/tt6206564/"}, {"name": "Hungama", "year": 2003, "position": 201, "url": "https://www.imdb.com//title/tt0371735/"}, {"name": "The Ghazi Attack", "year": 2017, "position": 202, "url": "https://www.imdb.com//title/tt6299040/"}, {"name": "Qayamat Se Qayamat Tak", "year": 1988, "position": 203, "url": "https://www.imdb.com//title/tt0095936/"}, {"name": "Bhavesh Joshi Superhero", "year": 2018, "position": 204, "url": "https://www.imdb.com//title/tt6129302/"}, {"name": "Rehnaa Hai Terre Dil Mein", "year": 2001, "position": 205, "url": "https://www.imdb.com//title/tt0299108/"}, {"name": "Hum Aapke Hain Koun...!", "year": 1994, "position": 206, "url": "https://www.imdb.com//title/tt0110076/"}, {"name": "Ghajini", "year": 2005, "position": 207, "url": "https://www.imdb.com//title/tt0449951/"}, {"name": "Amar Akbar Anthony", "year": 1977, "position": 208, "url": "https://www.imdb.com//title/tt0075669/"}, {"name": "Jolly LLB", "year": 2013, "position": 209, "url": "https://www.imdb.com//title/tt2621000/"}, {"name": "Ghilli", "year": 2004, "position": 210, "url": "https://www.imdb.com//title/tt0422320/"}, {"name": "Dum Laga Ke Haisha", "year": 2015, "position": 211, "url": "https://www.imdb.com//title/tt3495030/"}, {"name": "Bareilly Ki Barfi", "year": 2017, "position": 212, "url": "https://www.imdb.com//title/tt6967980/"}, {"name": "Hum Dil De Chuke Sanam", "year": 1999, "position": 213, "url": "https://www.imdb.com//title/tt0150992/"}, {"name": "Madaari", "year": 2016, "position": 214, "url": "https://www.imdb.com//title/tt5713232/"}, {"name": "Rangeela", "year": 1995, "position": 215, "url": "https://www.imdb.com//title/tt0114234/"}, {"name": "Geetha Govindam", "year": 2018, "position": 216, "url": "https://www.imdb.com//title/tt8590896/"}, {"name": "Sivaji", "year": 2007, "position": 217, "url": "https://www.imdb.com//title/tt0479751/"}, {"name": "Jaane Tu... Ya Jaane Na", "year": 2008, "position": 218, "url": "https://www.imdb.com//title/tt0473367/"}, {"name": "October", "year": 2018, "position": 219, "url": "https://www.imdb.com//title/tt7700730/"}, {"name": "Hichki", "year": 2018, "position": 220, "url": "https://www.imdb.com//title/tt6588966/"}, {"name": "Socha Na Tha", "year": 2005, "position": 221, "url": "https://www.imdb.com//title/tt0451919/"}, {"name": "Aankhen", "year": 2002, "position": 222, "url": "https://www.imdb.com//title/tt0306434/"}, {"name": "Mankatha", "year": 2011, "position": 223, "url": "https://www.imdb.com//title/tt1705772/"}, {"name": "Peepli (Live)", "year": 2010, "position": 224, "url": "https://www.imdb.com//title/tt1447508/"}, {"name": "Shaadi Mein Zaroor Aana", "year": 2017, "position": 225, "url": "https://www.imdb.com//title/tt7469726/"}, {"name": "Badlapur", "year": 2015, "position": 226, "url": "https://www.imdb.com//title/tt3678782/"}, {"name": "Chillar Party", "year": 2011, "position": 227, "url": "https://www.imdb.com//title/tt1841542/"}, {"name": "Karwaan", "year": 2018, "position": 228, "url": "https://www.imdb.com//title/tt7919680/"}, {"name": "Baghban", "year": 2003, "position": 229, "url": "https://www.imdb.com//title/tt0337578/"}, {"name": "Kabhi Khushi Kabhie Gham...", "year": 2001, "position": 230, "url": "https://www.imdb.com//title/tt0248126/"}, {"name": "Chachi 420", "year": 1997, "position": 231, "url": "https://www.imdb.com//title/tt0233422/"}, {"name": "Golmaal: Fun Unlimited", "year": 2006, "position": 232, "url": "https://www.imdb.com//title/tt0495034/"}, {"name": "Dear Zindagi", "year": 2016, "position": 233, "url": "https://www.imdb.com//title/tt5946128/"}, {"name": "Guzaarish", "year": 2010, "position": 234, "url": "https://www.imdb.com//title/tt1438298/"}, {"name": "Once Upon a Time in Mumbaai", "year": 2010, "position": 235, "url": "https://www.imdb.com//title/tt1395054/"}, {"name": "Khakee", "year": 2004, "position": 236, "url": "https://www.imdb.com//title/tt0347332/"}, {"name": "102 Not Out", "year": 2018, "position": 237, "url": "https://www.imdb.com//title/tt6580564/"}, {"name": "Kaminey", "year": 2009, "position": 238, "url": "https://www.imdb.com//title/tt1274295/"}, {"name": "Yuva", "year": 2004, "position": 239, "url": "https://www.imdb.com//title/tt0382383/"}, {"name": "Life in a Metro", "year": 2007, "position": 240, "url": "https://www.imdb.com//title/tt0800956/"}, {"name": "Raid", "year": 2018, "position": 241, "url": "https://www.imdb.com//title/tt7363076/"}, {"name": "Monsoon Wedding", "year": 2001, "position": 242, "url": "https://www.imdb.com//title/tt0265343/"}, {"name": "Good Newwz", "year": 2019, "position": 243, "url": "https://www.imdb.com//title/tt8504014/"}, {"name": "Raman Raghav 2.0", "year": 2016, "position": 244, "url": "https://www.imdb.com//title/tt5662932/"}, {"name": "Khaleja", "year": 2010, "position": 245, "url": "https://www.imdb.com//title/tt1582519/"}, {"name": "Ghajini", "year": 2008, "position": 246, "url": "https://www.imdb.com//title/tt1166100/"}, {"name": "Ishqiya", "year": 2010, "position": 247, "url": "https://www.imdb.com//title/tt1345777/"}, {"name": "Page 3", "year": 2005, "position": 248, "url": "https://www.imdb.com//title/tt0443708/"}, {"name": "Lootera", "year": 2013, "position": 249, "url": "https://www.imdb.com//title/tt2224317/"}, {"name": "Ghulam", "year": 1998, "position": 250, "url": "https://www.imdb.com//title/tt0190419/"}]