[{"movie_name": "Anand\u00a0", "director": "Hrishikesh Mukherjee", "country": "India", "language": ["Hindi"], "poster_url": "https://www.imdb.com//title/tt0066763/mediaviewer/rm73146368", "bio": "The story of a terminally ill man who wishes to live life to the full before the inevitable occurs, as told by his best friend.", "rumtime": 122, "gener": ["Drama"]}, {"movie_name": "Anbe Sivam\u00a0", "director": "Sundar C.", "country": "India", "language": ["Tamil", "Hindi"], "poster_url": "https://www.imdb.com//title/tt0367495/mediaviewer/rm3025237504", "bio": "Two men, one young and arrogant, the other damaged - physically but not spiritually - by life, are thrown together by circumstances, and find that they are in some ways bound together by fate.", "rumtime": 160, "gener": ["Adventure"]}, {"movie_name": "Nayakan\u00a0", "director": "Mani Ratnam", "country": "India", "language": ["Tamil", "Hindi", "English", "Telugu"], "poster_url": "https://www.imdb.com//title/tt0093603/mediaviewer/rm1040255488", "bio": "A common man's struggles against a corrupt police force put him on the wrong side of the law. He becomes a don, who is loved and respected by many, but his growing power and influence exact a heavy toll.", "rumtime": 156, "gener": ["Crime"]}, {"movie_name": "Gol Maal\u00a0", "director": "Hrishikesh Mukherjee", "country": "India", "language": ["Hindi"], "poster_url": "https://www.imdb.com//title/tt0079221/mediaviewer/rm3716412160", "bio": "A man's simple lie to secure his job escalates into more complex lies when his orthodox boss gets suspicious.", "rumtime": 120, "gener": ["Comedy"]}, {"movie_name": "Pather Panchali\u00a0", "director": "Satyajit Ray", "country": "India", "language": ["Bengali"], "poster_url": "https://www.imdb.com//title/tt0048473/mediaviewer/rm2984380416", "bio": "Impoverished priest Harihar Ray, dreaming of a better life for himself and his family, leaves his rural Bengal village in search of work.", "rumtime": 125, "gener": ["Drama"]}, {"movie_name": "Vikram Vedha\u00a0", "director": "Gayatri", "country": "India", "language": ["Tamil", "English"], "poster_url": "https://www.imdb.com//title/tt6148156/mediaviewer/rm471498753", "bio": "Vikram, a no-nonsense police officer, accompanied by Simon, his partner, is on the hunt to capture Vedha, a smuggler and a murderer. Vedha tries to change Vikram's life, which leads to a conflict.", "rumtime": 147, "gener": ["Action"]}, {"movie_name": "Ratsasan\u00a0", "director": "Ram Kumar", "country": "India", "language": ["Tamil"], "poster_url": "https://www.imdb.com//title/tt7060344/mediaviewer/rm293499136", "bio": "Constant rejections in his attempts to become a filmmaker and family constraints force Arun to let go of his dream and take up the job of a Police officer.", "rumtime": 170, "gener": ["Action"]}, {"movie_name": "Black Friday\u00a0", "director": "Anurag Kashyap", "country": "India", "language": ["Hindi"], "poster_url": "https://www.imdb.com//title/tt0400234/mediaviewer/rm557600000", "bio": "A film about the investigations following the 1993 serial Bombay bomb blasts, told through the different stories of the people involved --police, conspirators, victims, middlemen.", "rumtime": 143, "gener": ["Action"]}, {"movie_name": "Apur Sansar\u00a0", "director": "Satyajit Ray", "country": "India", "language": ["Bengali", "English"], "poster_url": "https://www.imdb.com//title/tt0052572/mediaviewer/rm244664320", "bio": "This final installment in Satyajit Ray's Apu Trilogy follows Apu's life as an orphaned adult aspiring to be a writer.", "rumtime": 105, "gener": ["Drama"]}, {"movie_name": "Manichitrathazhu\u00a0", "director": "Fazil", "country": "India", "language": ["Malayalam"], "poster_url": "https://www.imdb.com//title/tt0214915/mediaviewer/rm676456192", "bio": "When a forbidden room in an old bungalow is unbolted, the spirit of a vengeful dancer is unleashed.", "rumtime": 169, "gener": ["Comedy"]}, {"movie_name": "Taare Zameen Par\u00a0", "director": "Aamir Khan", "country": "India", "language": ["Hindi", "English"], "poster_url": "https://www.imdb.com//title/tt0986264/mediaviewer/rm242224384", "bio": "An eight-year-old boy is thought to be a lazy trouble-maker, until the new art teacher has the patience and compassion to discover the real problem behind his struggles in school.", "rumtime": 165, "gener": ["Drama"]}, {"movie_name": "3 Idiots\u00a0", "director": "Rajkumar Hirani", "country": "India", "language": ["Hindi", "English"], "poster_url": "https://www.imdb.com//title/tt1187043/mediaviewer/rm2029391104", "bio": "Two friends are searching for their long lost companion. They revisit their college days and recall the memories of their friend who inspired them to think differently, even as the rest of the world called them \"idiots\".", "rumtime": 170, "gener": ["Comedy"]}, {"movie_name": "Pariyerum Perumal\u00a0", "director": "Mari Selvaraj", "country": "India", "language": ["Tamil"], "poster_url": "https://www.imdb.com//title/tt8176054/mediaviewer/rm2678026496", "bio": "A law student from a lower caste begins a friendship with his classmate, a girl who belongs to a higher caste, and the men in her family start giving him trouble over this.", "rumtime": 154, "gener": ["Drama"]}, {"movie_name": "Dangal\u00a0", "director": "Nitesh Tiwari", "country": "India", "language": ["Hindi", "Tamil", "Telugu"], "poster_url": "https://www.imdb.com//title/tt5074352/mediaviewer/rm3039822848", "bio": "Former wrestler Mahavir Singh Phogat and his two wrestler daughters struggle towards glory at the Commonwealth Games in the face of societal oppression.", "rumtime": 161, "gener": ["Action"]}, {"movie_name": "96\u00a0", "director": "C. Prem Kumar", "country": "India", "language": ["Tamil"], "poster_url": "https://www.imdb.com//title/tt7019842/mediaviewer/rm656438016", "bio": "Two high school sweethearts meet at a reunion after 22 years and reminisce about their past over the course of an evening.", "rumtime": 158, "gener": ["Drama"]}, {"movie_name": "Thalapathi\u00a0", "director": "Mani Ratnam", "country": "India", "language": ["Tamil"], "poster_url": "https://www.imdb.com//title/tt0101649/mediaviewer/rm1269753344", "bio": "An orphan named Surya raised in a slum befriends a good crime boss named Devaraj and works for him. Their existence is threatened when a new honest district collector arrives.", "rumtime": 157, "gener": ["Action"]}, {"movie_name": "Jaane Bhi Do Yaaro\u00a0", "director": "Kundan Shah", "country": "India", "language": ["Hindi"], "poster_url": "https://www.imdb.com//title/tt0085743/mediaviewer/rm3305301760", "bio": "Two friends, attempting to start-up their own photo studio, come across shady dealings, corruption and murder, and must fight to bring the guilty to light.", "rumtime": 132, "gener": ["Comedy"]}, {"movie_name": "Aruvi\u00a0", "director": "Arun Prabhu Purushothaman", "country": "India", "language": ["Tamil"], "poster_url": "https://www.imdb.com//title/tt5867800/mediaviewer/rm3702620929", "bio": "A gentle girl born and brought up amidst the ever growing eco-social-consumeristic environment finds it difficult to fit in the society. She decides to take it hard on the people. What she does is the rest of the story.", "rumtime": 130, "gener": ["Drama"]}, {"movie_name": "Chupke Chupke\u00a0", "director": "Hrishikesh Mukherjee", "country": "India", "language": ["Hindi"], "poster_url": "https://www.imdb.com//title/tt0072783/mediaviewer/rm3007116032", "bio": "A newly wedded husband plays a practical joke on his wife's family with full support from his wife and friends.", "rumtime": 146, "gener": ["Comedy"]}, {"movie_name": "Visaaranai\u00a0", "director": "Vetrimaaran", "country": "India", "language": ["Tamil", "Telugu"], "poster_url": "https://www.imdb.com//title/tt4991384/mediaviewer/rm1613397248", "bio": "Four labourers are tortured by the police to confess to a theft they have not committed.", "rumtime": 117, "gener": ["Crime"]}, {"movie_name": "Drishyam\u00a0", "director": "Jeethu Joseph", "country": "India", "language": ["Malayalam", "English"], "poster_url": "https://www.imdb.com//title/tt3417422/mediaviewer/rm1999209217", "bio": "A man goes to extreme lengths to save his family from punishment after the family commits an accidental crime.", "rumtime": 160, "gener": ["Crime"]}, {"movie_name": "Guide\u00a0", "director": "Vijay Anand", "country": "India", "language": ["Hindi"], "poster_url": "https://www.imdb.com//title/tt0059246/mediaviewer/rm3418984961", "bio": "When mistaken to be a sage by some villagers, an ex-tour guide reflects on his past and lost love to search for spiritual wisdom to guide the villagers.", "rumtime": 183, "gener": ["Drama"]}, {"movie_name": "Andhadhun\u00a0", "director": "Sriram Raghavan", "country": "India", "language": ["Hindi", "English"], "poster_url": "https://www.imdb.com//title/tt8108198/mediaviewer/rm1843230976", "bio": "A series of mysterious events changes the life of a blind pianist, who must now report a crime that he should technically know nothing of.", "rumtime": 139, "gener": ["Crime"]}, {"movie_name": "Thani Oruvan\u00a0", "director": "Mohan Raja", "country": "India", "language": ["Tamil"], "poster_url": "https://www.imdb.com//title/tt4987556/mediaviewer/rm917598464", "bio": "Siddharth Abimanyu, an influential scientist, is involved in various illegal medical practices. Mithran, an efficient IPS officer, decides to expose him.", "rumtime": 160, "gener": ["Action"]}, {"movie_name": "Aparajito\u00a0", "director": "Satyajit Ray", "country": "India", "language": ["Bengali", "English"], "poster_url": "https://www.imdb.com//title/tt0048956/mediaviewer/rm1172593920", "bio": "Following his father's death, a boy leaves home to study in Calcutta, while his mother must face a life alone.", "rumtime": 110, "gener": ["Drama"]}, {"movie_name": "Asuran\u00a0", "director": "Vetrimaaran", "country": "India", "language": ["Tamil"], "poster_url": "https://www.imdb.com//title/tt9477520/mediaviewer/rm102334465", "bio": "The teenage son of a farmer from an underprivileged caste kills a rich, upper caste landlord. Will the farmer, a loving father and a pacifist by heart, be able to save his hot-blooded son is the rest of the story.", "rumtime": 141, "gener": ["Action"]}, {"movie_name": "Vada Chennai\u00a0", "director": "Vetrimaaran", "country": "India", "language": ["Tamil"], "poster_url": "https://www.imdb.com//title/tt5959980/mediaviewer/rm286883841", "bio": "A young carrom player in north Chennai becomes a reluctant participant in a war between two warring gangsters.", "rumtime": 164, "gener": ["Action"]}, {"movie_name": "Kannathil Muthamittal\u00a0", "director": "Mani Ratnam", "country": "India", "language": ["Tamil", "Sinhalese", "English"], "poster_url": "https://www.imdb.com//title/tt0312859/mediaviewer/rm1371501824", "bio": "A little girl is told by her parents that she is adopted. Determined to find her real mother, she begs to be taken to Sri Lanka, where her mother works with a militant group of activists.", "rumtime": 123, "gener": ["Action"]}, {"movie_name": "Khosla Ka Ghosla!\u00a0", "director": "Dibakar Banerjee", "country": "India", "language": ["Hindi"], "poster_url": "https://www.imdb.com//title/tt0466460/mediaviewer/rm2974682368", "bio": "A Delhi based retired middle class man tries half-heartedly to get his land back from a swindling property dealer with the help of his sons and their friends.", "rumtime": 135, "gener": ["Comedy"]}, {"movie_name": "Khaidi\u00a0", "director": "Lokesh Kanagaraj", "country": "India", "language": ["Tamil", "Telugu"], "poster_url": "https://www.imdb.com//title/tt9900782/mediaviewer/rm3694369281", "bio": "A drug bust, an injured cop and a convicted criminal who wants to meet his daughter for first time in life, what happens when they all cross their path is the story of this emotional action flick.", "rumtime": 145, "gener": ["Action"]}, {"movie_name": "Dhuruvangal Pathinaaru\u00a0", "director": "Karthick Naren", "country": "India", "language": ["Tamil"], "poster_url": "https://www.imdb.com//title/tt6380520/mediaviewer/rm3390668801", "bio": "A police officer retires after an accident during a case investigation. Years later, he is forced to relive the past as he narrates the story to his friend's son.", "rumtime": 105, "gener": ["Action"]}, {"movie_name": "Peranbu\u00a0", "director": "Ram", "country": "India", "language": ["Tamil"], "poster_url": "https://www.imdb.com//title/tt7738784/mediaviewer/rm2927336705", "bio": "A single father tries to raise his daughter, who has cerebral palsy, even as she is beginning to wake up to her sexuality.", "rumtime": 147, "gener": ["Drama"]}, {"movie_name": "Shahid\u00a0", "director": "Hansal Mehta", "country": "India", "language": ["Hindi"], "poster_url": "https://www.imdb.com//title/tt2181831/mediaviewer/rm957013760", "bio": "The account of Human Rights lawyer Shahid Azmi, an ordinary citizen with an extraordinary commitment to justice.", "rumtime": 129, "gener": ["Biography"]}, {"movie_name": "Talvar\u00a0", "director": "Meghna Gulzar", "country": "India", "language": ["Hindi"], "poster_url": "https://www.imdb.com//title/tt4934950/mediaviewer/rm3748065024", "bio": "An experienced investigator confronts several conflicting theories about the perpetrators of a violent double homicide.", "rumtime": 132, "gener": ["Crime"]}, {"movie_name": "Rang De Basanti\u00a0", "director": "Rakeysh Omprakash Mehra", "country": "India", "language": ["Hindi", "Punjabi", "English"], "poster_url": "https://www.imdb.com//title/tt0405508/mediaviewer/rm1350078977", "bio": "The story of six young Indians who assist an English woman to film a documentary on the freedom fighters from their past, and the events that lead them to relive the long-forgotten saga of freedom.", "rumtime": 167, "gener": ["Comedy"]}, {"movie_name": "Bhaag Milkha Bhaag\u00a0", "director": "Rakeysh Omprakash Mehra", "country": "India", "language": ["Hindi"], "poster_url": "https://www.imdb.com//title/tt2356180/mediaviewer/rm3825968896", "bio": "The truth behind the ascension of Milkha Singh who was scarred because of the India-Pakistan partition.", "rumtime": 186, "gener": ["Biography"]}, {"movie_name": "Satya\u00a0", "director": "Ram Gopal Varma", "country": "India", "language": ["Hindi", "Urdu", "Marathi"], "poster_url": "https://www.imdb.com//title/tt0195231/mediaviewer/rm1028559360", "bio": "An innocent man is embroiled in underworld after being falsely charged and sets out to punish the perpetrators who subjected his life to misery.", "rumtime": 170, "gener": ["Action"]}, {"movie_name": "Gangs of Wasseypur\u00a0", "director": "Anurag Kashyap", "country": "India", "language": ["Hindi"], "poster_url": "https://www.imdb.com//title/tt1954470/mediaviewer/rm3981377280", "bio": "A clash between Sultan and Shahid Khan leads to the expulsion of Khan from Wasseypur, and ignites a deadly blood feud spanning three generations.", "rumtime": 321, "gener": ["Action"]}, {"movie_name": "Drishyam\u00a0", "director": "Nishikant Kamat", "country": "India", "language": ["Hindi"], "poster_url": "https://www.imdb.com//title/tt4430212/mediaviewer/rm3474345216", "bio": "Desperate measures are taken by a man who tries to save his family from the dark side of the law, after they commit an unexpected crime.", "rumtime": 163, "gener": ["Crime"]}, {"movie_name": "Premam\u00a0", "director": "Alphonse Puthren", "country": "India", "language": ["Malayalam"], "poster_url": "https://www.imdb.com//title/tt4679210/mediaviewer/rm2121785600", "bio": "A young man has three opportunities to find love. Will the third time be the charm?", "rumtime": 156, "gener": ["Comedy"]}, {"movie_name": "Gully Boy\u00a0", "director": "Zoya Akhtar", "country": "India", "language": ["Hindi"], "poster_url": "https://www.imdb.com//title/tt2395469/mediaviewer/rm2536928512", "bio": "A coming-of-age story based on the lives of street rappers in Mumbai.", "rumtime": 153, "gener": ["Drama"]}, {"movie_name": "Swades: We, the People\u00a0", "director": "Ashutosh Gowariker", "country": "India", "language": ["Hindi", "English"], "poster_url": "https://www.imdb.com//title/tt0367110/mediaviewer/rm3371172352", "bio": "A successful Indian scientist returns to an Indian village to take his nanny to America with him and in the process rediscovers his roots.", "rumtime": 210, "gener": ["Drama"]}, {"movie_name": "Soodhu Kavvum\u00a0", "director": "Nalan Kumarasamy", "country": "India", "language": ["Tamil"], "poster_url": "https://www.imdb.com//title/tt2877108/mediaviewer/rm1357989632", "bio": "Das, with his team, kidnap Arumai, son of a politician, who has been planning his own kidnapping to extract money from his father. Problems arise, when an insane cop is brought to handle the case.", "rumtime": 135, "gener": ["Comedy"]}, {"movie_name": "Hera Pheri\u00a0", "director": "Priyadarshan", "country": "India", "language": ["Hindi"], "poster_url": "https://www.imdb.com//title/tt0242519/mediaviewer/rm242238464", "bio": "Three unemployed men find the answer to all their money problems when they receive a call from a kidnapper. However, things do not go as planned.", "rumtime": 156, "gener": ["Action"]}, {"movie_name": "Bangalore Days\u00a0", "director": "Anjali Menon", "country": "India", "language": ["Malayalam"], "poster_url": "https://www.imdb.com//title/tt3668162/mediaviewer/rm3363666176", "bio": "Three cousins set out to fulfill their Bangalore dreams.", "rumtime": 171, "gener": ["Comedy"]}, {"movie_name": "Uri: The Surgical Strike\u00a0", "director": "Aditya Dhar", "country": "India", "language": ["Hindi"], "poster_url": "https://www.imdb.com//title/tt8291224/mediaviewer/rm3138286848", "bio": "Indian army special forces execute a covert operation, avenging the killing of fellow army men at their base by a terrorist group.", "rumtime": 138, "gener": ["Action"]}, {"movie_name": "Chak De! India\u00a0", "director": "Shimit Amin", "country": "India", "language": ["Hindi"], "poster_url": "https://www.imdb.com//title/tt0871510/mediaviewer/rm4257369600", "bio": "Kabir Khan is the coach of the Indian Women's National Hockey Team and his dream is to make his all girls team emerge victorious against all odds.", "rumtime": 153, "gener": ["Drama"]}, {"movie_name": "Sholay\u00a0", "director": "Ramesh Sippy", "country": "India", "language": ["Hindi"], "poster_url": "https://www.imdb.com//title/tt0073707/mediaviewer/rm4243130112", "bio": "After his family is murdered by a notorious and ruthless bandit, a former police officer enlists the services of two outlaws to capture the bandit.", "rumtime": 204, "gener": ["Action"]}, {"movie_name": "Black\u00a0", "director": "Sanjay Leela Bhansali", "country": "India", "language": ["Hindi", "English"], "poster_url": "https://www.imdb.com//title/tt0375611/mediaviewer/rm1951206656", "bio": "The cathartic tale of a young woman who can't see, hear or talk and the teacher who brings a ray of light into her dark world.", "rumtime": 122, "gener": ["Drama"]}, {"movie_name": "Queen\u00a0", "director": "Vikas Bahl", "country": "India", "language": ["Hindi", "English", "French", "Japanese", "Dutch"], "poster_url": "https://www.imdb.com//title/tt3322420/mediaviewer/rm857046528", "bio": "A Delhi girl from a traditional family sets out on a solo honeymoon after her marriage gets cancelled.", "rumtime": 146, "gener": ["Comedy"]}, {"movie_name": "Jigarthanda\u00a0", "director": "Karthik Subbaraj", "country": "India", "language": ["Tamil"], "poster_url": "https://www.imdb.com//title/tt3569782/mediaviewer/rm720859648", "bio": "An aspiring director targets a ruthless gangster because he wants to make a violent gangster film. His discreet attempts to research the gangster fail miserably. Finally when he gets caught snooping, things hit the fan.", "rumtime": 171, "gener": ["Action"]}, {"movie_name": "Paan Singh Tomar\u00a0", "director": "Tigmanshu Dhulia", "country": "India", "language": ["Hindi"], "poster_url": "https://www.imdb.com//title/tt1620933/mediaviewer/rm1644410368", "bio": "The story of Paan Singh Tomar, an Indian athlete and seven-time national steeplechase champion who becomes one of the most feared dacoits in Chambal Valley after his retirement.", "rumtime": 135, "gener": ["Action"]}, {"movie_name": "Mughal-E-Azam\u00a0", "director": "K. Asif", "country": "India", "language": ["Urdu"], "poster_url": "https://www.imdb.com//title/tt0054098/mediaviewer/rm55480832", "bio": "A 16th century prince falls in love with a court dancer and battles with his emperor father.", "rumtime": 197, "gener": ["Drama"]}, {"movie_name": "Jo Jeeta Wohi Sikandar\u00a0", "director": "Mansoor Khan", "country": "India", "language": ["Hindi", "English"], "poster_url": "https://www.imdb.com//title/tt0104561/mediaviewer/rm2495275008", "bio": "A rich brat and a poor chap try to woo a girl, with their rivalry culminating in the most prestigious college event - the marathon cycle race.", "rumtime": 174, "gener": ["Comedy"]}, {"movie_name": "Mahanati\u00a0", "director": "Nag Ashwin", "country": "India", "language": ["Telugu", "Tamil"], "poster_url": "https://www.imdb.com//title/tt7465992/mediaviewer/rm426593536", "bio": "Biography of Savitri, an actress from South India movie industry, who ruled the industry for two decades during 50s and 60s.", "rumtime": 177, "gener": ["Biography"]}, {"movie_name": "Article 15\u00a0", "director": "Anubhav Sinha", "country": "India", "language": ["Hindi"], "poster_url": "https://www.imdb.com//title/tt10324144/mediaviewer/rm3850017537", "bio": "In the rural heartlands of India, an upright police officer sets out on a crusade against violent caste-based crimes and discrimination.", "rumtime": 130, "gener": ["Crime"]}, {"movie_name": "Andaz Apna Apna\u00a0", "director": "Rajkumar Santoshi", "country": "India", "language": ["Hindi"], "poster_url": "https://www.imdb.com//title/tt0109117/mediaviewer/rm3225252096", "bio": "Two slackers competing for the affections of an heiress inadvertently become her protectors from an evil criminal.", "rumtime": 160, "gener": ["Comedy"]}, {"movie_name": "Super Deluxe\u00a0", "director": "Thiagarajan Kumararaja", "country": "India", "language": ["Tamil"], "poster_url": "https://www.imdb.com//title/tt7019942/mediaviewer/rm2779014912", "bio": "An unfaithful newly-wed wife, an estranged father, a priest and an angry son suddenly find themselves in the most unexpected predicaments, each poised to experience their destiny, all on one fateful day.", "rumtime": 176, "gener": ["Action"]}, {"movie_name": "Anniyan\u00a0", "director": "S. Shankar", "country": "India", "language": ["Tamil", "Telugu", "French", "Hindi"], "poster_url": "https://www.imdb.com//title/tt0376127/mediaviewer/rm3684605185", "bio": "Ramanujam, who suffers from multiple personality disorder, works as a lawyer by day and a vigilante at night. He uses tips from the 'Garuda Purana' as his tools to expose various antisocial elements.", "rumtime": 183, "gener": ["Action"]}, {"movie_name": "Mudhalvan\u00a0", "director": "S. Shankar", "country": "India", "language": ["Tamil", "Telugu"], "poster_url": "https://www.imdb.com//title/tt0220656/mediaviewer/rm1706838016", "bio": "A man accepts a challenge to act as the Chief Minister of Tamil Nadu for one day only, and makes such a success of it that soon he is embroiled in political intrigue.", "rumtime": 169, "gener": ["Action"]}, {"movie_name": "Dil Chahta Hai\u00a0", "director": "Farhan Akhtar", "country": "India", "language": ["Hindi", "English", "Urdu"], "poster_url": "https://www.imdb.com//title/tt0292490/mediaviewer/rm2486146561", "bio": "Three inseparable childhood friends are just out of college. Nothing comes between them - until they each fall in love, and their wildly different approaches to relationships creates tension.", "rumtime": 183, "gener": ["Comedy"]}, {"movie_name": "Tumbbad\u00a0", "director": "Rahi Anil Barve", "country": "India", "language": ["Marathi", "Hindi", "Tamil", "Telugu"], "poster_url": "https://www.imdb.com//title/tt8239946/mediaviewer/rm1028080640", "bio": "A mythological story about a goddess who created the entire universe. The plot revolves around the consequences when humans build a temple for her first-born.", "rumtime": 104, "gener": ["Drama"]}, {"movie_name": "Ustad Hotel\u00a0", "director": "Anwar Rasheed", "country": "India", "language": ["Malayalam"], "poster_url": "https://www.imdb.com//title/tt2218988/mediaviewer/rm3743567360", "bio": "An urbane chef from a well-to-do family with very high ambitions goes on to find approval from his conservative father, true love and the real purpose of his life.", "rumtime": 151, "gener": ["Comedy"]}, {"movie_name": "A Wednesday\u00a0", "director": "Neeraj Pandey", "country": "India", "language": ["Hindi", "English"], "poster_url": "https://www.imdb.com//title/tt1280558/mediaviewer/rm509508096", "bio": "A retiring police officer reminisces about the most astounding day of his career. About a case that was never filed but continues to haunt him in his memories - the case of a man and a Wednesday.", "rumtime": 104, "gener": ["Crime"]}, {"movie_name": "Munna Bhai M.B.B.S.\u00a0", "director": "Rajkumar Hirani", "country": "India", "language": ["Hindi"], "poster_url": "https://www.imdb.com//title/tt0374887/mediaviewer/rm2120624128", "bio": "A gangster sets out to fulfill his father's dream of becoming a doctor.", "rumtime": 156, "gener": ["Comedy"]}, {"movie_name": "Lagaan: Once Upon a Time in India\u00a0", "director": "Ashutosh Gowariker", "country": "India", "language": ["Hindi", "English", "Awadhi", "Urdu"], "poster_url": "https://www.imdb.com//title/tt0169102/mediaviewer/rm3665955072", "bio": "The people of a small village in Victorian India stake their future on a game of cricket against their ruthless British rulers.", "rumtime": 224, "gener": ["Adventure"]}, {"movie_name": "Udaan\u00a0", "director": "Vikramaditya Motwane", "country": "India", "language": ["Hindi"], "poster_url": "https://www.imdb.com//title/tt1639426/mediaviewer/rm799049472", "bio": "Expelled from his school, a 16-year old boy returns home to his abusive and oppressive father.", "rumtime": 134, "gener": ["Drama"]}, {"movie_name": "Sairat\u00a0", "director": "Nagraj Manjule", "country": "India", "language": ["Marathi"], "poster_url": "https://www.imdb.com//title/tt5312232/mediaviewer/rm4128840960", "bio": "In interior Maharashtra, a fisherman's son and a local politician's daughter fall in love against the restrictions of caste hierarchy.", "rumtime": 174, "gener": ["Drama"]}, {"movie_name": "OMG: Oh My God!\u00a0", "director": "Umesh Shukla", "country": "India", "language": ["Hindi", "English"], "poster_url": "https://www.imdb.com//title/tt2283748/mediaviewer/rm2141932032", "bio": "A shopkeeper takes God to court when his shop is destroyed by an earthquake.", "rumtime": 125, "gener": ["Comedy"]}, {"movie_name": "Sarfarosh\u00a0", "director": "John Mathew Matthan", "country": "India", "language": ["Hindi"], "poster_url": "https://www.imdb.com//title/tt0200087/mediaviewer/rm3515829760", "bio": "After his brother is killed and father severely injured by terrorists, a young med student quits his studies to join the Indian Police Service to wipe out the terrorists.", "rumtime": 174, "gener": ["Action"]}, {"movie_name": "Roja\u00a0", "director": "Mani Ratnam", "country": "India", "language": ["Tamil", "Hindi", "Marathi", "Telugu"], "poster_url": "https://www.imdb.com//title/tt0105271/mediaviewer/rm3332246272", "bio": "A woman from a village in Tamil Nadu marries a sophisticated city dweller and moves with him to Kashmir, where all is rosy - until he gets kidnapped by militants.", "rumtime": 137, "gener": ["Drama"]}, {"movie_name": "Zindagi Na Milegi Dobara\u00a0", "director": "Zoya Akhtar", "country": "India", "language": ["Hindi", "Japanese", "Spanish", "English"], "poster_url": "https://www.imdb.com//title/tt1562872/mediaviewer/rm968548608", "bio": "Three friends decide to turn their fantasy vacation into reality after one of their friends gets engaged.", "rumtime": 155, "gener": ["Comedy"]}, {"movie_name": "PK\u00a0", "director": "Rajkumar Hirani", "country": "India", "language": ["Hindi", "English", "Urdu", "Persian", "Kurdish"], "poster_url": "https://www.imdb.com//title/tt2338151/mediaviewer/rm419297536", "bio": "An alien on Earth loses the only device he can use to communicate with his spaceship. His innocent nature and child-like questions force the country to evaluate the impact of religion on its people.", "rumtime": 153, "gener": ["Comedy"]}, {"movie_name": "Kahaani\u00a0", "director": "Sujoy Ghosh", "country": "India", "language": ["Hindi", "Bengali", "English"], "poster_url": "https://www.imdb.com//title/tt1821480/mediaviewer/rm107394816", "bio": "A pregnant woman's search for her missing husband takes her from London to Kolkata, but everyone she questions denies having ever met him.", "rumtime": 122, "gener": ["Mystery"]}, {"movie_name": "Pink\u00a0", "director": "Aniruddha Roy Chowdhury", "country": "India", "language": ["Hindi", "English"], "poster_url": "https://www.imdb.com//title/tt5571734/mediaviewer/rm3520399360", "bio": "When three young women are implicated in a crime, a retired lawyer steps forward to help them clear their names.", "rumtime": 136, "gener": ["Drama"]}, {"movie_name": "Masaan\u00a0", "director": "Neeraj Ghaywan", "country": "India", "language": ["Hindi"], "poster_url": "https://www.imdb.com//title/tt4635372/mediaviewer/rm2832788224", "bio": "Four lives intersect along the Ganges: a low caste boy hopelessly in love, a daughter ridden with guilt of a sexual encounter ending in a tragedy, a hapless father with fading morality, and...\n                    See full summary\u00a0\u00bb", "rumtime": 109, "gener": ["Drama"]}, {"movie_name": "Iqbal\u00a0", "director": "Nagesh Kukunoor", "country": "India", "language": ["Hindi"], "poster_url": "https://www.imdb.com//title/tt0453729/mediaviewer/rm3101883136", "bio": "Iqbal, the deaf and mute son of a farmer, has a passion for the game of cricket and seeks the tutelage of a washed-up, alcoholic ex-player.", "rumtime": 132, "gener": ["Drama"]}, {"movie_name": "Barfi!\u00a0", "director": "Anurag Basu", "country": "India", "language": ["Hindi"], "poster_url": "https://www.imdb.com//title/tt2082197/mediaviewer/rm603112192", "bio": "Three young people learn that love can neither be defined nor contained by society's definition of normal and abnormal.", "rumtime": 151, "gener": ["Comedy"]}, {"movie_name": "Maqbool\u00a0", "director": "Vishal Bhardwaj", "country": "India", "language": ["Hindi", "Urdu"], "poster_url": "https://www.imdb.com//title/tt0379370/mediaviewer/rm1565097216", "bio": "The intrigue of the Shakespearean tragedy 'Macbeth' is transposed to the Mumbai underworld.", "rumtime": 132, "gener": ["Crime"]}, {"movie_name": "Theeran Adhigaaram Ondru\u00a0", "director": "H. Vinoth", "country": "India", "language": ["Tamil", "Telugu"], "poster_url": "https://www.imdb.com//title/tt7060460/mediaviewer/rm119177217", "bio": "Theeran, a police officer, tries to decode a series of cold blood events based on same pattern.", "rumtime": 157, "gener": ["Action"]}, {"movie_name": "Maheshinte Prathikaram\u00a0", "director": "Dileesh Pothan", "country": "India", "language": ["Malayalam"], "poster_url": "https://www.imdb.com//title/tt4851630/mediaviewer/rm1797934592", "bio": "Mahesh, a studio photographer and studio owner gets into a fight and loses. He ends up taking revenge which leads to certain realizations in his life.", "rumtime": 120, "gener": ["Comedy"]}, {"movie_name": "Baasha\u00a0", "director": "Suresh Krishna", "country": "India", "language": ["Tamil", "Telugu", "Hindi"], "poster_url": "https://www.imdb.com//title/tt0139876/mediaviewer/rm2556644608", "bio": "An auto driver, Manikam, desperately tries to hide his dark underworld side to keep his promise to his father.", "rumtime": 145, "gener": ["Action"]}, {"movie_name": "Omkara\u00a0", "director": "Vishal Bhardwaj", "country": "India", "language": ["Hindi"], "poster_url": "https://www.imdb.com//title/tt0488414/mediaviewer/rm2657963776", "bio": "A politically-minded enforcer's misguided trust in his lieutenant leads him to suspect his wife of infidelity in this adaptation of Shakespeare's 'Othello'.", "rumtime": 155, "gener": ["Action"]}, {"movie_name": "The Legend of Bhagat Singh\u00a0", "director": "Rajkumar Santoshi", "country": "India", "language": ["Hindi", "English", "Bengali", "Punjabi"], "poster_url": "https://www.imdb.com//title/tt0319736/mediaviewer/rm898996737", "bio": "The story of a young revolutionary who raised an armed resistance against the British rule in India.", "rumtime": 155, "gener": ["Action"]}, {"movie_name": "Lage Raho Munna Bhai\u00a0", "director": "Rajkumar Hirani", "country": "India", "language": ["Hindi"], "poster_url": "https://www.imdb.com//title/tt0456144/mediaviewer/rm1147696128", "bio": "Munna Bhai embarks on a journey with Mahatma Gandhi in order to fight against a corrupt property dealer.", "rumtime": 144, "gener": ["Comedy"]}, {"movie_name": "Bombay\u00a0", "director": "Mani Ratnam", "country": "India", "language": ["Tamil", "Hindi"], "poster_url": "https://www.imdb.com//title/tt0112553/mediaviewer/rm4020112128", "bio": "A Hindu man and a Muslim woman fall in love in a small village and move to Mumbai, where they have two children. However, growing religious tensions and erupting riots threaten to tear the family apart.", "rumtime": 141, "gener": ["Drama"]}, {"movie_name": "Bommarillu\u00a0", "director": "Bhaskar", "country": "India", "language": ["Telugu"], "poster_url": "https://www.imdb.com//title/tt0843326/mediaviewer/rm2139052800", "bio": "A young man realizes that he has to push back against his domineering father if he wants to find true happiness and love.", "rumtime": 170, "gener": ["Comedy"]}, {"movie_name": "Dilwale Dulhania Le Jayenge\u00a0", "director": "Aditya Chopra", "country": "India", "language": ["Hindi", "English", "Punjabi"], "poster_url": "https://www.imdb.com//title/tt0112870/mediaviewer/rm3140497664", "bio": "When Raj meets Simran in Europe, it isn't love at first sight but when Simran moves to India for an arranged marriage, love makes its presence felt.", "rumtime": 189, "gener": ["Drama"]}, {"movie_name": "Lucia\u00a0", "director": "Pawan Kumar", "country": "India", "language": ["Kannada"], "poster_url": "https://www.imdb.com//title/tt2358592/mediaviewer/rm2329009920", "bio": "A man suffering from insomnia is tricked into buying a drug, Lucia, that makes his desires come true in his dreams, blurring the line between fantasy and reality.", "rumtime": 135, "gener": ["Drama"]}, {"movie_name": "Deewaar\u00a0", "director": "Yash Chopra", "country": "India", "language": ["Hindi"], "poster_url": "https://www.imdb.com//title/tt0072860/mediaviewer/rm3202388480", "bio": "Vijay struggles as a dockworker. Eventually, he becomes a leading figure of the underworld, while his younger brother, Ravi, is an educated, upright policeman. This divide causes problems in their relationship.", "rumtime": 174, "gener": ["Action"]}, {"movie_name": "Baahubali 2: The Conclusion\u00a0", "director": "S.S. Rajamouli", "country": "India", "language": ["Telugu", "Tamil", "Hindi", "Malayalam"], "poster_url": "https://www.imdb.com//title/tt4849438/mediaviewer/rm3324607744", "bio": "When Shiva, the son of Bahubali, learns about his heritage, he begins to look for answers. His story is juxtaposed with past events that unfolded in the Mahishmati Kingdom.", "rumtime": 167, "gener": ["Action"]}, {"movie_name": "Ugly\u00a0", "director": "Anurag Kashyap", "country": "India", "language": ["Hindi"], "poster_url": "https://www.imdb.com//title/tt2882328/mediaviewer/rm1754496768", "bio": "The case of a missing girl takes us through a journey of human greed and brushes upon the egos and repressed emotions of the characters.", "rumtime": 128, "gener": ["Crime"]}, {"movie_name": "Gulaal\u00a0", "director": "Anurag Kashyap", "country": "India", "language": ["Hindi"], "poster_url": "https://www.imdb.com//title/tt1261047/mediaviewer/rm1151813376", "bio": "A law student witnesses deception, homicide, and crime after being elected as General Secretary of his college.", "rumtime": 140, "gener": ["Crime"]}, {"movie_name": "Haider\u00a0", "director": "Vishal Bhardwaj", "country": "India", "language": ["Hindi"], "poster_url": "https://www.imdb.com//title/tt3390572/mediaviewer/rm3204890624", "bio": "A young man returns to Kashmir after his father's disappearance to confront his uncle, whom he suspects of playing a role in his father's fate.", "rumtime": 160, "gener": ["Action"]}, {"movie_name": "Section 375\u00a0", "director": "Ajay Bahl", "country": "India", "language": ["Hindi"], "poster_url": "https://www.imdb.com//title/tt8144834/mediaviewer/rm1805094913", "bio": "A celebrated Bollywood director Rohan Khurana stands accused by a female member of his crew, Anjali Dangle of having raped her at his residence.", "rumtime": 124, "gener": ["Crime"]}, {"movie_name": "Indian\u00a0", "director": "S. Shankar", "country": "India", "language": ["Tamil", "Hindi", "Telugu"], "poster_url": "https://www.imdb.com//title/tt0116630/mediaviewer/rm4125771264", "bio": "A veteran freedom fighter enraged with the rising crime and corruption in the society murders all the wrong doers one by one using an ancient martial arts technique.", "rumtime": 185, "gener": ["Action"]}, {"movie_name": "Mother India\u00a0", "director": "Mehboob Khan", "country": "India", "language": ["Hindi"], "poster_url": "https://www.imdb.com//title/tt0050188/mediaviewer/rm2011457792", "bio": "In this melodrama, a poverty-stricken woman raises her sons through many trials and tribulations. But no matter the struggles, always sticks to her own moral code.", "rumtime": 172, "gener": ["Drama"]}, {"movie_name": "Padosan\u00a0", "director": "Jyoti Swaroop", "country": "India", "language": ["Hindi"], "poster_url": "https://www.imdb.com//title/tt0063404/mediaviewer/rm1103404288", "bio": "A simple man from a village falls in love with his new neighbor. He enlists the help of his musical-theater friends to woo the lovely girl-next-door away from her music teacher.", "rumtime": 157, "gener": ["Comedy"]}, {"movie_name": "Athadu\u00a0", "director": "Trivikram Srinivas", "country": "India", "language": ["Telugu", "Hindi"], "poster_url": "https://www.imdb.com//title/tt0471571/mediaviewer/rm4036766208", "bio": "A gunman for hire is framed for murder, and assumes a dead man's identity while hiding from the police.", "rumtime": 172, "gener": ["Action"]}, {"movie_name": "Dev.D\u00a0", "director": "Anurag Kashyap", "country": "India", "language": ["Hindi", "Punjabi", "English", "French", "Tamil"], "poster_url": "https://www.imdb.com//title/tt1327035/mediaviewer/rm2612715520", "bio": "After breaking up with his childhood sweetheart, a young man finds solace in drugs. Meanwhile, a teenage girl is caught in the world of prostitution. Will they be destroyed, or will they find redemption?", "rumtime": 144, "gener": ["Comedy"]}, {"movie_name": "Special Chabbis\u00a0", "director": "Neeraj Pandey", "country": "India", "language": ["Hindi"], "poster_url": "https://www.imdb.com//title/tt2377938/mediaviewer/rm2237374976", "bio": "A gang of con-men rob prominent rich businessmen and politicians by posing as C.B.I and income tax officers.", "rumtime": 144, "gener": ["Crime"]}, {"movie_name": "Arjun Reddy\u00a0", "director": "Sandeep Reddy Vanga", "country": "India", "language": ["Telugu"], "poster_url": "https://www.imdb.com//title/tt7294534/mediaviewer/rm2429820928", "bio": "Arjun Reddy, a short tempered house surgeon gets used to drugs and drinks when his girlfriend is forced to marry another person.", "rumtime": 182, "gener": ["Action"]}, {"movie_name": "Chhichhore\u00a0", "director": "Nitesh Tiwari", "country": "India", "language": ["Hindi"], "poster_url": "https://www.imdb.com//title/tt9052870/mediaviewer/rm3906899969", "bio": "Following a group of friends from university as they progress into middle-age life and go their own separate ways.", "rumtime": 143, "gener": ["Comedy"]}, {"movie_name": "Badhaai Ho\u00a0", "director": "Amit Ravindernath Sharma", "country": "India", "language": ["Hindi"], "poster_url": "https://www.imdb.com//title/tt7725596/mediaviewer/rm2055830528", "bio": "A man is embarrassed when he finds out his mother is pregnant.", "rumtime": 124, "gener": ["Comedy"]}, {"movie_name": "Bajrangi Bhaijaan\u00a0", "director": "Kabir Khan", "country": "India", "language": ["Hindi", "Urdu"], "poster_url": "https://www.imdb.com//title/tt3863552/mediaviewer/rm4147767808", "bio": "An Indian man with a magnanimous heart takes a young mute Pakistani girl back to her homeland to reunite her with her family.", "rumtime": 163, "gener": ["Action"]}, {"movie_name": "Super 30\u00a0", "director": "Vikas Bahl", "country": "India", "language": ["Hindi"], "poster_url": "https://www.imdb.com//title/tt7485048/mediaviewer/rm441227009", "bio": "Based on life of Patna-based mathematician Anand Kumar who runs the famed Super 30 program for IIT aspirants in Patna.", "rumtime": 154, "gener": ["Biography"]}, {"movie_name": "Vaastav: The Reality\u00a0", "director": "Mahesh Manjrekar", "country": "India", "language": ["Hindi"], "poster_url": "https://www.imdb.com//title/tt0220832/mediaviewer/rm2760669696", "bio": "Consequences force an innocent man to get involved in crime after making an error.", "rumtime": 145, "gener": ["Action"]}, {"movie_name": "Company\u00a0", "director": "Ram Gopal Varma", "country": "India", "language": ["Hindi", "English"], "poster_url": "https://www.imdb.com//title/tt0296574/mediaviewer/rm638411520", "bio": "A small-time gangster named Chandu teams up with Malik, a low-level enforcer for a criminal syndicate. Together they eliminate all their enemies, becoming the most feared gangsters in Mumbai.", "rumtime": 155, "gener": ["Action"]}, {"movie_name": "Mukkabaaz\u00a0", "director": "Anurag Kashyap", "country": "India", "language": ["Hindi"], "poster_url": "https://www.imdb.com//title/tt7180544/mediaviewer/rm2696958720", "bio": "A boxer struggles to make his mark in the boxing world.", "rumtime": 154, "gener": ["Action"]}, {"movie_name": "Ankhon Dekhi\u00a0", "director": "Rajat Kapoor", "country": "India", "language": ["Hindi"], "poster_url": "https://www.imdb.com//title/tt3614516/mediaviewer/rm2590132992", "bio": "Ankhon Dekhi centers around Raje Bauji, played by Sanjay Mishra who, after a dramatic incident, decides that he will only believe what he sees with his eyes.", "rumtime": 107, "gener": ["Comedy"]}, {"movie_name": "Ship of Theseus\u00a0", "director": "Anand Gandhi", "country": "India", "language": ["English", "Arabic", "Swedish", "Hindi"], "poster_url": "https://www.imdb.com//title/tt1773764/mediaviewer/rm138926080", "bio": "The film explores questions of identity, justice, beauty, meaning and death through an experimental photographer, an ailing monk and a young stockbroker.", "rumtime": 139, "gener": ["Drama"]}, {"movie_name": "Manjhi: The Mountain Man\u00a0", "director": "Ketan Mehta", "country": "India", "language": ["Hindi"], "poster_url": "https://www.imdb.com//title/tt3449292/mediaviewer/rm2093502208", "bio": "Using only a hammer and a chisel, a man spends twenty-two years carving a road through a treacherous mountain.", "rumtime": 120, "gener": ["Adventure"]}, {"movie_name": "Ulidavaru Kandanthe\u00a0", "director": "Rakshit Shetty", "country": "India", "language": ["Kannada", "Tulu"], "poster_url": "https://www.imdb.com//title/tt3394420/mediaviewer/rm1706217216", "bio": "A journalist sets out to uncover the truth behind an incident, through the perspectives of different people, unraveling how they and their lives are intertwined with it.", "rumtime": 154, "gener": ["Crime"]}, {"movie_name": "Pizza\u00a0", "director": "Karthik Subbaraj", "country": "India", "language": ["Tamil"], "poster_url": "https://www.imdb.com//title/tt2585562/mediaviewer/rm1139885824", "bio": "A pizza delivery boy lands in a mysterious circumstance and it works a dramatic change in his life.", "rumtime": 127, "gener": ["Horror"]}, {"movie_name": "Kal Ho Naa Ho\u00a0", "director": "Nikkhil Advani", "country": "India", "language": ["Hindi", "Urdu", "Gujarati", "Punjabi"], "poster_url": "https://www.imdb.com//title/tt0347304/mediaviewer/rm3943096576", "bio": "Naina, an introverted, perpetually depressed girl's life changes when she meets Aman. But Aman has a secret of his own which changes their lives forever. Embroiled in all this is Rohit, Naina's best friend who conceals his love for her.", "rumtime": 186, "gener": ["Comedy"]}, {"movie_name": "Jab We Met\u00a0", "director": "Imtiaz Ali", "country": "India", "language": ["Gujarati", "Hindi", "Punjabi", "English"], "poster_url": "https://www.imdb.com//title/tt1093370/mediaviewer/rm2091002624", "bio": "A depressed wealthy businessman finds his life changing after he meets a spunky and care-free young woman.", "rumtime": 138, "gener": ["Comedy"]}, {"movie_name": "Vedam\u00a0", "director": "Radha Krishna Jagarlamudi", "country": "India", "language": ["Telugu"], "poster_url": "https://www.imdb.com//title/tt1649431/mediaviewer/rm1875803136", "bio": "A terrorist threat puts five people in jeopardy.", "rumtime": 135, "gener": ["Action"]}, {"movie_name": "Rangasthalam\u00a0", "director": "Sukumar", "country": "India", "language": ["Telugu"], "poster_url": "https://www.imdb.com//title/tt7392212/mediaviewer/rm3574680320", "bio": "The fear of his elder brother's death starts to haunt an innocent, hearing impaired guy after they both join forces to overthrow the unlawful 30 year long regime of their village's president.", "rumtime": 170, "gener": ["Action"]}, {"movie_name": "My Name Is Khan\u00a0", "director": "Karan Johar", "country": "India", "language": ["Hindi", "Urdu", "English"], "poster_url": "https://www.imdb.com//title/tt1188996/mediaviewer/rm396267264", "bio": "An Indian Muslim man with Asperger's syndrome takes a challenge to speak to the President of the United States seriously and embarks on a cross-country journey.", "rumtime": 165, "gener": ["Drama"]}, {"movie_name": "Padman\u00a0", "director": "R. Balki", "country": "India", "language": ["Hindi"], "poster_url": "https://www.imdb.com//title/tt7218518/mediaviewer/rm3695529984", "bio": "Upon realizing the extent to which women are affected by their menses, a man sets out to create a sanitary pad machine and to provide inexpensive sanitary pads to the women of rural India.", "rumtime": 140, "gener": ["Comedy"]}, {"movie_name": "Vaaranam Aayiram\u00a0", "director": "Gautham Vasudev Menon", "country": "India", "language": ["Tamil"], "poster_url": "https://www.imdb.com//title/tt1180583/mediaviewer/rm2546689024", "bio": "A father and son help each other through growing up, romance, tragedy, and adventure.", "rumtime": 169, "gener": ["Drama"]}, {"movie_name": "Bahubali: The Beginning\u00a0", "director": "S.S. Rajamouli", "country": "India", "language": ["Telugu", "Tamil", "Hindi", "Malayalam"], "poster_url": "https://www.imdb.com//title/tt2631186/mediaviewer/rm1023504640", "bio": "In ancient India, an adventurous and daring man becomes involved in a decades old feud between two warring people.", "rumtime": 159, "gener": ["Action"]}, {"movie_name": "Airlift\u00a0", "director": "Raja Menon", "country": "India", "language": ["Hindi", "Malayalam", "Arabic"], "poster_url": "https://www.imdb.com//title/tt4387040/mediaviewer/rm4267867648", "bio": "When Iraq invades Kuwait in August, 1990, a callous Indian businessman becomes the spokesperson for more than 170,000 stranded countrymen.", "rumtime": 130, "gener": ["Drama"]}, {"movie_name": "Dor\u00a0", "director": "Nagesh Kukunoor", "country": "India", "language": ["Hindi", "Urdu"], "poster_url": "https://www.imdb.com//title/tt0824316/mediaviewer/rm3961144064", "bio": "Two woman --different backgrounds, miles apart, and strangers to each other-- are linked by tragedy. Their new-found friendship is tested as one holds the fate of the other's husband in her hands.", "rumtime": 147, "gener": ["Drama"]}, {"movie_name": "Border\u00a0", "director": "J.P. Dutta", "country": "India", "language": ["Hindi", "English", "Punjabi", "Rajasthani"], "poster_url": "https://www.imdb.com//title/tt0118751/mediaviewer/rm3307761152", "bio": "In 1971, along the border region of Longewala, a small battalion of Indian soldiers goes up against a large Pakistani strike force.", "rumtime": 176, "gener": ["Action"]}, {"movie_name": "Lakshya\u00a0", "director": "Farhan Akhtar", "country": "India", "language": ["Hindi", "English"], "poster_url": "https://www.imdb.com//title/tt0323013/mediaviewer/rm1269585152", "bio": "An aimless, jobless, irresponsible grown man joins the army and matures into a battlefield hero.", "rumtime": 186, "gener": ["Action"]}, {"movie_name": "K.G.F: Chapter 1\u00a0", "director": "Prashanth Neel", "country": "India", "language": ["Kannada", "Chinese", "Japanese", "Tamil", "Telugu", "Hindi", "Malayalam", "English", "Korean"], "poster_url": "https://www.imdb.com//title/tt7838252/mediaviewer/rm2172810752", "bio": "In the 1970s, a fierce rebel rises against brutal oppression and becomes the symbol of hope to legions of downtrodden people.", "rumtime": 156, "gener": ["Action"]}, {"movie_name": "Baby\u00a0", "director": "Neeraj Pandey", "country": "India", "language": ["Hindi"], "poster_url": "https://www.imdb.com//title/tt3848892/mediaviewer/rm2221154816", "bio": "An elite counter-intelligence unit learns of a plot, masterminded by a maniacal madman. With the clock ticking, it's up to them to track the terrorists' international tentacles and prevent them from striking at the heart of India.", "rumtime": 159, "gener": ["Action"]}, {"movie_name": "Vettaiyaadu Vilaiyaadu\u00a0", "director": "Gautham Vasudev Menon", "country": "India", "language": ["Tamil", "Telugu", "Hindi"], "poster_url": "https://www.imdb.com//title/tt0455829/mediaviewer/rm3531492096", "bio": "A Police Officer investigates a series of brutal rapes and murders, with the culprits seeming to cover more than one country.", "rumtime": 174, "gener": ["Action"]}, {"movie_name": "Secret Superstar\u00a0", "director": "Advait Chandan", "country": "India", "language": ["Hindi"], "poster_url": "https://www.imdb.com//title/tt6108090/mediaviewer/rm1498492160", "bio": "A talented teenage singer-songwriter living amid domestic abuse becomes a YouTube sensation after a video in which she hides her identity goes viral.", "rumtime": 150, "gener": ["Drama"]}, {"movie_name": "Gangaajal\u00a0", "director": "Prakash Jha", "country": "India", "language": ["Hindi"], "poster_url": "https://www.imdb.com//title/tt0373856/mediaviewer/rm3434602752", "bio": "An IPS officer motivates and leads a dysfunctional, corrupt police force of Tezpur to fight against the corrupt politician.", "rumtime": 157, "gener": ["Action"]}, {"movie_name": "English Vinglish\u00a0", "director": "Gauri Shinde", "country": "India", "language": ["Hindi", "English", "French", "Tamil", "Telugu"], "poster_url": "https://www.imdb.com//title/tt2181931/mediaviewer/rm4039644672", "bio": "A quiet, sweet tempered housewife endures small slights from her well-educated husband and daughter every day because of her inability to speak and understand English.", "rumtime": 134, "gener": ["Comedy"]}, {"movie_name": "Ab Tak Chhappan\u00a0", "director": "Shimit Amin", "country": "India", "language": ["Hindi"], "poster_url": "https://www.imdb.com//title/tt0402014/mediaviewer/rm3904561408", "bio": "An honest encounter specialist's life begins to change with the arrival of a new police commissioner who has ties with a local don.", "rumtime": 129, "gener": ["Action"]}, {"movie_name": "Manam\u00a0", "director": "Vikram K. Kumar", "country": "India", "language": ["Telugu"], "poster_url": "https://www.imdb.com//title/tt2926068/mediaviewer/rm996515073", "bio": "Through reincarnation, family members are able to cross generations and meddle in each others' lives.", "rumtime": 163, "gener": ["Comedy"]}, {"movie_name": "Badla\u00a0", "director": "Sujoy Ghosh", "country": "India", "language": ["Hindi"], "poster_url": "https://www.imdb.com//title/tt8130968/mediaviewer/rm422669824", "bio": "A dynamic young entrepreneur finds herself locked in a hotel room with the corpse of her dead lover. She hires a prestigious lawyer to defend her and they work together to figure out what actually happened.", "rumtime": 118, "gener": ["Crime"]}, {"movie_name": "Hey Ram\u00a0", "director": "Kamal Haasan", "country": "India", "language": ["Tamil", "Hindi"], "poster_url": "https://www.imdb.com//title/tt0222012/mediaviewer/rm3472985857", "bio": "Saketh Ram's wife is raped and killed during direct action day riots in Calcutta. He is convinced that Mahatma Gandhi is responsible for all the problems happening in the country and sets out to kill him.", "rumtime": 186, "gener": ["Crime"]}, {"movie_name": "Johnny Gaddaar\u00a0", "director": "Sriram Raghavan", "country": "India", "language": ["Hindi"], "poster_url": "https://www.imdb.com//title/tt1077248/mediaviewer/rm3161120768", "bio": "Police officers recount a tale of missing money which results in lies, deceit, betrayal and death.", "rumtime": 135, "gener": ["Crime"]}, {"movie_name": "Okkadu\u00a0", "director": "Gunasekhar", "country": "India", "language": ["Telugu"], "poster_url": "https://www.imdb.com//title/tt0366840/mediaviewer/rm2342201856", "bio": "A Kabbadi player rescues a young woman from an unwanted marriage and hides her in his home.", "rumtime": 170, "gener": ["Action"]}, {"movie_name": "Dabba\u00a0", "director": "Ritesh Batra", "country": "India", "language": ["Hindi", "English"], "poster_url": "https://www.imdb.com//title/tt2350496/mediaviewer/rm2715407360", "bio": "A mistaken delivery in Mumbai's famously efficient lunchbox delivery system connects a young housewife to an older man in the dusk of his life as they build a fantasy world together through notes in the lunchbox.", "rumtime": 104, "gener": ["Drama"]}, {"movie_name": "Nayak: The Real Hero\u00a0", "director": "S. Shankar", "country": "India", "language": ["Hindi"], "poster_url": "https://www.imdb.com//title/tt0291376/mediaviewer/rm279331328", "bio": "A man accepts a challenge by the chief minister of Maharashtra to run the state for one day, and makes such a success of it that soon he is embroiled in political intrigue.", "rumtime": 187, "gener": ["Action"]}, {"movie_name": "Raazi\u00a0", "director": "Meghna Gulzar", "country": "India", "language": ["Hindi"], "poster_url": "https://www.imdb.com//title/tt7098658/mediaviewer/rm3807661568", "bio": "A Kashmiri woman agrees to marry a Pakistani army officer in order to spy on Pakistan during the Indo-Pakistan War of 1971.", "rumtime": 138, "gener": ["Action"]}, {"movie_name": "Udta Punjab\u00a0", "director": "Abhishek Chaubey", "country": "India", "language": ["Hindi", "Punjabi"], "poster_url": "https://www.imdb.com//title/tt4434004/mediaviewer/rm4017426944", "bio": "A story that revolves around drug abuse in the affluent north Indian State of Punjab and how the youth there have succumbed to it en-masse resulting in a socio-economic decline.", "rumtime": 148, "gener": ["Action"]}, {"movie_name": "Hindi Medium\u00a0", "director": "Saket Chaudhary", "country": "India", "language": ["Hindi"], "poster_url": "https://www.imdb.com//title/tt5764096/mediaviewer/rm3391247872", "bio": "A couple from Chandni Chowk aspire to give their daughter the best education and thus be a part of and accepted by the elite of Delhi.", "rumtime": 132, "gener": ["Comedy"]}, {"movie_name": "Don\u00a0", "director": "Chandra Barot", "country": "India", "language": ["Hindi"], "poster_url": "https://www.imdb.com//title/tt0077451/mediaviewer/rm92856576", "bio": "Don, a wanted criminal, dies in a police chase. DSP D'Silva is the only one who knows about his death, and to get hold of the gang he trains Don-lookalike Vijay. But Vijay faces danger from the police and from within the gang.", "rumtime": 175, "gener": ["Action"]}, {"movie_name": "Rock On!!\u00a0", "director": "Abhishek Kapoor", "country": "India", "language": ["Hindi", "English"], "poster_url": "https://www.imdb.com//title/tt1230165/mediaviewer/rm4028012288", "bio": "Four friends reunite to relive their moments of glory as a rock band.", "rumtime": 145, "gener": ["Drama"]}, {"movie_name": "Mr. India\u00a0", "director": "Shekhar Kapur", "country": "India", "language": ["Hindi"], "poster_url": "https://www.imdb.com//title/tt0093578/mediaviewer/rm1080745984", "bio": "A poor but big-hearted man takes orphans into his home. After discovering his scientist father's invisibility device, he rises to the occasion and fights to save his children and all of India from the clutches of a megalomaniac.", "rumtime": 179, "gener": ["Action"]}, {"movie_name": "Vicky Donor\u00a0", "director": "Shoojit Sircar", "country": "India", "language": ["Punjabi", "Hindi"], "poster_url": "https://www.imdb.com//title/tt2317337/mediaviewer/rm3135916032", "bio": "A man is brought in by an infertility doctor to supply him with his sperm, where he becomes the biggest sperm donor for his clinic.", "rumtime": 126, "gener": ["Comedy"]}, {"movie_name": "Stanley Ka Dabba\u00a0", "director": "Amole Gupte", "country": "India", "language": ["Hindi", "English", "Gujarati"], "poster_url": "https://www.imdb.com//title/tt1907761/mediaviewer/rm2716683520", "bio": "A school-teacher, who forces children to share their food with him, forbids one from entering the school until he brings his own Tiffin/Lunch-box.", "rumtime": 96, "gener": ["Comedy"]}, {"movie_name": "Charlie\u00a0", "director": "Martin Prakkat", "country": "India", "language": ["Malayalam"], "poster_url": "https://www.imdb.com//title/tt5082014/mediaviewer/rm3607879936", "bio": "A young, nonconforming woman named Tessa gets entangled in a cat-and-mouse chase in the by-lanes of Kerala, hunting for a mysterious artist who previously lived in her apartment.", "rumtime": 130, "gener": ["Drama"]}, {"movie_name": "Dasvidaniya\u00a0", "director": "Shashant Shah", "country": "India", "language": ["Hindi", "English", "Russian"], "poster_url": "https://www.imdb.com//title/tt1288638/mediaviewer/rm692838400", "bio": "A man who loves to make \"to-do lists\" makes one last bucket list when he realizes he is about to die.", "rumtime": 113, "gener": ["Comedy"]}, {"movie_name": "Oye Lucky! Lucky Oye!\u00a0", "director": "Dibakar Banerjee", "country": "India", "language": ["Hindi"], "poster_url": "https://www.imdb.com//title/tt1292703/mediaviewer/rm4146238464", "bio": "A burglar reflects on his life and loves; while the media speculates how he managed to pull off so many heists.", "rumtime": 125, "gener": ["Comedy"]}, {"movie_name": "Pokiri\u00a0", "director": "Puri Jagannadh", "country": "India", "language": ["Telugu"], "poster_url": "https://www.imdb.com//title/tt0816258/mediaviewer/rm368128000", "bio": "A local goon's killer instincts earn him his girlfriend's disapproval, a corrupt cop's enmity and a wanted don's attention.", "rumtime": 164, "gener": ["Action"]}, {"movie_name": "Samsara\u00a0", "director": "Pan Nalin", "country": "India", "language": ["Tibetan", "Ladakhi"], "poster_url": "https://www.imdb.com//title/tt0196069/mediaviewer/rm2192871936", "bio": "A spiritual love-story set in the majestic landscape of Ladakh, Himalayas. Samsara is a quest; one man's struggle to find spiritual Enlightenment by renouncing the world. And one woman's ...\n                    See full summary\u00a0\u00bb", "rumtime": 145, "gener": ["Adventure"]}, {"movie_name": "Guru\u00a0", "director": "Mani Ratnam", "country": "India", "language": ["Hindi"], "poster_url": "https://www.imdb.com//title/tt0499375/mediaviewer/rm489067008", "bio": "A villager, Gurukant Desai, arrives in Bombay 1958, and rises from its streets to become the GURU, the biggest tycoon in Indian history.", "rumtime": 166, "gener": ["Biography"]}, {"movie_name": "Veer-Zaara\u00a0", "director": "Yash Chopra", "country": "India", "language": ["Hindi", "Urdu", "Punjabi"], "poster_url": "https://www.imdb.com//title/tt0420332/mediaviewer/rm1957971456", "bio": "Veer-Zaara is a saga of love, separation, courage and sacrifice. A love story that is an inspiration and will remain a legend forever.", "rumtime": 192, "gener": ["Drama"]}, {"movie_name": "Mumbai Meri Jaan\u00a0", "director": "Nishikant Kamat", "country": "India", "language": ["Hindi"], "poster_url": "https://www.imdb.com//title/tt1266583/mediaviewer/rm510616576", "bio": "Five people whose lives are affected by the 2006 Mumbai train bombings.", "rumtime": 134, "gener": ["Drama"]}, {"movie_name": "Rangitaranga\u00a0", "director": "Anup Bhandari", "country": "India", "language": ["Kannada"], "poster_url": "https://www.imdb.com//title/tt4432480/mediaviewer/rm1087236096", "bio": "Mysterious events begin to unfold after a reclusive novelist and his wife move back to her ancestral village, followed by a journalist.", "rumtime": 149, "gener": ["Mystery"]}, {"movie_name": "Kapoor & Sons\u00a0", "director": "Shakun Batra", "country": "India", "language": ["Hindi"], "poster_url": "https://www.imdb.com//title/tt4900716/mediaviewer/rm1454368000", "bio": "A story revolving around a dysfunctional family of 2 brothers who visit their family and discover that their parents marriage is on the verge of collapse,the family is undergoing a financial crunch and much more as the drama unfolds.", "rumtime": 132, "gener": ["Comedy"]}, {"movie_name": "Aamir\u00a0", "director": "Raj Kumar Gupta", "country": "India", "language": ["Hindi"], "poster_url": "https://www.imdb.com//title/tt1241195/mediaviewer/rm1895516160", "bio": "A doctor of Indian origin returning to Mumbai from London is forced to participate in a terrorist plot.", "rumtime": 99, "gener": ["Crime"]}, {"movie_name": "Earth\u00a0", "director": "Deepa Mehta", "country": "India", "language": ["Hindi", "English", "Gujarati", "Punjabi", "Urdu"], "poster_url": "https://www.imdb.com//title/tt0150433/mediaviewer/rm2442283264", "bio": "It's 1947 and the borderlines between India and Pakistan are being drawn. A young girl witnesses tragedy as her ayah (nanny) is caught between the love of two men and the rising tide of political and religious violence.", "rumtime": 110, "gener": ["Drama"]}, {"movie_name": "Eega\u00a0", "director": "S.S. Rajamouli", "country": "India", "language": ["Telugu", "Tamil", "Hindi", "Malayalam", "Chinese", "Urdu", "Thai", "Japanese", "Portuguese"], "poster_url": "https://www.imdb.com//title/tt2258337/mediaviewer/rm3563363585", "bio": "A murdered man is reincarnated as a housefly and seeks to avenge his death.", "rumtime": 145, "gener": ["Action"]}, {"movie_name": "Pyaar Ka Punchnama\u00a0", "director": "Luv Ranjan", "country": "India", "language": ["Hindi", "English"], "poster_url": "https://www.imdb.com//title/tt1926313/mediaviewer/rm1074035200", "bio": "After falling in love, three room-mates experience changes in their lives.", "rumtime": 149, "gener": ["Comedy"]}, {"movie_name": "Newton\u00a0", "director": "Amit Masurkar", "country": "India", "language": ["Hindi"], "poster_url": "https://www.imdb.com//title/tt6484982/mediaviewer/rm2893037312", "bio": "A government clerk on election duty in the conflict ridden jungle of Central India tries his best to conduct free and fair voting despite the apathy of security forces and the looming fear of guerrilla attacks by communist rebels.", "rumtime": 106, "gener": ["Drama"]}, {"movie_name": "Darr\u00a0", "director": "Yash Chopra", "country": "India", "language": ["Hindi", "English"], "poster_url": "https://www.imdb.com//title/tt0109555/mediaviewer/rm2788176128", "bio": "Darr is a girl's (Kiran) story caught between one man's (Sunil) love and another man's (Rahul) obsession.", "rumtime": 178, "gener": ["Drama"]}, {"movie_name": "Madras Cafe\u00a0", "director": "Shoojit Sircar", "country": "India", "language": ["Hindi"], "poster_url": "https://www.imdb.com//title/tt2855648/mediaviewer/rm4137278208", "bio": "An Indian intelligence agent journeys to a war-torn coastal island to break a resolute rebel group and meets a passionate journalist.", "rumtime": 130, "gener": ["Action"]}, {"movie_name": "Agneepath\u00a0", "director": "Mukul Anand", "country": "India", "language": ["Hindi"], "poster_url": "https://www.imdb.com//title/tt0098999/mediaviewer/rm2181864705", "bio": "A young boy's quest for revenge leads him to become a gangster as an adult, and with each day he becomes more and more like his enemies. Can he find vengeance and redemption?", "rumtime": 174, "gener": ["Action"]}, {"movie_name": "Kabhi Haan Kabhi Naa\u00a0", "director": "Kundan Shah", "country": "India", "language": ["Hindi", "English"], "poster_url": "https://www.imdb.com//title/tt0110222/mediaviewer/rm809256448", "bio": "A dreamer falls for a girl who is in love with someone else and tries to create a rift between her and the man she loves.", "rumtime": 158, "gener": ["Comedy"]}, {"movie_name": "Neerja\u00a0", "director": "Ram Madhvani", "country": "India", "language": ["Hindi", "English"], "poster_url": "https://www.imdb.com//title/tt5286444/mediaviewer/rm353989376", "bio": "Neerja is the story of the courageous Neerja Bhanot, who sacrificed her life while protecting the lives of 359 passengers on the Pan Am flight 73 in 1986. The flight was hijacked by a terrorist organization.", "rumtime": 122, "gener": ["Biography"]}, {"movie_name": "Goodachari\u00a0", "director": "Sashi Kiran Tikka", "country": "India", "language": ["Telugu"], "poster_url": "https://www.imdb.com//title/tt7758160/mediaviewer/rm3803413248", "bio": "A young NSA agent is framed for the murder of his bosses making him realize that now his mission is darker than expected and has some personal scores to settle regarding his father's death, a former NSA agent.", "rumtime": 147, "gener": ["Action"]}, {"movie_name": "Sarkar\u00a0", "director": "Ram Gopal Varma", "country": "India", "language": ["Hindi", "Marathi"], "poster_url": "https://www.imdb.com//title/tt0432047/mediaviewer/rm2920035584", "bio": "The authority of a man, who runs a parallel government in Mumbai, is challenged. His son rises to face his enemies.", "rumtime": 124, "gener": ["Action"]}, {"movie_name": "Rockstar\u00a0", "director": "Imtiaz Ali", "country": "India", "language": ["Hindi"], "poster_url": "https://www.imdb.com//title/tt1839596/mediaviewer/rm637186816", "bio": "Janardhan Jakhar chases his dreams of becoming a big Rock star, during which he falls in love with Heer.", "rumtime": 159, "gener": ["Drama"]}, {"movie_name": "Manorama Six Feet Under\u00a0", "director": "Navdeep Singh", "country": "India", "language": ["Hindi"], "poster_url": "https://www.imdb.com//title/tt0920464/mediaviewer/rm6742016", "bio": "Satyaveer accepts money from Manorama, wife of an irrigation minister, to collect evidence against her husband for having an extra-marital affair. He accepts, unaware that he too is being deceived.", "rumtime": 137, "gener": ["Crime"]}, {"movie_name": "Bheja Fry\u00a0", "director": "Sagar Ballary", "country": "India", "language": ["Hindi"], "poster_url": "https://www.imdb.com//title/tt1014672/mediaviewer/rm2427797504", "bio": "Ranjit, who makes fun of idiots, gets completely annoyed when he invites a tax inspector and a singer to his house.", "rumtime": 95, "gener": ["Comedy"]}, {"movie_name": "Highway\u00a0", "director": "Imtiaz Ali", "country": "India", "language": ["Hindi", "English"], "poster_url": "https://www.imdb.com//title/tt2980794/mediaviewer/rm3623997696", "bio": "Right before her wedding, a young woman finds herself abducted and held for ransom. As the initial days pass, she begins to develop a strange bond with her kidnapper.", "rumtime": 133, "gener": ["Crime"]}, {"movie_name": "Sanju\u00a0", "director": "Rajkumar Hirani", "country": "India", "language": ["Hindi", "English"], "poster_url": "https://www.imdb.com//title/tt6452574/mediaviewer/rm1592282112", "bio": "Sanju is a biopic of the controversial life of actor Sanjay Dutt: his film career, jail sentence and personal life.", "rumtime": 155, "gener": ["Biography"]}, {"movie_name": "Tanu Weds Manu Returns\u00a0", "director": "Aanand L. Rai", "country": "India", "language": ["Hindi"], "poster_url": "https://www.imdb.com//title/tt2140465/mediaviewer/rm3328174848", "bio": "Tanu and Manu's marriage collapses. What happens when Manu meets Tanu's lookalike Kusum - and when Tanu returns?", "rumtime": 128, "gener": ["Comedy"]}, {"movie_name": "Kai po che!\u00a0", "director": "Abhishek Kapoor", "country": "India", "language": ["Hindi"], "poster_url": "https://www.imdb.com//title/tt2213054/mediaviewer/rm2146741504", "bio": "Three friends growing up in India at the turn of the millennium set out to open a training academy to produce the country's next cricket stars.", "rumtime": 120, "gener": ["Drama"]}, {"movie_name": "24\u00a0", "director": "Vikram K. Kumar", "country": "India", "language": ["Tamil", "Telugu"], "poster_url": "https://www.imdb.com//title/tt4981966/mediaviewer/rm929460480", "bio": "A scientist invents a time machine, which leads to a bitter battle between his evil twin brother and his son.", "rumtime": 164, "gener": ["Action"]}, {"movie_name": "Kuch Kuch Hota Hai\u00a0", "director": "Karan Johar", "country": "India", "language": ["Hindi", "Urdu", "English", "Italian"], "poster_url": "https://www.imdb.com//title/tt0172684/mediaviewer/rm38094080", "bio": "During their college years, Anjali was in love with her best-friend Rahul, but he had eyes only for Tina. Years later, Rahul and the now-deceased Tina's eight-year-old daughter attempts to reunite her father and Anjali.", "rumtime": 177, "gener": ["Comedy"]}, {"movie_name": "Baazigar\u00a0", "director": "Abbas Alibhai Burmawalla", "country": "India", "language": ["Hindi"], "poster_url": "https://www.imdb.com//title/tt0106333/mediaviewer/rm1964832000", "bio": "A young man with a vendetta against a business tycoon seduces and kills his eldest daughter and then proceeds to his younger daughter but she begins to suspect her new lover's ulterior motive.", "rumtime": 175, "gener": ["Crime"]}, {"movie_name": "The Tashkent Files\u00a0", "director": "Vivek Agnihotri", "country": "India", "language": ["Hindi"], "poster_url": "https://www.imdb.com//title/tt8108268/mediaviewer/rm1600086784", "bio": "The Tashkent Files is a thriller that revolves around the mysterious death of India's 2nd Prime Minister Shri Lal Bahadur Shastri and attempts to uncover if he had actually died a natural death, or, as alleged, was assassinated.", "rumtime": 134, "gener": ["Drama"]}, {"movie_name": "Magadheera\u00a0", "director": "S.S. Rajamouli", "country": "India", "language": ["Telugu", "Tamil", "Malayalam"], "poster_url": "https://www.imdb.com//title/tt1447500/mediaviewer/rm551961856", "bio": "A bike stuntman recalls his previous life as a warrior, and pursues his love's reincarnation. A sinister figure from their shared past threatens to separate them forever.", "rumtime": 166, "gener": ["Action"]}, {"movie_name": "Wake Up Sid\u00a0", "director": "Ayan Mukherjee", "country": "India", "language": ["Hindi", "English", "Bengali"], "poster_url": "https://www.imdb.com//title/tt1324059/mediaviewer/rm2372291072", "bio": "A spoiled young adult living in Mumbai experiences a change in his lazy ways when he meets a woman at a party, who inspires him to \"wake up\".", "rumtime": 138, "gener": ["Comedy"]}, {"movie_name": "M.S. Dhoni: The Untold Stor\u00a0", "director": "Neeraj Pandey", "country": "India", "language": ["Hindi"], "poster_url": "https://www.imdb.com//title/tt4169250/mediaviewer/rm919498752", "bio": "The untold story of Mahendra Singh Dhoni's journey from ticket collector to trophy collector - the world-cup-winning captain of the Indian Cricket Team.", "rumtime": 184, "gener": ["Biography"]}, {"movie_name": "Thuppakki\u00a0", "director": "A.R. Murugadoss", "country": "India", "language": ["Tamil", "Telugu", "Hindi"], "poster_url": "https://www.imdb.com//title/tt2187153/mediaviewer/rm764626944", "bio": "An army captain is on a mission to track down and destroy a terrorist gang and deactivate the sleeper cells under its command.", "rumtime": 165, "gener": ["Action"]}, {"movie_name": "Saala Khadoos\u00a0", "director": "Sudha Kongara", "country": "India", "language": ["Hindi", "Tamil"], "poster_url": "https://www.imdb.com//title/tt5310090/mediaviewer/rm3211397376", "bio": "The story of a former boxer who quits boxing following a fallout with the authorities over the underlying politics but goes on to coach a fisherwoman to fulfill his dream through her.", "rumtime": 109, "gener": ["Action"]}, {"movie_name": "Stree\u00a0", "director": "Amar Kaushik", "country": "India", "language": ["Hindi"], "poster_url": "https://www.imdb.com//title/tt8108202/mediaviewer/rm2443396352", "bio": "In the small town of Chanderi, the menfolk live in fear of an evil spirit named \"Stree\" who abducts men in the night. Based on the urban legend of \"Nale Ba\" that went viral in Karnataka in the 1990s.", "rumtime": 128, "gener": ["Comedy"]}, {"movie_name": "Kaththi\u00a0", "director": "A.R. Murugadoss", "country": "India", "language": ["Tamil"], "poster_url": "https://www.imdb.com//title/tt3801314/mediaviewer/rm912293376", "bio": "Jeevanandham is a social activist who fights against a monstrous MNC company to restore farming. Because of destiny, Kathiresan impersonates Jeevanandham and leads the war.", "rumtime": 166, "gener": ["Action"]}, {"movie_name": "Piku\u00a0", "director": "Shoojit Sircar", "country": "India", "language": ["Hindi", "English", "Bengali"], "poster_url": "https://www.imdb.com//title/tt3767372/mediaviewer/rm2728194304", "bio": "A quirky comedy about the relationship between a daughter and her aging father, whose eccentricities drive everyone crazy.", "rumtime": 123, "gener": ["Comedy"]}, {"movie_name": "Ek Hasina Thi\u00a0", "director": "Sriram Raghavan", "country": "India", "language": ["Hindi", "English"], "poster_url": "https://www.imdb.com//title/tt0352314/mediaviewer/rm44136704", "bio": "A woman falls for a charming and mysterious businessman. The whirlwind romance turns sour when she is framed for his underworld crimes. Now, finally out of prison she is ready for sweet revenge.", "rumtime": 120, "gener": ["Crime"]}, {"movie_name": "Delhi Belly\u00a0", "director": "Abhinay Deo", "country": "India", "language": ["English", "Hindi"], "poster_url": "https://www.imdb.com//title/tt1934231/mediaviewer/rm162417152", "bio": "Three struggling room-mates unknowingly become potential prey of a ruthless gangster.", "rumtime": 103, "gener": ["Action"]}, {"movie_name": "Jodhaa Akbar\u00a0", "director": "Ashutosh Gowariker", "country": "India", "language": ["Hindi", "Urdu"], "poster_url": "https://www.imdb.com//title/tt0449994/mediaviewer/rm533108224", "bio": "A sixteenth century love story about a marriage of alliance that gave birth to true love between a great Mughal emperor, Akbar, and a Rajput princess, Jodha.", "rumtime": 213, "gener": ["Action"]}, {"movie_name": "1 - Nenokkadine\u00a0", "director": "Sukumar", "country": "India", "language": ["Telugu"], "poster_url": "https://www.imdb.com//title/tt2375559/mediaviewer/rm3020215808", "bio": "A rock star must overcome his psychological inhibitions to seek revenge for his parents' death.", "rumtime": 170, "gener": ["Action"]}, {"movie_name": "Parmanu: The Story of Pokhran\u00a0", "director": "Abhishek Sharma", "country": "India", "language": ["Hindi"], "poster_url": "https://www.imdb.com//title/tt6826438/mediaviewer/rm1649298688", "bio": "Ashwat Raina and his teammates arrive in Pokhran to re-conduct a confidential nuclear test, where they face challenges from the American Lacrosse satellite and local spies.", "rumtime": 129, "gener": ["Action"]}, {"movie_name": "Devdas\u00a0", "director": "Sanjay Leela Bhansali", "country": "India", "language": ["Hindi", "Urdu", "Bengali"], "poster_url": "https://www.imdb.com//title/tt0238936/mediaviewer/rm3607617792", "bio": "After his wealthy family prohibits him from marrying the woman he is in love with, Devdas Mukherjee's life spirals further and further out of control as he takes up alcohol and a life of vice to numb the pain.", "rumtime": 185, "gener": ["Drama"]}, {"movie_name": "Raanjhanaa\u00a0", "director": "Aanand L. Rai", "country": "India", "language": ["Hindi", "Tamil"], "poster_url": "https://www.imdb.com//title/tt2359810/mediaviewer/rm463567104", "bio": "Kundan, the son of a Hindu pundit, discovers that his childhood sweetheart Zoya loves city-bred Akram and wants to marry him. However, he persistently seeks to win her heart.", "rumtime": 140, "gener": ["Drama"]}, {"movie_name": "Dil Se..\u00a0", "director": "Mani Ratnam", "country": "India", "language": ["Hindi", "Tamil", "Telugu", "Assamese", "Urdu"], "poster_url": "https://www.imdb.com//title/tt0164538/mediaviewer/rm3942093057", "bio": "The clash between love and ideology is portrayed in this love story between a radio executive and a beautiful revolutionary", "rumtime": 163, "gener": ["Drama"]}, {"movie_name": "Detective Byomkesh Bakshy!\u00a0", "director": "Dibakar Banerjee", "country": "India", "language": ["Hindi", "English", "Mandarin", "Japanese"], "poster_url": "https://www.imdb.com//title/tt3447364/mediaviewer/rm96685568", "bio": "While investigating the disappearance of a chemist, a detective uncovers a larger conspiracy to unsettle Calcutta.", "rumtime": 139, "gener": ["Action"]}, {"movie_name": "Rocket Singh: Salesman of the Year\u00a0", "director": "Shimit Amin", "country": "India", "language": ["Hindi"], "poster_url": "https://www.imdb.com//title/tt1434447/mediaviewer/rm1349342464", "bio": "A story of a fresh graduate trying to find a balance between the maddening demands of the 'professional' way, and the way of his heart.", "rumtime": 150, "gener": ["Comedy"]}, {"movie_name": "Trapped\u00a0", "director": "Vikramaditya Motwane", "country": "India", "language": ["Hindi"], "poster_url": "https://www.imdb.com//title/tt6206564/mediaviewer/rm1696283648", "bio": "A man struggles to survive after he unintentionally locks himself up in a high rise devoid of food, water and electricity.", "rumtime": 105, "gener": ["Action"]}, {"movie_name": "Hungama\u00a0", "director": "Priyadarshan", "country": "India", "language": ["Hindi"], "poster_url": "https://www.imdb.com//title/tt0371735/mediaviewer/rm874807553", "bio": "The story of a bunch of misfits whose misconception about each others backgrounds end up in a series of chaotic, yet comic outcomes.", "rumtime": 153, "gener": ["Comedy"]}, {"movie_name": "The Ghazi Attack\u00a0", "director": "Sankalp Reddy", "country": "India", "language": ["Hindi", "Telugu"], "poster_url": "https://www.imdb.com//title/tt6299040/mediaviewer/rm926169088", "bio": "A Pakistani submarine, Ghazi plans to secretly attack Vizag port. For doing so, it has to get past Indian submarine S21.", "rumtime": 116, "gener": ["Action"]}, {"movie_name": "Qayamat Se Qayamat Tak\u00a0", "director": "Mansoor Khan", "country": "India", "language": ["Hindi", "Urdu"], "poster_url": "https://www.imdb.com//title/tt0095936/mediaviewer/rm2561691136", "bio": "Despite knowing that their respective families are bitter enemies, Raj and Rashmi fall in love with each other and decide to elope.", "rumtime": 162, "gener": ["Drama"]}, {"movie_name": "Bhavesh Joshi Superhero\u00a0", "director": "Vikramaditya Motwane", "country": "India", "language": ["Hindi"], "poster_url": "https://www.imdb.com//title/tt6129302/mediaviewer/rm99697152", "bio": "The origin story of Bhavesh Joshi, an Indian superhero, who sets out to fulfill his slain friend's wish to clean and reform the country, by training himself to fight and wearing a mask.", "rumtime": 154, "gener": ["Action"]}, {"movie_name": "Rehnaa Hai Terre Dil Mein\u00a0", "director": "Gautham Vasudev Menon", "country": "India", "language": ["Hindi"], "poster_url": "https://www.imdb.com//title/tt0299108/mediaviewer/rm4146949120", "bio": "A young girl is torn between an obsessive lover and a mild-mannered suitor.", "rumtime": 160, "gener": ["Musical"]}, {"movie_name": "Hum Aapke Hain Koun...!\u00a0", "director": "Sooraj R. Barjatya", "country": "India", "language": ["Hindi"], "poster_url": "https://www.imdb.com//title/tt0110076/mediaviewer/rm2815836416", "bio": "Prem and Nisha meet and fall in love at the wedding of their elder siblings, but their plans to be together are put in jeopardy when Nisha's sister dies, leaving behind a baby.", "rumtime": 206, "gener": ["Comedy"]}, {"movie_name": "Ghajini\u00a0", "director": "A.R. Murugadoss", "country": "India", "language": ["Tamil"], "poster_url": "https://www.imdb.com//title/tt0449951/mediaviewer/rm2537052160", "bio": "Sanjay Ramaswamy, who is suffering from short-term memory loss, sets out on a quest to find the people who were responsible for his ladylove Kalpana's murder.", "rumtime": 175, "gener": ["Action"]}, {"movie_name": "Amar Akbar Anthony\u00a0", "director": "Manmohan Desai", "country": "India", "language": ["Hindi", "English"], "poster_url": "https://www.imdb.com//title/tt0075669/mediaviewer/rm3052833281", "bio": "Three brothers are separated and united after many years - one is brought up a Hindu, another a Muslim and the last (and most memorable) a Christian. Hilarity and adventure ensues.", "rumtime": 184, "gener": ["Action"]}, {"movie_name": "Jolly LLB\u00a0", "director": "Subhash Kapoor", "country": "India", "language": ["Hindi"], "poster_url": "https://www.imdb.com//title/tt2621000/mediaviewer/rm400905984", "bio": "A small time lawyer files a PIL in court against his own idols case.", "rumtime": 135, "gener": ["Comedy"]}, {"movie_name": "Ghilli\u00a0", "director": "Dharani", "country": "India", "language": ["Tamil"], "poster_url": "https://www.imdb.com//title/tt0422320/mediaviewer/rm3727967488", "bio": "Velu, an aspiring kabaddi player, goes to Madurai to participate in a regional match, where he rescues Dhanalakshmi from Muthupandi, a powerful man keen on marrying the girl against her will.", "rumtime": 160, "gener": ["Action"]}, {"movie_name": "Dum Laga Ke Haisha\u00a0", "director": "Sharat Katariya", "country": "India", "language": ["Hindi"], "poster_url": "https://www.imdb.com//title/tt3495030/mediaviewer/rm482561536", "bio": "Prem and his oversized wife Sandhya are supposed to spend a lifetime together. Will a regular arranged marriage turn out to be a perfect mismatch?", "rumtime": 110, "gener": ["Comedy"]}, {"movie_name": "Bareilly Ki Barfi\u00a0", "director": "Ashwiny Iyer Tiwari", "country": "India", "language": ["Hindi"], "poster_url": "https://www.imdb.com//title/tt6967980/mediaviewer/rm3498076928", "bio": "Set in the small-town of Bareilly, Bitti is a free-spirited young girl who lives life on her own terms and refuses to be pressured into getting married. Her life takes a shift when she meets Chirag Dubey and Pritam Vidrohi.", "rumtime": 116, "gener": ["Comedy"]}, {"movie_name": "Hum Dil De Chuke Sanam\u00a0", "director": "Sanjay Leela Bhansali", "country": "India", "language": ["Hindi", "English", "Hungarian"], "poster_url": "https://www.imdb.com//title/tt0150992/mediaviewer/rm452663296", "bio": "Nandini has to choose between Sameer, the man who taught her to fall in love; and Vanraj, the man from whom she learnt how to abide and fulfill promises of love.", "rumtime": 188, "gener": ["Comedy"]}, {"movie_name": "Madaari\u00a0", "director": "Nishikant Kamat", "country": "India", "language": ["Hindi"], "poster_url": "https://www.imdb.com//title/tt5713232/mediaviewer/rm2835616768", "bio": "When Nirmal loses his family in a disaster caused by government corruption, he embarks on a journey seeking accountability and revenge.", "rumtime": 133, "gener": ["Adventure"]}, {"movie_name": "Rangeela\u00a0", "director": "Ram Gopal Varma", "country": "India", "language": ["Hindi", "Tamil"], "poster_url": "https://www.imdb.com//title/tt0114234/mediaviewer/rm1242130176", "bio": "A middle class young woman, who dreams of Bollywood fame, is caught in a love triangle between her childhood friend and a famous actor.", "rumtime": 142, "gener": ["Comedy"]}, {"movie_name": "Geetha Govindam\u00a0", "director": "Parasuram", "country": "India", "language": ["Telugu"], "poster_url": "https://www.imdb.com//title/tt8590896/mediaviewer/rm394689280", "bio": "An innocent young lecturer is misunderstood as a pervert and despised by a woman who co-incidentally turns out to be the younger sister of his brother-in-law. Eventually differences subside and love blooms between them.", "rumtime": 142, "gener": ["Drama"]}, {"movie_name": "Sivaji\u00a0", "director": "S. Shankar", "country": "India", "language": ["Tamil", "Hindi", "English"], "poster_url": "https://www.imdb.com//title/tt0479751/mediaviewer/rm1788568064", "bio": "A software engineer comes to India to serve the nation and invest in nation's welfare. A few corrupt officials and politicians try to stop him while he tries to do good for the poor.", "rumtime": 188, "gener": ["Action"]}, {"movie_name": "Jaane Tu... Ya Jaane Na\u00a0", "director": "Abbas Tyrewala", "country": "India", "language": ["Hindi"], "poster_url": "https://www.imdb.com//title/tt0473367/mediaviewer/rm2403025152", "bio": "Two best friends being convinced that they are not in love search for each other's love.", "rumtime": 155, "gener": ["Comedy"]}, {"movie_name": "October\u00a0", "director": "Shoojit Sircar", "country": "India", "language": ["Hindi"], "poster_url": "https://www.imdb.com//title/tt7700730/mediaviewer/rm2957265408", "bio": "A group of interns are going through the usual grind when suddenly an accident changes their lives. The protagonist can't get let go of it and becomes obsessed with it. What does it all lead to? Is it love or something else?", "rumtime": 115, "gener": ["Drama"]}, {"movie_name": "Hichki\u00a0", "director": "Siddharth Malhotra", "country": "India", "language": ["Hindi", "English"], "poster_url": "https://www.imdb.com//title/tt6588966/mediaviewer/rm3946467584", "bio": "Hichki presents a positive and inspiring story about a woman who turns her biggest weakness into her biggest strength.", "rumtime": 116, "gener": ["Comedy"]}, {"movie_name": "Socha Na Tha\u00a0", "director": "Imtiaz Ali", "country": "India", "language": ["Hindi", "English"], "poster_url": "https://www.imdb.com//title/tt0451919/mediaviewer/rm158086400", "bio": "A boy is forced meet a girl for an arranged marriage but even though he refuses the match, they secretly become friends. As things get complicated and both get engaged to different people they realize they've fallen in love with each other.", "rumtime": 137, "gener": ["Romance"]}, {"movie_name": "Aankhen\u00a0", "director": "Vipul Amrutlal Shah", "country": "India", "language": ["Hindi"], "poster_url": "https://www.imdb.com//title/tt0306434/mediaviewer/rm4210509824", "bio": "After a temperamental man is unceremoniously stripped of his duties as a bank manager, he decides to seek revenge by robbing the bank. He trains three blind men to do this risky task for him.", "rumtime": 165, "gener": ["Comedy"]}, {"movie_name": "Mankatha\u00a0", "director": "Venkat Prabhu", "country": "India", "language": ["Tamil"], "poster_url": "https://www.imdb.com//title/tt1705772/mediaviewer/rm208038912", "bio": "A ruthless cop has to win a game in order to save an amount of INR 500 crore from a corrupt politician and a local gang.", "rumtime": 155, "gener": ["Action"]}, {"movie_name": "Peepli ", "director": "Anusha Rizvi", "country": "India", "language": ["Hindi", "English"], "poster_url": "https://www.imdb.com//title/tt1447508/mediaviewer/rm705447168", "bio": "An impoverished farmer's threat to end his life invites attention from politicians and media.", "rumtime": 95, "gener": ["Comedy"]}, {"movie_name": "Shaadi Mein Zaroor Aana\u00a0", "director": "Ratnaa Sinha", "country": "India", "language": ["Hindi"], "poster_url": "https://www.imdb.com//title/tt7469726/mediaviewer/rm1630676224", "bio": "Satyendra aka Sattu (Rajkummar Rao) and Aarti (Kriti Kharbanda) meet for a proposed arranged marriage and fall in love in the process. On the night of their marriage, an unexpected turn of ...\n                    See full summary\u00a0\u00bb", "rumtime": 137, "gener": ["Drama"]}, {"movie_name": "Badlapur\u00a0", "director": "Sriram Raghavan", "country": "India", "language": ["Hindi"], "poster_url": "https://www.imdb.com//title/tt3678782/mediaviewer/rm2105573120", "bio": "An innocent man turns brutal when his family gets killed in a bank robbery and one of the perpetrators escapes. 15 years later, he begins his deadly game of vengeance.", "rumtime": 134, "gener": ["Action"]}, {"movie_name": "Chillar Party\u00a0", "director": "Vikas Bahl", "country": "India", "language": ["Hindi", "Marathi", "English"], "poster_url": "https://www.imdb.com//title/tt1841542/mediaviewer/rm1869642240", "bio": "A gang of innocent but feisty kids who lead carefree lives in Chandan Nagar colony takes on the big bad world of politics when one of their friend's life is endangered.", "rumtime": 135, "gener": ["Comedy"]}, {"movie_name": "Karwaan\u00a0", "director": "Akarsh Khurana", "country": "India", "language": ["Hindi"], "poster_url": "https://www.imdb.com//title/tt7919680/mediaviewer/rm4035528192", "bio": "Two friends and a chirpy teenager take a road trip from Bangalore to Kochi.", "rumtime": 114, "gener": ["Comedy"]}, {"movie_name": "Baghban\u00a0", "director": "Ravi Chopra", "country": "India", "language": ["Hindi", "Awadhi"], "poster_url": "https://www.imdb.com//title/tt0337578/mediaviewer/rm2067372289", "bio": "An elderly couple wish their children to care for them in their old age. But their children see and treat them as a burden, and they must struggle to regain their worth and dignity to themselves and others.", "rumtime": 181, "gener": ["Drama"]}, {"movie_name": "Kabhi Khushi Kabhie Gham...\u00a0", "director": "Karan Johar", "country": "India", "language": ["Hindi", "English"], "poster_url": "https://www.imdb.com//title/tt0248126/mediaviewer/rm1675315968", "bio": "After marrying a poor woman, rich Rahul is disowned by his father and moves to London to build a new life. Years later, his now grown up little brother Rohan embarks on a mission to bring Rahul back home and reunite the family again.", "rumtime": 210, "gener": ["Drama"]}, {"movie_name": "Chachi 420\u00a0", "director": "Kamal Haasan", "country": "India", "language": ["Hindi"], "poster_url": "https://www.imdb.com//title/tt0233422/mediaviewer/rm1480809472", "bio": "Desperation to be with his only child forces a divorced man to take the guise of the child's nanny. Situations get really messy when the child's grandfather (the man's ex-father-in-law) falls in love with his disguised ex-son-in-law.", "rumtime": 155, "gener": ["Comedy"]}, {"movie_name": "Golmaal: Fun Unlimited\u00a0", "director": "Rohit Shetty", "country": "India", "language": ["Hindi"], "poster_url": "https://www.imdb.com//title/tt0495034/mediaviewer/rm623828992", "bio": "Four runaway crooks take shelter in a bungalow which is owned by a blind couple.", "rumtime": 150, "gener": ["Action"]}, {"movie_name": "Dear Zindagi\u00a0", "director": "Gauri Shinde", "country": "India", "language": ["Hindi"], "poster_url": "https://www.imdb.com//title/tt5946128/mediaviewer/rm2418869760", "bio": "Kaira is a budding cinematographer in search of a perfect life. Her encounter with Jug, an unconventional thinker, helps her gain a new perspective on life. She discovers that happiness is all about finding comfort in life's imperfections.", "rumtime": 151, "gener": ["Drama"]}, {"movie_name": "Guzaarish\u00a0", "director": "Sanjay Leela Bhansali", "country": "India", "language": ["Hindi", "English"], "poster_url": "https://www.imdb.com//title/tt1438298/mediaviewer/rm1990886400", "bio": "A paralyzed Magician-turned-Radio Jockey files a Petition in Court seeking permission to end his life.", "rumtime": 126, "gener": ["Drama"]}, {"movie_name": "Once Upon a Time in Mumbaai\u00a0", "director": "Milan Luthria", "country": "India", "language": ["Hindi"], "poster_url": "https://www.imdb.com//title/tt1395054/mediaviewer/rm3825878272", "bio": "A smuggler rises to power in in 1970s Mumbai, a younger gangster seeks to overthrow him and a police officer is caught in the middle.", "rumtime": 134, "gener": ["Action"]}, {"movie_name": "Khakee\u00a0", "director": "Rajkumar Santoshi", "country": "India", "language": ["Hindi", "Urdu"], "poster_url": "https://www.imdb.com//title/tt0347332/mediaviewer/rm1925860608", "bio": "A team of police force escorts an alleged terrorist from Chandangarh to Mumbai. However their trip turns into a deadly survival when an ex-cop tries to stop them to reach Mumbai.", "rumtime": 174, "gener": ["Action"]}, {"movie_name": "102 Not Out\u00a0", "director": "Umesh Shukla", "country": "India", "language": ["Hindi"], "poster_url": "https://www.imdb.com//title/tt6580564/mediaviewer/rm4152641536", "bio": "102 Not Out is a 2018 comedy-drama film, with legendary actor Amitabh Bachchan playing a 102-year-old wanting to break the oldest-man-alive record. Another Bollywood legend Rishi Kapoor plays his sad and grumpy 75-year-old son.", "rumtime": 102, "gener": ["Comedy"]}, {"movie_name": "Kaminey\u00a0", "director": "Vishal Bhardwaj", "country": "India", "language": ["Hindi", "Marathi", "Bengali", "English", "Portuguese"], "poster_url": "https://www.imdb.com//title/tt1274295/mediaviewer/rm2642118656", "bio": "The desperate lives of two estranged twin brothers converge over missing drugs, politics, racial prejudice, corrupt cops and an unplanned pregnancy.", "rumtime": 130, "gener": ["Action"]}, {"movie_name": "Life in a Metro\u00a0", "director": "Anurag Basu", "country": "India", "language": ["Hindi"], "poster_url": "https://www.imdb.com//title/tt0800956/mediaviewer/rm2580889856", "bio": "Six different stories, about nine people, each with different issues and problems, all occurring within one place: the METRO.", "rumtime": 132, "gener": ["Comedy"]}, {"movie_name": "Yuva\u00a0", "director": "Mani Ratnam", "country": "India", "language": ["Hindi", "Bengali"], "poster_url": "https://www.imdb.com//title/tt0382383/mediaviewer/rm1537635840", "bio": "Michael, Arjun and Lallan, three men from three different strata of society, cross paths one morning in Calcutta and change one another's lives forever.", "rumtime": 161, "gener": ["Action"]}, {"movie_name": "Raid\u00a0", "director": "Raj Kumar Gupta", "country": "India", "language": ["Hindi"], "poster_url": "https://www.imdb.com//title/tt7363076/mediaviewer/rm1085101568", "bio": "A fearless income tax officer raids the mansion of the most powerful man in Lucknow after someone mysteriously draws his attention towards the evidence.", "rumtime": 122, "gener": ["Action"]}, {"movie_name": "Monsoon Wedding\u00a0", "director": "Mira Nair", "country": "India", "language": ["Hindi", "English"], "poster_url": "https://www.imdb.com//title/tt0265343/mediaviewer/rm1691091712", "bio": "A stressed father, a bride-to-be with a secret, a smitten event planner, and relatives from around the world create much ado about the preparations for an arranged marriage in India.", "rumtime": 114, "gener": ["Comedy"]}, {"movie_name": "Good Newwz\u00a0", "director": "Raj Mehta", "country": "India", "language": ["Hindi", "English"], "poster_url": "https://www.imdb.com//title/tt8504014/mediaviewer/rm2069073153", "bio": "Two couples with the same surnames pursue in-vitro fertilization and wait for their upcoming babies. Trouble ensues when they find that the sperms of each couple have been mixed with each other.", "rumtime": 134, "gener": ["Comedy"]}, {"movie_name": "Raman Raghav 2.0\u00a0", "director": "Anurag Kashyap", "country": "India", "language": ["Hindi"], "poster_url": "https://www.imdb.com//title/tt5662932/mediaviewer/rm838406144", "bio": "Ramanna, a maniac murderer, finds a soulmate in Raghavan, a policeman, who inspects his murder cases. He tries to make Raghavan realize how they both are similar.", "rumtime": 133, "gener": ["Crime"]}, {"movie_name": "Khaleja\u00a0", "director": "Trivikram Srinivas", "country": "India", "language": ["Telugu", "Hindi", "English"], "poster_url": "https://www.imdb.com//title/tt1582519/mediaviewer/rm1636767232", "bio": "When a mysterious illness ravages a remote village, the villagers embrace a reluctant taxi driver as their savior.", "rumtime": 170, "gener": ["Action"]}, {"movie_name": "Ghajini\u00a0", "director": "A.R. Murugadoss", "country": "India", "language": ["Hindi", "Urdu"], "poster_url": "https://www.imdb.com//title/tt1166100/mediaviewer/rm3257294592", "bio": "A short-term memory loss patient sets out on his journey to avenge the death of his beloved girl.", "rumtime": 183, "gener": ["Action"]}, {"movie_name": "Ishqiya\u00a0", "director": "Abhishek Chaubey", "country": "India", "language": ["Hindi"], "poster_url": "https://www.imdb.com//title/tt1345777/mediaviewer/rm189352192", "bio": "While on the run from goons, a man and his nephew fall for a kidnapper's seductive widow.", "rumtime": 118, "gener": ["Comedy"]}, {"movie_name": "Page 3\u00a0", "director": "Madhur Bhandarkar", "country": "India", "language": ["Hindi", "English"], "poster_url": "https://www.imdb.com//title/tt0443708/mediaviewer/rm859865344", "bio": "A look at Mumbai's socialite party circle world through the eyes of a Page 3 journalist.", "rumtime": 139, "gener": ["Drama"]}, {"movie_name": "Lootera\u00a0", "director": "Vikramaditya Motwane", "country": "India", "language": ["Hindi"], "poster_url": "https://www.imdb.com//title/tt2224317/mediaviewer/rm3676494336", "bio": "An aristocrat's daughter falls in love with a visiting archaeologist, but he holds a secret that could drive them apart.", "rumtime": 136, "gener": ["Drama"]}, {"movie_name": "Ghulam\u00a0", "director": "Vikram Bhatt", "country": "India", "language": ["Hindi"], "poster_url": "https://www.imdb.com//title/tt0190419/mediaviewer/rm2165574144", "bio": "Jai runs errands for Ronak Singh who is a gang lord and is involved in illegal activities. Jai's brother Siddharth decides to revolt against him and Ronak after some things goes lethally awry.", "rumtime": 162, "gener": ["Action"]}]